WP_009885560.1	WP_009885559.1
WP_010869286.1	WP_009885557.1	WP_009885556.1	WP_010869287.1	WP_009885976.1	WP_010869288.1
WP_009885973.1	WP_010869289.1	WP_009885972.1
WP_010869290.1	WP_010869291.1
WP_010869294.1	WP_009885915.1
WP_009885913.1	WP_009885912.1	WP_010869296.1
WP_010869297.1	WP_009885697.1
WP_009885699.1	WP_009885700.1	WP_029329854.1
WP_010869300.1	WP_010869301.1
WP_010869302.1	WP_010869303.1	WP_010869304.1	WP_009885706.1	WP_010869305.1
WP_009885708.1	WP_009885709.1
WP_009885712.1	WP_010869307.1	WP_009885713.1	WP_010869308.1
WP_009885716.1	WP_010869309.1	WP_009885719.1
WP_009885721.1	WP_009885722.1
WP_009885723.1	WP_009885724.1
WP_010869312.1	WP_010869313.1
WP_010869314.1	WP_010869315.1
WP_009885730.1	WP_009885731.1
WP_148211297.1	WP_009885933.1	WP_010869322.1
WP_009885638.1	WP_010869323.1	WP_009885642.1	WP_010869324.1	WP_010869325.1
WP_010869326.1	WP_009885645.1	WP_009885646.1
WP_009885647.1	WP_010869327.1	WP_009885648.1	WP_009885649.1	WP_010869329.1
WP_009885655.1	WP_010869331.1	WP_009885658.1
WP_010869332.1	WP_010869333.1	WP_009885662.1
WP_010869334.1	WP_009885667.1	WP_010869335.1
WP_010869336.1	WP_009885669.1
WP_193328795.1	WP_009885673.1
WP_010869340.1	WP_009885675.1	WP_010869341.1	WP_009885677.1
WP_010869345.1	WP_009885682.1	WP_009885683.1	WP_010869346.1
WP_009885688.1	WP_009885689.1
WP_009885828.1	WP_010869352.1	WP_009885829.1
WP_009885835.1	WP_010869358.1	WP_009885836.1	WP_009885837.1	WP_009885838.1	WP_009885839.1	WP_009885840.1	WP_009885841.1	WP_009885842.1	WP_009885843.1	WP_009885844.1	WP_009885845.1	WP_009885846.1	WP_009885847.1	WP_009885848.1
WP_010869359.1	WP_010869360.1	WP_009885853.1	WP_009885854.1	WP_010869361.1	WP_009885855.1
WP_009885856.1	WP_009885857.1	WP_009885858.1	WP_009885859.1
WP_009885860.1	WP_009885861.1	WP_009885862.1	WP_010869362.1
WP_009885864.1	WP_009885865.1	WP_009885866.1	WP_009885867.1
WP_010869365.1	WP_009886002.1	WP_009886003.1
WP_010869366.1	WP_041593683.1
WP_010869368.1	WP_009885736.1	WP_009885737.1	WP_009885738.1	WP_009885739.1
WP_010869369.1	WP_009885741.1	WP_010869370.1	WP_010869371.1	WP_010869372.1
WP_010869373.1	WP_193328797.1
WP_009885745.1	WP_009885746.1	WP_009885747.1
WP_009885748.1	WP_009885749.1
WP_009885750.1	WP_009885751.1	WP_009885752.1
WP_010869374.1	WP_009885754.1
WP_010869375.1	WP_009885755.1
WP_010869380.1	WP_009885760.1	WP_010869381.1	WP_010869382.1
WP_010869385.1	WP_009885765.1
WP_009885766.1	WP_010869386.1	WP_009885768.1
WP_009885769.1	WP_009885770.1	WP_009885771.1
WP_009885775.1	WP_009885776.1
WP_010869388.1	WP_010869389.1
WP_014894004.1	WP_010869390.1	WP_009885782.1	WP_010869391.1
WP_009885786.1	WP_009885787.1	WP_009885788.1
WP_010869392.1	WP_010869393.1	WP_014894005.1	WP_009885791.1
WP_010869396.1	WP_010869397.1
WP_009885793.1	WP_009885794.1
WP_010869399.1	WP_010869400.1
WP_009885894.1	WP_009885895.1
WP_009885896.1	WP_010869401.1
WP_009885903.1	WP_009885904.1	WP_009885905.1	WP_009885906.1
WP_010869402.1	WP_010869403.1
WP_010869404.1	WP_009885910.1	WP_010869405.1	WP_009885993.1
WP_009885995.1	WP_010869406.1	WP_010869407.1	WP_010869408.1	WP_009885999.1	WP_318023844.1
WP_009885873.1	WP_010869409.1	WP_010869410.1
WP_010869411.1	WP_010869412.1
WP_009885877.1	WP_010869416.1
WP_010869417.1	WP_009885879.1
WP_010869418.1	WP_010869419.1	WP_009885882.1
WP_010869420.1	WP_010869421.1	WP_010869422.1	WP_010869423.1
WP_009885988.1	WP_009885989.1	WP_009885990.1
WP_010869429.1	WP_010869430.1	WP_009885956.1
WP_009885959.1	WP_009885960.1	WP_009885961.1
WP_009885980.1	WP_010869435.1
WP_010869436.1	WP_009885985.1	WP_009885986.1
WP_010869437.1	WP_010869438.1
WP_010869439.1	WP_010869440.1	WP_009885968.1
WP_009885969.1	WP_009885970.1
WP_010869441.1	WP_009885798.1	WP_009885799.1
WP_010869442.1	WP_009885800.1	WP_010869443.1
WP_009885804.1	WP_009885805.1
WP_009885807.1	WP_010869445.1
WP_009885809.1	WP_009885810.1
WP_010869446.1	WP_009885813.1
WP_014894048.1	WP_009885815.1	WP_010869447.1	WP_009885816.1
WP_009885818.1	WP_009885819.1	WP_009885820.1
WP_010869449.1	WP_010869450.1	WP_010869451.1
WP_009885824.1	WP_010869453.1	WP_010869454.1	WP_010869455.1
WP_010869457.1	WP_009885939.1	WP_009885940.1	WP_009885941.1
WP_010869458.1	WP_009885942.1	WP_010869459.1	WP_009885943.1
WP_009885944.1	WP_009885945.1
WP_010869462.1	WP_009885634.1	WP_009885633.1
WP_009885631.1	WP_010869464.1
WP_010869467.1	WP_041361274.1	WP_009885623.1	WP_009885622.1	WP_009885621.1	WP_009885620.1	WP_009885619.1	WP_009885618.1
WP_009885614.1	WP_009885613.1	WP_010869471.1	WP_010869472.1
WP_010869475.1	WP_010869476.1
WP_010869478.1	WP_010869479.1	WP_009885608.1
WP_009885607.1	WP_009885606.1	WP_009885605.1	WP_009885604.1
WP_010869480.1	WP_009885603.1	WP_009885602.1	WP_009885601.1
WP_009885600.1	WP_009885599.1	WP_010869481.1	WP_009885597.1
WP_010869484.1	WP_010869485.1	WP_009885588.1
WP_193328793.1	WP_009885581.1
WP_009885575.1	WP_009885573.1	WP_009885572.1
WP_010869490.1	WP_009885569.1	WP_009885568.1	WP_009885567.1
WP_009885566.1	WP_009885565.1	WP_010869492.1
WP_009885564.1	WP_009885563.1
