WP_001886301.1	WP_000957257.1	WP_000044781.1
WP_000593852.1	WP_000505205.1	WP_000683500.1
WP_000099214.1	WP_000673176.1	WP_001884355.1	WP_000070020.1
WP_000934723.1	WP_001261062.1
WP_001200164.1	WP_001040221.1	WP_001174901.1
WP_000114370.1	WP_000958000.1
WP_000481249.1	WP_000524712.1	WP_001127457.1	WP_000201999.1
WP_001190200.1	WP_000145255.1
WP_000521788.1	WP_000881907.1
WP_000732279.1	WP_000189620.1	WP_000076153.1	WP_000649654.1
WP_000008126.1	WP_000072082.1
WP_000933527.1	WP_000691366.1	WP_001102807.1	WP_000083540.1	WP_000115010.1
WP_000113383.1	WP_000654772.1	WP_000979769.1	WP_000087525.1
WP_001265400.1	WP_000215768.1
WP_001911770.1	WP_000443976.1	WP_000168154.1	WP_001076442.1
WP_000071109.1	WP_000251961.1	WP_000954515.1	WP_000158355.1	WP_000912209.1	WP_000008477.1
WP_000067249.1	WP_001165357.1
WP_001140085.1	WP_000060371.1
WP_001911260.1	WP_000908213.1	WP_001129197.1
WP_000262779.1	WP_000121736.1
WP_000951035.1	WP_000623073.1	WP_000047956.1
WP_000132703.1	WP_001918068.1	WP_000801143.1
WP_000508969.1	WP_000459621.1	WP_000099888.1	WP_000869721.1
WP_000052731.1	WP_001216401.1	WP_000803693.1
WP_000127681.1	WP_001072873.1
WP_000523648.1	WP_000550456.1	WP_000349528.1	WP_000567380.1
WP_000116550.1	WP_000908387.1
WP_000731839.1	WP_000549852.1	WP_000091428.1	WP_001013982.1	WP_000100645.1
WP_000620221.1	WP_000183814.1	WP_000217494.1	WP_000141022.1
WP_001884298.1	WP_000384387.1
WP_000545404.1	WP_000084657.1	WP_000786732.1	WP_000899908.1	WP_000495585.1
WP_000990418.1	WP_001884305.1	WP_000213463.1	WP_001067680.1
WP_000351233.1	WP_000288841.1
WP_000224703.1	WP_001117042.1
WP_001289435.1	WP_000479993.1	WP_000062274.1
WP_000645840.1	WP_001189766.1
WP_000136719.1	WP_000617864.1	WP_000279340.1	WP_000184359.1
WP_000838364.1	WP_000085813.1
WP_001884322.1	WP_001022809.1
WP_000458935.1	WP_001212849.1	WP_000759349.1	WP_001290345.1
WP_000367640.1	WP_001900488.1
WP_000855615.1	WP_000490820.1	WP_001277181.1
WP_001043644.1	WP_001259595.1
WP_001125591.1	WP_001133548.1	WP_001901330.1	WP_001884104.1	WP_001286069.1
WP_000047043.1	WP_000188056.1	WP_000222725.1	WP_000259157.1
WP_000190696.1	WP_000954212.1
WP_000070205.1	WP_000566897.1
WP_001004599.1	WP_000381934.1	WP_001104638.1	WP_001889839.1
WP_001918120.1	WP_000807263.1	WP_001235441.1
WP_000487053.1	WP_000335750.1	WP_000115021.1
WP_000687190.1	WP_001074155.1
WP_000440285.1	WP_000640567.1
WP_001247175.1	WP_001884129.1
WP_001283385.1	WP_000076197.1	WP_000918350.1
WP_000053959.1	WP_000091952.1	WP_001051801.1
WP_001266257.1	WP_001114647.1
WP_000042983.1	WP_001173306.1
WP_000616620.1	WP_000895771.1
WP_000590014.1	WP_000635457.1	WP_000478646.1
WP_001023767.1	WP_000587795.1
WP_001894734.1	WP_000661577.1	WP_001036868.1	WP_000613529.1
WP_000136692.1	WP_001894739.1	WP_001899972.1
WP_000027964.1	WP_000117645.1	WP_000916246.1	WP_001144972.1	WP_000016342.1
WP_000865953.1	WP_000494952.1
WP_000433078.1	WP_000236728.1	WP_000454280.1
WP_000894643.1	WP_000894086.1	WP_001058664.1
WP_000941132.1	WP_001090275.1	WP_000904774.1
WP_001044507.1	WP_000813298.1
WP_001197681.1	WP_001057885.1	WP_000514448.1
WP_000486335.1	WP_000579124.1	WP_000097429.1	WP_001019827.1
WP_000205004.1	WP_001884188.1	WP_000151469.1	WP_000371412.1
WP_000919108.1	WP_000581733.1
WP_000462885.1	WP_001905559.1	WP_001145803.1
WP_000884888.1	WP_000354613.1	WP_000125573.1
WP_001104320.1	WP_001112968.1
WP_000494988.1	WP_001163252.1
WP_000076046.1	WP_000750771.1
WP_001280783.1	WP_001054524.1
WP_001183929.1	WP_001009479.1
WP_000222789.1	WP_000586597.1
WP_000561723.1	WP_000889215.1
WP_000157740.1	WP_000658158.1
WP_000646629.1	WP_001287510.1	WP_001085796.1	WP_001096669.1
WP_001207198.1	WP_000028973.1
WP_000263118.1	WP_000653994.1
WP_000415644.1	WP_000137608.1
WP_001920521.1	WP_000384299.1
WP_000127369.1	WP_001884428.1
WP_001135823.1	WP_000357921.1	WP_000162647.1
WP_001085088.1	WP_000935815.1	WP_000155485.1	WP_000192300.1
WP_001051872.1	WP_000460377.1	WP_000312460.1	WP_001228766.1	WP_000084201.1
WP_001890311.1	WP_001905483.1
WP_000140991.1	WP_000803703.1	WP_001044900.1	WP_000902450.1
WP_000201237.1	WP_001138050.1	WP_000101803.1	WP_000031644.1
WP_001884452.1	WP_000675497.1
WP_001216668.1	WP_000184782.1	WP_000090471.1	WP_001196054.1
WP_000774910.1	WP_001913997.1
WP_000916643.1	WP_000004732.1
WP_001200951.1	WP_000245564.1
WP_001918194.1	WP_000154955.1	WP_000103469.1	WP_001275671.1	WP_001133791.1
WP_000212615.1	WP_000357696.1	WP_001920788.1	WP_001188316.1
WP_000743253.1	WP_000835144.1	WP_000252812.1	WP_001227124.1	WP_000281360.1
WP_001122154.1	WP_000190444.1	WP_000689647.1	WP_000738708.1	WP_000828585.1	WP_000691266.1	WP_001144509.1	WP_000086312.1	WP_000964762.1
WP_000473772.1	WP_000802448.1	WP_000952871.1
WP_001189984.1	WP_000178532.1
WP_000019331.1	WP_001177221.1
WP_000753231.1	WP_000276487.1	WP_000195227.1	WP_000056631.1
WP_000861563.1	WP_000358606.1
WP_000271393.1	WP_000940599.1	WP_000673586.1
WP_000444259.1	WP_000954087.1	WP_000973535.1
WP_000035032.1	WP_000383338.1
WP_000095773.1	WP_000780524.1	WP_001277601.1
WP_000769920.1	WP_001230176.1	WP_000124738.1	WP_001890075.1
WP_000005584.1	WP_000805043.1
WP_000957351.1	WP_000725019.1	WP_001233674.1
WP_000718491.1	WP_001087263.1
WP_000437941.1	WP_001256653.1
WP_000350195.1	WP_000422572.1
WP_001123226.1	WP_001088155.1
WP_000091869.1	WP_001054768.1	WP_000593313.1	WP_001222501.1
WP_000251279.1	WP_000985180.1
WP_000946626.1	WP_000111267.1	WP_000034368.1	WP_000896747.1
WP_001214483.1	WP_000764703.1
WP_001906605.1	WP_000334125.1
WP_000953509.1	WP_000466016.1	WP_000917213.1	WP_000654528.1
WP_000042053.1	WP_000149629.1
WP_001883316.1	WP_001211742.1	WP_000122383.1
WP_000042161.1	WP_306461095.1
WP_000749780.1	WP_000176666.1
WP_000041081.1	WP_000572493.1	WP_001068477.1
WP_001230753.1	WP_000488418.1	WP_001100519.1	WP_000376814.1
WP_001129562.1	WP_000372618.1	WP_001173892.1	WP_001145625.1
WP_000361954.1	WP_000627006.1
WP_001263189.1	WP_001061951.1	WP_000619209.1	WP_000129752.1
WP_000698379.1	WP_000002982.1	WP_000177568.1	WP_000116737.1
WP_001894770.1	WP_001279365.1
WP_001079835.1	WP_000531810.1	WP_000951362.1	WP_000027776.1
WP_000344160.1	WP_000006855.1
WP_000481017.1	WP_001883372.1	WP_000906485.1
WP_000148780.1	WP_000042727.1	WP_000348847.1
WP_000032608.1	WP_001130227.1
WP_000340990.1	WP_000369278.1
WP_000462720.1	WP_000256449.1	WP_000061906.1	WP_000270017.1	WP_000065250.1
WP_000911599.1	WP_000743130.1	WP_001145863.1
WP_000847599.1	WP_000829823.1
WP_000063600.1	WP_001148353.1
WP_000758871.1	WP_000257304.1	WP_000351014.1
WP_000836326.1	WP_000887295.1	WP_001893625.1	WP_001015481.1
WP_000131542.1	WP_000683351.1
WP_000484911.1	WP_000271063.1	WP_000284384.1
WP_001195750.1	WP_000724415.1
WP_000978983.1	WP_001062037.1
WP_000140367.1	WP_000545814.1
WP_000074767.1	WP_000197283.1
WP_000393917.1	WP_000767166.1
WP_000735498.1	WP_000660927.1	WP_001277486.1
WP_000589191.1	WP_000873677.1
WP_000122112.1	WP_001110418.1	WP_000925616.1
WP_000042558.1	WP_000211039.1	WP_000646270.1	WP_000540337.1
WP_000005741.1	WP_000484214.1	WP_000494544.1
WP_000898882.1	WP_001044323.1
WP_000043220.1	WP_001107450.1	WP_000913082.1	WP_001281065.1
WP_000031601.1	WP_000192207.1
WP_001123656.1	WP_000124044.1
WP_000055654.1	WP_000462070.1
WP_000887847.1	WP_000981941.1
WP_000872504.1	WP_000421327.1	WP_001111412.1
WP_000932672.1	WP_000908540.1	WP_000953212.1	WP_000214238.1
WP_000597951.1	WP_000856169.1
WP_010895430.1	WP_010895430.1	WP_000128764.1
WP_000107102.1	WP_001249919.1
WP_001200442.1	WP_000801221.1
WP_001911254.1	WP_000952226.1
WP_001019422.1	WP_001135560.1	WP_001250353.1
WP_000018876.1	WP_001053149.1
WP_001911253.1	WP_000420406.1	WP_000006088.1	WP_000071968.1
WP_001068088.1	WP_001883831.1
WP_001883835.1	WP_000544193.1
WP_000180252.1	WP_000840717.1
WP_000947378.1	WP_000364257.1
WP_000747937.1	WP_000257629.1
WP_000570783.1	WP_000852865.1
WP_000197615.1	WP_000250616.1
WP_001911251.1	WP_000773112.1	WP_000595738.1
WP_000130282.1	WP_000700176.1	WP_000877198.1
WP_000941107.1	WP_000602844.1
WP_001235051.1	WP_001120309.1	WP_001070278.1
WP_001196281.1	WP_000211023.1	WP_000264267.1
WP_000091117.1	WP_000230247.1	WP_000952782.1
WP_000214489.1	WP_001271572.1
WP_000252168.1	WP_000935851.1	WP_000286625.1	WP_001159461.1
WP_001086042.1	WP_000877206.1	WP_000244647.1
WP_001045922.1	WP_000026564.1	WP_000176892.1
WP_001198115.1	WP_000768200.1	WP_000053137.1	WP_001880549.1	WP_000486403.1
WP_000775253.1	WP_000331703.1	WP_000301571.1
WP_001105747.1	WP_001196560.1
WP_001163464.1	WP_001140461.1
WP_000424767.1	WP_000732723.1	WP_000249403.1
WP_000944163.1	WP_000164597.1	WP_000475486.1
WP_000104914.1	WP_000997093.1
WP_000205544.1	WP_000245175.1
WP_000789212.1	WP_001880579.1	WP_000447980.1	WP_000379797.1	WP_000874996.1
WP_001190518.1	WP_000453458.1
WP_000920410.1	WP_000468221.1	WP_000961035.1
WP_000970287.1	WP_000703393.1
WP_000427751.1	WP_000483003.1	WP_001003394.1
WP_000684015.1	WP_000164142.1	WP_000026596.1	WP_000018088.1	WP_000154857.1
WP_001139117.1	WP_001077909.1
WP_001283872.1	WP_000109982.1	WP_000804849.1	WP_000392003.1
WP_001880619.1	WP_001232137.1	WP_000218964.1
WP_001176374.1	WP_001234004.1	WP_000742753.1	WP_000750979.1
WP_000020697.1	WP_000691946.1
WP_000287237.1	WP_001880634.1
WP_001107728.1	WP_000162689.1
WP_000815876.1	WP_001918351.1
WP_001160907.1	WP_000879555.1	WP_000742830.1
WP_000516147.1	WP_000043914.1
WP_000554595.1	WP_001185560.1	WP_000617160.1	WP_001244867.1
WP_000070418.1	WP_001276447.1
WP_000946180.1	WP_000187388.1
WP_000533381.1	WP_001221777.1	WP_000503164.1
WP_001046693.1	WP_000870111.1	WP_000364592.1
WP_001260664.1	WP_000283242.1
WP_000643440.1	WP_000866542.1	WP_000098861.1
WP_000708225.1	WP_000956112.1
WP_000578705.1	WP_000379749.1
WP_001160170.1	WP_000890132.1
WP_000171170.1	WP_000568619.1	WP_000157114.1
WP_001922974.1	WP_000340821.1	WP_000668918.1
WP_000052130.1	WP_000586702.1	WP_000538437.1	WP_001211755.1	WP_000049898.1
WP_000194668.1	WP_000289658.1
WP_000672706.1	WP_000009571.1	WP_000569878.1
WP_000034055.1	WP_000099341.1
WP_001039257.1	WP_000266715.1
WP_000756756.1	WP_000482531.1
WP_000034987.1	WP_000562056.1	WP_000004104.1
WP_000266826.1	WP_000495305.1	WP_001909517.1	WP_000843487.1	WP_001245630.1
WP_000433346.1	WP_000978825.1	WP_000147064.1	WP_001918377.1
WP_000042591.1	WP_000431344.1	WP_000932180.1
WP_000781440.1	WP_000945987.1	WP_000701620.1	WP_001161137.1
WP_001223841.1	WP_001246443.1	WP_001157864.1
WP_001001301.1	WP_000021208.1	WP_000066204.1	WP_000038553.1
WP_000522238.1	WP_000623159.1	WP_000273061.1
WP_000036918.1	WP_001167408.1
WP_001157059.1	WP_001286040.1	WP_000359808.1
WP_000229931.1	WP_000963390.1	WP_001147250.1	WP_000167389.1	WP_001221396.1
WP_001030451.1	WP_001181145.1	WP_000018139.1
WP_001889892.1	WP_001220222.1	WP_001059263.1
WP_000337015.1	WP_000364240.1
WP_001013120.1	WP_000271133.1
WP_001023164.1	WP_001287115.1
WP_002028073.1	WP_001216995.1
WP_000118593.1	WP_000192375.1	WP_000157056.1
WP_001104251.1	WP_000334233.1
WP_001880817.1	WP_000130223.1	WP_001938608.1
WP_001005002.1	WP_000954368.1	WP_000863730.1	WP_000949723.1	WP_000104488.1	WP_000141550.1
WP_001888250.1	WP_001209531.1
WP_000068572.1	WP_000509705.1	WP_000080915.1	WP_000598590.1	WP_000350081.1
WP_000377741.1	WP_000337457.1	WP_000169476.1
WP_000498217.1	WP_001262543.1
WP_001918402.1	WP_001293736.1	WP_000732543.1
WP_000856207.1	WP_001061938.1	WP_000343824.1	WP_000375853.1
WP_000517921.1	WP_000369794.1	WP_000387679.1
WP_001911483.1	WP_001880857.1
WP_000120801.1	WP_000467102.1	WP_001260579.1
WP_000936745.1	WP_000985827.1	WP_000149585.1	WP_000952193.1
WP_001286335.1	WP_001132585.1
WP_000438236.1	WP_000215322.1
WP_001007798.1	WP_000029435.1
WP_001130104.1	WP_000227833.1	WP_001191578.1
WP_000027790.1	WP_001268833.1
WP_000277613.1	WP_001880879.1	WP_000956294.1	WP_000054406.1	WP_000110064.1
WP_000091710.1	WP_000041130.1
WP_001201234.1	WP_001272063.1	WP_000620368.1
WP_001109759.1	WP_001045827.1	WP_000073975.1	WP_000887349.1
WP_000453785.1	WP_000175226.1	WP_000063017.1	WP_001243139.1
WP_000383061.1	WP_000127634.1	WP_000684176.1	WP_001145047.1	WP_000935148.1
WP_000423489.1	WP_001262240.1	WP_000109998.1
WP_001194704.1	WP_001261310.1	WP_000412891.1	WP_000043567.1	WP_000193249.1	WP_000586511.1	WP_000880146.1	WP_001067502.1
WP_000041728.1	WP_000932415.1
WP_001018084.1	WP_000498418.1
WP_001093848.1	WP_000253201.1	WP_000826868.1	WP_000948497.1
WP_001232641.1	WP_001031964.1
WP_000835928.1	WP_000400868.1
WP_000506955.1	WP_000202050.1	WP_000476327.1
WP_000481534.1	WP_001068374.1	WP_010895438.1
WP_001256500.1	WP_001880948.1
WP_001083161.1	WP_001096418.1	WP_000003291.1	WP_001193364.1
WP_001217214.1	WP_000077260.1	WP_001291245.1
WP_001205201.1	WP_000358468.1	WP_000073137.1
WP_000946299.1	WP_001212916.1	WP_000866466.1
WP_000536855.1	WP_001175901.1	WP_001058123.1
WP_000050052.1	WP_000903293.1
WP_000360767.1	WP_000742113.1
WP_000937690.1	WP_000792733.1	WP_000554395.1
WP_000480152.1	WP_000902906.1	WP_000194594.1
WP_001069038.1	WP_000995897.1
WP_000818869.1	WP_001123591.1
WP_000174734.1	WP_000948258.1
WP_001890391.1	WP_000107095.1	WP_001211977.1
WP_001164219.1	WP_000672448.1	WP_001229260.1
WP_000468082.1	WP_000462872.1
WP_000266245.1	WP_001881007.1
WP_000935885.1	WP_000887084.1	WP_000718969.1	WP_000215857.1	WP_000619460.1
WP_000345511.1	WP_000621843.1
WP_001177584.1	WP_000041073.1	WP_000915500.1	WP_001089203.1
WP_000912227.1	WP_000486262.1
WP_000718943.1	WP_000331860.1	WP_001075912.1	WP_000146463.1
WP_001281169.1	WP_000085170.1
WP_001101424.1	WP_000842701.1	WP_000754484.1	WP_000255626.1
WP_000842383.1	WP_001195150.1
WP_001918468.1	WP_001257143.1	WP_000579489.1
WP_001128510.1	WP_000360438.1
WP_000722179.1	WP_000780651.1	WP_000434480.1	WP_000089165.1
WP_001918470.1	WP_000621906.1
WP_000460392.1	WP_000338507.1	WP_000462147.1	WP_000799132.1
WP_000220370.1	WP_001088888.1
WP_000626426.1	WP_001098618.1
WP_001179676.1	WP_001063909.1
WP_000216113.1	WP_001137099.1
WP_001888682.1	WP_001013815.1	WP_000121059.1
WP_001142129.1	WP_000545503.1	WP_000478912.1
WP_001918476.1	WP_000067024.1	WP_000413402.1
WP_001069570.1	WP_000717059.1
WP_001252949.1	WP_000070850.1
WP_000221701.1	WP_000599452.1
WP_001881084.1	WP_001909557.1	WP_000340252.1	WP_000859515.1	WP_000919944.1
WP_000883967.1	WP_001281725.1	WP_000911050.1
WP_000842740.1	WP_000059217.1	WP_001271319.1	WP_001087436.1	WP_001006394.1
WP_001277375.1	WP_001284194.1	WP_001887271.1
WP_000969495.1	WP_000549756.1	WP_000762010.1	WP_000052757.1
WP_000895407.1	WP_001095848.1	WP_000193736.1	WP_000190761.1	WP_000805343.1	WP_001284567.1
WP_000461675.1	WP_000710446.1
WP_000498504.1	WP_001881132.1	WP_000610805.1
WP_000098113.1	WP_000425792.1	WP_001017942.1
WP_001108807.1	WP_001911535.1
WP_000483464.1	WP_000647617.1
WP_000204542.1	WP_000751961.1
WP_000469664.1	WP_000169395.1
WP_000545341.1	WP_000411504.1	WP_000312387.1
WP_001178898.1	WP_000757478.1	WP_001002908.1	WP_000974695.1
WP_000870878.1	WP_001117417.1	WP_000010608.1
WP_000798631.1	WP_001087672.1	WP_000019055.1
WP_000057937.1	WP_000991038.1
WP_001142947.1	WP_000212116.1	WP_000413970.1	WP_000376836.1
WP_000771534.1	WP_000733292.1
WP_000251901.1	WP_001032893.1
WP_000731892.1	WP_000533748.1	WP_001911544.1	WP_001881184.1
WP_001058049.1	WP_000549542.1	WP_000837775.1
WP_000445305.1	WP_000361687.1	WP_000240593.1
WP_000206863.1	WP_000351115.1	WP_000097777.1	WP_000076726.1
WP_000718618.1	WP_000377954.1	WP_000376700.1
WP_001097339.1	WP_001092347.1	WP_149591715.1
WP_001906284.1	WP_001881196.1	WP_000517827.1
WP_000053920.1	WP_001911551.1
WP_000593522.1	WP_001881225.1	WP_000021616.1	WP_000979342.1	WP_001268534.1	WP_000493022.1	WP_001911548.1
WP_000170634.1	WP_001161489.1	WP_001052672.1	WP_000512956.1	WP_001881266.1
WP_001161489.1	WP_001052672.1	WP_000512956.1	WP_001881266.1
WP_000005769.1	WP_156991674.1	WP_156991674.1
WP_000948761.1	WP_001918575.1	WP_000877146.1
WP_000194430.1	WP_001180252.1
WP_000966885.1	WP_000126926.1
WP_000650135.1	WP_000432038.1
WP_000220810.1	WP_000204604.1	WP_000076860.1
WP_000608142.1	WP_000950840.1
WP_001128805.1	WP_001138886.1
WP_001249729.1	WP_000113430.1
WP_000711979.1	WP_001894276.1	WP_000933836.1	WP_000179983.1	WP_000139761.1
WP_000625976.1	WP_000645087.1	WP_000075518.1
WP_000753826.1	WP_000061034.1	WP_000152997.1	WP_000633519.1	WP_000561940.1
WP_001913023.1	WP_001918583.1
WP_000291349.1	WP_001900033.1
WP_000003105.1	WP_000958712.1
WP_000267456.1	WP_001243592.1	WP_000555132.1	WP_001240016.1
WP_000533089.1	WP_001236425.1	WP_001083290.1	WP_000172871.1	WP_001881338.1
WP_001045558.1	WP_001189753.1	WP_000841542.1	WP_000794717.1	WP_000173767.1
WP_000469788.1	WP_000152368.1
WP_000201196.1	WP_001129881.1
WP_000778180.1	WP_001032337.1	WP_001238023.1	WP_001881356.1	WP_000839105.1
WP_000984106.1	WP_000887578.1
WP_000431625.1	WP_000196504.1
WP_001881365.1	WP_000806242.1	WP_001146752.1	WP_001216246.1
WP_001292956.1	WP_000993484.1
WP_001071442.1	WP_001918594.1	WP_000551119.1
WP_001068896.1	WP_001191535.1	WP_001214790.1
WP_001015557.1	WP_000562504.1
WP_000992616.1	WP_001292299.1	WP_001292387.1
WP_000950475.1	WP_000340058.1
WP_001223047.1	WP_000070389.1
WP_000857631.1	WP_000262309.1
WP_000865460.1	WP_000859627.1	WP_000679637.1	WP_000171814.1
WP_001122740.1	WP_000799875.1
WP_001217303.1	WP_001095833.1	WP_000553153.1
WP_000571083.1	WP_000102804.1	WP_001911385.1	WP_000023794.1
WP_000910117.1	WP_000025713.1
WP_001252425.1	WP_000964610.1	WP_000939696.1
WP_000024969.1	WP_001276805.1	WP_001234872.1
WP_001165432.1	WP_000699609.1	WP_001121900.1	WP_000667185.1
WP_000547542.1	WP_001143309.1
WP_001908182.1	WP_000549490.1
WP_001007815.1	WP_000470863.1
WP_000290511.1	WP_001889583.1	WP_001894251.1
WP_000655346.1	WP_000616206.1	WP_001286637.1	WP_001086615.1
WP_000738534.1	WP_000946515.1	WP_000577794.1	WP_000887115.1
WP_000459686.1	WP_014164074.1
WP_000362111.1	WP_001288985.1
WP_001881458.1	WP_000003251.1	WP_000691879.1	WP_001044382.1
WP_000043976.1	WP_000093876.1	WP_000511045.1
WP_001187701.1	WP_000173177.1	WP_000498495.1	WP_000947601.1	WP_001128845.1	WP_001275033.1
WP_000070233.1	WP_000604834.1
WP_001018812.1	WP_000838511.1	WP_001286267.1
WP_000811598.1	WP_001077272.1	WP_000270410.1
WP_000366101.1	WP_000967009.1
WP_000572788.1	WP_000099368.1	WP_001288886.1	WP_000133900.1
WP_000983166.1	WP_000201014.1
WP_000097999.1	WP_000434699.1	WP_000929348.1	WP_000520431.1
WP_001029434.1	WP_000093315.1	WP_001040192.1
WP_000096995.1	WP_001208101.1	WP_001881528.1
WP_000909262.1	WP_001259524.1
WP_000938025.1	WP_000777169.1
WP_000603461.1	WP_000856384.1	WP_001211065.1
WP_000359394.1	WP_001278820.1	WP_000805968.1
WP_001069849.1	WP_000350250.1
WP_001252511.1	WP_000132365.1
WP_000502257.1	WP_000301909.1	WP_000592366.1	WP_000350101.1	WP_000258536.1
WP_001008007.1	WP_001056548.1
WP_001052933.1	WP_000736956.1	WP_000233105.1	WP_001889698.1	WP_000849284.1
WP_001889711.1	WP_001259414.1	WP_001185226.1
WP_000213836.1	WP_086010879.1	WP_086010879.1	WP_001909624.1	WP_000290080.1	WP_000401420.1
WP_000879671.1	WP_001059182.1	WP_001064711.1
WP_001094671.1	WP_000992438.1	WP_001278803.1
WP_000444114.1	WP_000895452.1
WP_001900517.1	WP_000065402.1	WP_000858600.1
WP_071908289.1	WP_001881569.1
WP_000410960.1	WP_001039504.1
WP_000037642.1	WP_001028258.1
WP_001076091.1	WP_001176923.1
WP_000638580.1	WP_000627275.1	WP_000105924.1
WP_000706152.1	WP_000972038.1
WP_000609957.1	WP_000192148.1
WP_000647492.1	WP_001007835.1
WP_001176628.1	WP_001932512.1	WP_000662244.1	WP_000929546.1	WP_000123084.1
WP_000460767.1	WP_000568056.1
WP_000580359.1	WP_000111361.1	WP_000913180.1
WP_000631302.1	WP_001881603.1	WP_001881606.1
WP_000773947.1	WP_000751972.1
WP_000956389.1	WP_001881611.1	WP_001918678.1	WP_000106914.1
WP_000347798.1	WP_000886243.1	WP_000759076.1	WP_000133012.1
WP_001286252.1	WP_000840420.1	WP_000836383.1
WP_000417707.1	WP_000426107.1	WP_000021516.1	WP_000046688.1	WP_000208357.1
WP_000350068.1	WP_001994134.1	WP_000052153.1	WP_000173776.1
WP_000493010.1	WP_001061290.1	WP_000468900.1
WP_000999601.1	WP_000207270.1	WP_000825630.1	WP_001881639.1	WP_000186700.1
WP_000587948.1	WP_001062354.1
WP_001162066.1	WP_000974439.1
WP_001132255.1	WP_001221803.1
WP_000471965.1	WP_000228497.1
WP_001148227.1	WP_000776223.1
WP_001020612.1	WP_000581748.1
WP_000999562.1	WP_000889971.1
WP_000167341.1	WP_000140318.1	WP_000094752.1
WP_001047611.1	WP_000130332.1	WP_000121678.1	WP_001198446.1
WP_010895452.1	WP_000332950.1
WP_000257380.1	WP_000438257.1	WP_000476112.1
WP_001881680.1	WP_000932202.1	WP_000101103.1	WP_000444695.1
WP_000042817.1	WP_000822415.1
WP_000126770.1	WP_001146418.1	WP_000104835.1
WP_000161719.1	WP_000023440.1
WP_000096607.1	WP_000457165.1
WP_000042146.1	WP_000086775.1	WP_000054416.1	WP_000748182.1
WP_000046692.1	WP_000825368.1
WP_000113995.1	WP_000013111.1
WP_001173523.1	WP_001215211.1
WP_000950604.1	WP_001078087.1	WP_000902260.1
WP_001179458.1	WP_001158196.1	WP_001198176.1
WP_000360594.1	WP_001084839.1
WP_000253641.1	WP_000111661.1	WP_001881716.1
WP_000838328.1	WP_000101384.1
WP_000153496.1	WP_000365085.1	WP_001021742.1
WP_000143339.1	WP_001259038.1
WP_000017256.1	WP_000281794.1
WP_000834946.1	WP_000434306.1
WP_001248969.1	WP_000818003.1	WP_000144235.1
WP_000497154.1	WP_001881747.1	WP_000991933.1
WP_000044695.1	WP_000065130.1
WP_001918744.1	WP_000032624.1
WP_000287010.1	WP_001180565.1	WP_000290732.1	WP_001174444.1
WP_000827335.1	WP_000461418.1
WP_010895454.1	WP_000051797.1
WP_001123168.1	WP_000228449.1
WP_000612505.1	WP_000197425.1	WP_000447541.1
WP_000863548.1	WP_001196007.1	WP_223225464.1
WP_001035064.1	WP_000559818.1	WP_001069622.1
WP_000545344.1	WP_000266113.1	WP_000982362.1	WP_000895172.1
WP_000075896.1	WP_000092964.1
WP_000985860.1	WP_000119661.1	WP_000624259.1	WP_000697869.1
WP_000182546.1	WP_001881782.1	WP_001881783.1
WP_001025289.1	WP_000929906.1
WP_000602538.1	WP_000877243.1	WP_000777870.1
WP_000996146.1	WP_000571528.1
WP_000025475.1	WP_001048578.1	WP_000151221.1	WP_000551472.1
WP_000772966.1	WP_000155078.1	WP_000238620.1	WP_000043021.1
WP_001240727.1	WP_000848401.1
WP_001275057.1	WP_000965050.1	WP_000179037.1
WP_000107912.1	WP_001181837.1
WP_000354569.1	WP_001282826.1
WP_000082625.1	WP_000697483.1
WP_000690957.1	WP_000582706.1	WP_001016500.1
WP_000918437.1	WP_000357782.1
WP_000840982.1	WP_000456297.1	WP_000187051.1	WP_000831828.1	WP_001228179.1
WP_001129786.1	WP_000130773.1	WP_000796799.1
WP_000367979.1	WP_000880258.1	WP_000012402.1
WP_001030089.1	WP_000752739.1	WP_001234824.1
WP_000079330.1	WP_001881834.1	WP_001190986.1
WP_001214990.1	WP_000387035.1
WP_000052031.1	WP_000405330.1	WP_000996996.1	WP_000290371.1	WP_001251948.1
WP_000156592.1	WP_000132407.1	WP_000187306.1	WP_000404231.1
WP_000672772.1	WP_000491214.1
WP_000191995.1	WP_001094791.1
WP_001212589.1	WP_000462611.1	WP_000433304.1
WP_000667946.1	WP_000117768.1	WP_000623699.1	WP_001918774.1
WP_000117270.1	WP_000647701.1	WP_000054219.1
WP_000993150.1	WP_000581228.1
WP_001113134.1	WP_000081944.1	WP_000505884.1
WP_000290380.1	WP_000154827.1
WP_000934642.1	WP_000135483.1	WP_000609516.1	WP_001225051.1	WP_001911822.1	WP_001182097.1	WP_000373284.1	WP_000122825.1
WP_000051920.1	WP_001007981.1
WP_000125387.1	WP_000145786.1
WP_001881906.1	WP_000907265.1	WP_000729367.1
WP_001881911.1	WP_000759070.1
WP_000064348.1	WP_000279435.1
WP_000731531.1	WP_000216841.1
WP_001015221.1	WP_000831719.1
WP_000957788.1	WP_000348347.1	WP_000076436.1	WP_000082232.1
WP_164923316.1	WP_010895457.1
WP_000016423.1	WP_000836541.1
WP_000333364.1	WP_000284054.1
WP_000944348.1	WP_001098051.1
WP_000939287.1	WP_001264066.1
WP_000055726.1	WP_001909664.1
WP_001081509.1	WP_000581103.1	WP_001027758.1	WP_000210023.1
WP_000129778.1	WP_001229026.1
WP_000606619.1	WP_000210548.1
WP_000301490.1	WP_000179228.1
WP_000023305.1	WP_001146857.1	WP_000483924.1
WP_001283269.1	WP_001918806.1	WP_000501296.1
WP_000864130.1	WP_001122865.1	WP_000493874.1	WP_001131994.1
WP_000366574.1	WP_000210573.1
WP_000037415.1	WP_000890416.1
WP_001288783.1	WP_000660269.1	WP_000689982.1	WP_001183315.1
WP_000103964.1	WP_000401432.1	WP_000092895.1	WP_000157902.1	WP_000523294.1	WP_001906078.1	WP_000613859.1
WP_000845886.1	WP_000737547.1
WP_001140219.1	WP_001911806.1
WP_000120276.1	WP_000483035.1	WP_000391276.1
WP_001028571.1	WP_000044231.1	WP_000933159.1
WP_001918829.1	WP_001208550.1	WP_000044381.1	WP_001140312.1
WP_000702691.1	WP_000859478.1
WP_000971704.1	WP_001271602.1	WP_000495624.1
WP_000146407.1	WP_000268537.1	WP_000312987.1
WP_001918833.1	WP_000354939.1
WP_001285013.1	WP_000394852.1	WP_000275214.1
WP_000201011.1	WP_000955540.1	WP_001178408.1	WP_000615853.1
WP_000774533.1	WP_032074635.1
WP_000224887.1	WP_000816445.1	WP_000059246.1	WP_001292544.1
WP_000051831.1	WP_001006027.1	WP_001911797.1
WP_000909771.1	WP_001882045.1
WP_000979815.1	WP_000004496.1	WP_254898439.1	WP_000273042.1
WP_000780992.1	WP_000118015.1	WP_001264646.1	WP_001925859.1
WP_001204903.1	WP_000589998.1
WP_000803836.1	WP_001113844.1	WP_000550132.1
WP_000227763.1	WP_000513713.1	WP_001240188.1	WP_000081714.1
WP_000689868.1	WP_000447408.1	WP_000960255.1
WP_001882075.1	WP_001005173.1	WP_000612657.1
WP_001126441.1	WP_000045131.1
WP_000251588.1	WP_000821181.1	WP_000628943.1
WP_000621097.1	WP_000462806.1	WP_000169466.1	WP_000608980.1
WP_001038930.1	WP_000480004.1
WP_000587839.1	WP_000621834.1	WP_001091880.1	WP_000725937.1	WP_001137975.1
WP_000031529.1	WP_000963625.1	WP_001281961.1
WP_000570155.1	WP_000115055.1	WP_001287472.1
WP_000665274.1	WP_000649326.1	WP_000957200.1	WP_000648511.1	WP_000418747.1
WP_000102510.1	WP_000139795.1	WP_000126999.1	WP_169709842.1	WP_000080926.1	WP_001150037.1
WP_000056837.1	WP_000224553.1	WP_000447090.1
WP_001911782.1	WP_000404204.1	WP_000733229.1
WP_000048991.1	WP_000281106.1
WP_000036741.1	WP_000210846.1	WP_000019240.1	WP_000226858.1	WP_000090462.1
WP_001271117.1	WP_000621296.1
WP_000635063.1	WP_000095364.1
WP_001279493.1	WP_000774933.1	WP_001882136.1	WP_000024072.1
WP_000988005.1	WP_000734779.1	WP_000763844.1	WP_001005346.1
WP_001914044.1	WP_000287742.1
WP_000384066.1	WP_001235990.1
WP_000983782.1	WP_000132411.1
WP_000070442.1	WP_000132451.1	WP_000189749.1	WP_001151639.1
WP_001215918.1	WP_000425586.1	WP_000182819.1	WP_000884663.1
WP_000699793.1	WP_001882150.1
WP_001064847.1	WP_000132138.1	WP_000030317.1	WP_000012771.1
WP_000472776.1	WP_000587726.1
WP_000397172.1	WP_001141712.1	WP_000416450.1
WP_000056892.1	WP_001251798.1	WP_000006492.1
WP_000502881.1	WP_000885260.1	WP_000013853.1	WP_000032502.1
WP_000410586.1	WP_000376481.1
WP_000265516.1	WP_001187994.1	WP_001887761.1	WP_000083183.1
WP_001120614.1	WP_000099768.1
WP_000059348.1	WP_000830444.1	WP_000996178.1
WP_001166643.1	WP_001177163.1	WP_001237199.1	WP_001135899.1
WP_000880286.1	WP_001082347.1	WP_000671910.1
WP_001063919.1	WP_000547405.1
WP_001171118.1	WP_000056163.1
WP_001164258.1	WP_000595689.1	WP_001253226.1
WP_001912068.1	WP_000559203.1	WP_001110874.1	WP_000864648.1	WP_000819707.1
WP_000043054.1	WP_001057929.1	WP_001883909.1
WP_001994229.1	WP_001148830.1
WP_000611534.1	WP_001070220.1
WP_000005600.1	WP_000559325.1
WP_001216360.1	WP_001162087.1
WP_000135216.1	WP_001118870.1	WP_000090771.1
WP_000101599.1	WP_000926115.1
WP_001040926.1	WP_000358092.1	WP_000091929.1
WP_001096208.1	WP_000729178.1	WP_000615540.1
WP_001280803.1	WP_000647192.1
WP_000422344.1	WP_000579663.1
WP_000064143.1	WP_001285863.1
WP_000527932.1	WP_000193319.1	WP_000687664.1
WP_000188336.1	WP_001245312.1
WP_000627678.1	WP_001278735.1	WP_000627574.1
WP_000586562.1	WP_001274669.1	WP_000242749.1
WP_000189091.1	WP_000150128.1	WP_000962042.1	WP_000215482.1	WP_000925686.1
WP_000835873.1	WP_000651337.1
WP_000050195.1	WP_000439805.1	WP_000818616.1
WP_000788426.1	WP_000792032.1	WP_000157690.1	WP_000902745.1	WP_000520444.1
WP_000495223.1	WP_000809405.1	WP_000742074.1
WP_001240133.1	WP_000049171.1	WP_001281558.1	WP_000921321.1
WP_001130865.1	WP_001003592.1	WP_000056565.1
WP_000806519.1	WP_000005325.1	WP_000796512.1	WP_001158897.1
WP_001166592.1	WP_001276017.1	WP_000071094.1	WP_000611152.1
WP_000729136.1	WP_001026274.1
WP_000859357.1	WP_000188676.1
WP_000058339.1	WP_001133286.1
WP_001254176.1	WP_001884020.1
WP_001293370.1	WP_000208249.1	WP_001884022.1
WP_000224452.1	WP_001247858.1
WP_000643446.1	WP_001278588.1
WP_000213241.1	WP_000149570.1	WP_000542395.1
WP_000591796.1	WP_000712631.1	WP_000761521.1
WP_000940152.1	WP_001239207.1	WP_001120293.1
WP_000483998.1	WP_000248077.1
WP_000224052.1	WP_000638377.1	WP_001259538.1	WP_000378642.1
WP_000874728.1	WP_000354544.1
WP_000515790.1	WP_000135052.1	WP_010895463.1
WP_001222687.1	WP_000230023.1	WP_000850496.1
WP_000961392.1	WP_001240449.1
WP_001884047.1	WP_000070178.1	WP_000095812.1	WP_000106799.1
WP_000817146.1	WP_000661339.1	WP_001288747.1
WP_001201881.1	WP_000269343.1	WP_000837699.1	WP_000127537.1	WP_000738789.1	WP_000718700.1	WP_000138174.1	WP_000394676.1
WP_000098849.1	WP_001911276.1	WP_000217613.1	WP_001226513.1
WP_000475471.1	WP_000560961.1	WP_001884068.1
WP_000029298.1	WP_000211151.1
WP_000099256.1	WP_001918943.1	WP_000086389.1	WP_001128660.1	WP_000633281.1
WP_000614016.1	WP_000645803.1	WP_001160591.1	WP_001048716.1
WP_000640242.1	WP_001099264.1
WP_000719050.1	WP_000190491.1	WP_000896515.1	WP_001176739.1	WP_001281808.1	WP_001884340.1	WP_000450922.1	WP_000729881.1	WP_000226753.1
WP_000166627.1	WP_000516546.1
WP_001068941.1	WP_000965608.1
WP_000026548.1	WP_000009502.1
WP_000533705.1	WP_001882890.1
WP_000805372.1	WP_001070791.1
WP_001142947.1	WP_000212125.1	WP_001257973.1	WP_000070352.1	WP_000904079.1	WP_000258882.1
WP_000064955.1	WP_000129630.1
WP_001882904.1	WP_001006058.1	WP_000949642.1
WP_000777301.1	WP_000549603.1
WP_001180737.1	WP_000774104.1	WP_000042319.1	WP_000992654.1
WP_000364999.1	WP_000478180.1
WP_000361589.1	WP_001132384.1
WP_001195137.1	WP_000226962.1	WP_001241766.1	WP_000270236.1
WP_001159703.1	WP_000771558.1	WP_000777824.1	WP_000843249.1	WP_000873771.1	WP_000855100.1
WP_000754393.1	WP_000150748.1	WP_001902608.1	WP_000858875.1
WP_001097201.1	WP_001882941.1	WP_001153658.1	WP_000457419.1
WP_000608713.1	WP_001227341.1
WP_000169386.1	WP_000383981.1
WP_000414469.1	WP_001187740.1	WP_001058399.1
WP_001997721.1	WP_000710203.1
WP_001069589.1	WP_001134026.1
WP_001249602.1	WP_001882958.1	WP_001010777.1
WP_000031391.1	WP_000108140.1	WP_000221000.1	WP_000189792.1	WP_000510181.1
WP_000458007.1	WP_000083409.1
WP_000426093.1	WP_000225015.1
WP_000073077.1	WP_000113295.1
WP_001911632.1	WP_000189455.1	WP_000107608.1	WP_000737186.1
WP_001038380.1	WP_000224436.1
WP_000027380.1	WP_001177523.1
WP_000917235.1	WP_000462370.1	WP_000720501.1
WP_000072018.1	WP_000220549.1	WP_001035991.1	WP_000279461.1
WP_000062160.1	WP_000370509.1	WP_000639705.1	WP_000125097.1	WP_000398830.1	WP_000500258.1
WP_001911621.1	WP_000078819.1
WP_000181878.1	WP_000096405.1	WP_000896029.1	WP_000665196.1	WP_000178614.1	WP_000009939.1
WP_000475387.1	WP_000997601.1
WP_000986003.1	WP_000793856.1	WP_000400692.1
WP_000792012.1	WP_000765283.1
WP_000009679.1	WP_000880547.1
WP_000779169.1	WP_000251270.1
WP_001883155.1	WP_000762954.1	WP_000606740.1	WP_000849740.1
WP_000967516.1	WP_000400328.1
WP_000717524.1	WP_000362857.1
WP_001046719.1	WP_001276502.1
WP_000178906.1	WP_000746867.1
WP_001125271.1	WP_000586206.1
WP_001033424.1	WP_000717572.1
WP_000848953.1	WP_001259471.1
WP_000735136.1	WP_001154099.1	WP_000615308.1
WP_000098209.1	WP_000072096.1	WP_001161774.1
WP_000490349.1	WP_001221472.1
WP_000284299.1	WP_000165663.1
WP_000523578.1	WP_000395341.1
WP_001006793.1	WP_000049013.1
WP_001066380.1	WP_000842853.1
WP_000562692.1	WP_000821694.1	WP_000173586.1
WP_000850833.1	WP_001893372.1	WP_000020017.1
WP_001883103.1	WP_000422463.1
WP_000503164.1	WP_000361811.1	WP_000993300.1
WP_001018595.1	WP_000019370.1
WP_001121779.1	WP_001894072.1	WP_001885060.1	WP_001138366.1
WP_000272282.1	WP_000087610.1	WP_000713853.1
WP_001180243.1	WP_000557292.1
WP_001015867.1	WP_001894429.1
WP_000982260.1	WP_000246253.1
WP_001900195.1	WP_000006157.1
WP_000277238.1	WP_001258569.1
WP_000703163.1	WP_001890111.1	WP_000107461.1
WP_000589156.1	WP_000643598.1
WP_000703163.1	WP_001911580.1
WP_000009888.1	WP_000049420.1
WP_000578476.1	WP_000381183.1
WP_001201520.1	WP_000255434.1
WP_000923182.1	WP_001161076.1	WP_000365424.1
WP_000802136.1	WP_001107719.1
WP_000937852.1	WP_000051985.1
WP_000954291.1	WP_001921103.1
WP_000213836.1	WP_086010879.1	WP_086010879.1
WP_000933409.1	WP_125460920.1
WP_001180243.1	WP_000557292.1
WP_001162670.1	WP_001232701.1
WP_000221352.1	WP_000213183.1
WP_000036957.1	WP_000415748.1
WP_000415563.1	WP_000789723.1
WP_001020575.1	WP_001882300.1
WP_000843587.1	WP_000071008.1
WP_001080654.1	WP_000351248.1	WP_000049417.1
WP_001250179.1	WP_000221354.1
WP_000982260.1	WP_000246253.1
WP_000043871.1	WP_000426470.1
WP_000179600.1	WP_000118351.1
WP_000861987.1	WP_000229317.1
WP_001114075.1	WP_000921691.1
WP_000578476.1	WP_000381183.1
WP_086010879.1	WP_000509635.1
WP_000802773.1	WP_001106209.1
WP_000494051.1	WP_000082072.1
WP_000684721.1	WP_000163391.1	WP_000891934.1
WP_000171125.1	WP_000670244.1	WP_001247622.1
WP_001039912.1	WP_001104009.1	WP_000107451.1
WP_000258678.1	WP_001083605.1	WP_000508978.1
WP_000903494.1	WP_000244531.1
WP_000797827.1	WP_000753206.1
WP_001270755.1	WP_000105490.1
WP_001132206.1	WP_000074622.1	WP_000035884.1
WP_001025949.1	WP_001009813.1	WP_000034191.1
WP_000682162.1	WP_000350040.1	WP_000090763.1	WP_001882407.1
WP_001177156.1	WP_000522485.1
WP_001165536.1	WP_001272521.1
WP_000891056.1	WP_000815041.1	WP_000240569.1
WP_000177186.1	WP_000257351.1	WP_000169444.1	WP_000717554.1
WP_000098137.1	WP_001938375.1	WP_001909330.1
WP_000565042.1	WP_000780723.1
WP_000101303.1	WP_000581517.1
WP_001000856.1	WP_000525893.1	WP_000954183.1	WP_001258208.1
WP_001277066.1	WP_000009279.1
WP_001200476.1	WP_000935647.1	WP_000177782.1	WP_001911715.1
WP_000786490.1	WP_000846442.1	WP_001889086.1	WP_000080746.1
WP_000819276.1	WP_000754779.1	WP_000054763.1	WP_000936297.1
WP_000501684.1	WP_001911707.1	WP_000067608.1
WP_000066347.1	WP_001080531.1
WP_000213751.1	WP_000589874.1
WP_000004192.1	WP_000684287.1	WP_001131618.1
WP_000765958.1	WP_000645865.1
WP_000581563.1	WP_001028480.1	WP_000445873.1	WP_000646058.1
WP_001037643.1	WP_000144305.1
WP_000151363.1	WP_000161799.1
WP_000933880.1	WP_001917905.1
WP_000337288.1	WP_000881788.1
WP_000217407.1	WP_000386919.1
WP_000157570.1	WP_000923309.1
WP_001277444.1	WP_000675191.1
WP_001026132.1	WP_000891426.1
WP_000948685.1	WP_001882525.1
WP_000208548.1	WP_000170557.1	WP_000555352.1
WP_000228048.1	WP_000082209.1	WP_000784576.1	WP_000744358.1
WP_000628135.1	WP_001096187.1	WP_000706885.1
WP_000636730.1	WP_000545079.1	WP_000414891.1
WP_000486234.1	WP_000287820.1	WP_000412014.1	WP_001225698.1
WP_000730740.1	WP_000281334.1
WP_000288675.1	WP_001154339.1
WP_001160754.1	WP_001912281.1
WP_000843516.1	WP_000060357.1	WP_001138403.1
WP_000931484.1	WP_000335361.1
WP_001133204.1	WP_000754102.1
WP_000682922.1	WP_000054773.1	WP_001118400.1
WP_001271642.1	WP_001161566.1
WP_001068418.1	WP_001882563.1	WP_001125116.1
WP_000005533.1	WP_000524441.1	WP_000957824.1
WP_000527687.1	WP_001882571.1
WP_000831416.1	WP_000914961.1	WP_000268204.1
WP_001026306.1	WP_000823678.1
WP_001025860.1	WP_000429067.1	WP_001025631.1
WP_001089529.1	WP_001882582.1
WP_000128118.1	WP_000972312.1	WP_001014995.1
WP_000102967.1	WP_000402446.1	WP_000803303.1
WP_000662924.1	WP_000244571.1	WP_000722143.1
WP_000899954.1	WP_000941295.1
WP_000034744.1	WP_000347561.1
WP_001266838.1	WP_000570597.1
WP_001292936.1	WP_001009839.1
WP_000194442.1	WP_001209484.1
WP_001882609.1	WP_000028726.1	WP_000900842.1
WP_000175437.1	WP_000684076.1
WP_000645916.1	WP_001194969.1
WP_000197503.1	WP_000547707.1	WP_000035288.1	WP_000375433.1
WP_001131372.1	WP_000149603.1
WP_086010879.1	WP_086010879.1
WP_001034334.1	WP_000595765.1	WP_001917946.1	WP_001065259.1
WP_000140419.1	WP_000640597.1
WP_000935051.1	WP_000671603.1
WP_001233647.1	WP_001154252.1
WP_001261563.1	WP_001270801.1
WP_000744635.1	WP_000837091.1	WP_001037204.1
WP_000998707.1	WP_001917949.1
WP_000456055.1	WP_001026270.1	WP_001882637.1	WP_000163959.1
WP_000122727.1	WP_000637098.1	WP_000640101.1	WP_000883446.1	WP_000195733.1
WP_000384531.1	WP_001882642.1
WP_001054352.1	WP_000337242.1
WP_000813131.1	WP_001292091.1	WP_000007485.1	WP_001148883.1
WP_000624159.1	WP_000074419.1	WP_001079005.1
WP_000998604.1	WP_001191814.1
WP_000981879.1	WP_000970562.1
WP_000475395.1	WP_000517213.1	WP_000902218.1
WP_000772619.1	WP_000729211.1	WP_000966057.1	WP_000815658.1	WP_000478324.1
WP_000749571.1	WP_000568068.1	WP_000464440.1	WP_071908327.1	WP_000792246.1
WP_000288116.1	WP_000782346.1	WP_000627863.1
WP_000717843.1	WP_000754946.1	WP_001001833.1	WP_000082911.1	WP_001076381.1
WP_000692622.1	WP_000092856.1
WP_001882711.1	WP_001899814.1	WP_001111918.1
WP_000926300.1	WP_000919370.1
WP_000109023.1	WP_001069524.1	WP_000751797.1	WP_000762048.1
WP_000747371.1	WP_000236508.1	WP_000607048.1	WP_000675469.1
WP_000869512.1	WP_000052704.1
WP_000599609.1	WP_000700947.1
WP_000372763.1	WP_000445093.1	WP_000905972.1
WP_001052693.1	WP_000445085.1	WP_000597688.1
WP_000705468.1	WP_001882731.1	WP_012706074.1
WP_000070927.1	WP_000979561.1
WP_001104920.1	WP_000672477.1
WP_000188214.1	WP_001259659.1
WP_001149813.1	WP_000896539.1	WP_000109472.1
WP_000105005.1	WP_000024171.1	WP_001276704.1
WP_000571595.1	WP_000648859.1	WP_000094384.1	WP_001018760.1
WP_001252027.1	WP_010895488.1	WP_000786217.1
WP_000179238.1	WP_001088091.1
WP_000651013.1	WP_000124506.1
WP_000976220.1	WP_000981402.1
WP_001228191.1	WP_000376707.1
WP_000520329.1	WP_001116764.1	WP_001007386.1
WP_000422925.1	WP_000074814.1
WP_000978021.1	WP_001895145.1	WP_001882783.1
WP_001006181.1	WP_000587013.1	WP_000188699.1
WP_001171507.1	WP_001245617.1	WP_001195072.1
WP_000010673.1	WP_000357040.1
WP_000780938.1	WP_000088622.1
WP_000475345.1	WP_001043275.1
WP_001283934.1	WP_001088307.1	WP_000605630.1
WP_000018313.1	WP_001139954.1
WP_000104651.1	WP_000708821.1	WP_001901693.1	WP_000211007.1
WP_000073203.1	WP_000083620.1
WP_001099817.1	WP_000017896.1	WP_000173612.1
WP_001021273.1	WP_000244228.1	WP_000757932.1
WP_000783456.1	WP_001068179.1
WP_001893521.1	WP_000524462.1
WP_001066591.1	WP_001918017.1	WP_000595720.1
WP_001067242.1	WP_001088336.1
WP_001882826.1	WP_000664563.1
WP_000625706.1	WP_000739122.1	WP_000818298.1	WP_000684891.1
WP_000946562.1	WP_000456110.1	WP_000093074.1	WP_000861284.1
WP_000684941.1	WP_000839397.1
WP_001176693.1	WP_001256106.1
WP_000250426.1	WP_000050915.1
WP_001893297.1	WP_001123610.1
WP_000233685.1	WP_000493426.1
WP_000596058.1	WP_001882860.1	WP_001132600.1
WP_000071267.1	WP_000832895.1	WP_001154355.1
WP_000265356.1	WP_000634466.1	WP_000110728.1
WP_001284059.1	WP_000881719.1	WP_000896388.1	WP_000983692.1	WP_001083360.1	WP_001162435.1	WP_001151341.1	WP_000906369.1
WP_000746530.1	WP_000161523.1	WP_000766237.1	WP_000125956.1
WP_001238038.1	WP_000351197.1	WP_000145529.1	WP_001079865.1	WP_000803562.1
WP_000985780.1	WP_000817997.1
