NP_052605.1	NP_052606.1
NP_052608.1	NP_052609.1	NP_052610.1	NP_052611.1	NP_052612.1	NP_052613.1	NP_052614.1	NP_052615.1	NP_052616.1	NP_052617.1	NP_052618.1	NP_052619.1
NP_052621.1	NP_052622.1
NP_052625.1	NP_052626.1
NP_052629.1	NP_052630.2
NP_958722.1	NP_052632.1	NP_052633.1
NP_052634.1	NP_052635.1	NP_052636.1
NP_052637.1	NP_052638.1
NP_052640.1	NP_052641.1
NP_052646.1	NP_052647.1
NP_052649.1	NP_052650.1
NP_052658.1	NP_052659.1	NP_052660.1
NP_052661.1	NP_052662.1
NP_052664.1	NP_052665.1	NP_052666.1
NP_052669.1	NP_052670.1
NP_958725.1	NP_052672.1	NP_958726.1
NP_052676.1	NP_052677.1
NP_052684.1	NP_052685.1
NP_052686.1	NP_052687.1	NP_052688.1	NP_052689.1
NP_308029.1	NP_308030.1	NP_308031.1
NP_308033.1	NP_308034.1
NP_308035.1	NP_308036.1
NP_308037.1	NP_308038.1	NP_308040.1
NP_308041.1	NP_308042.1
NP_308044.1	NP_308045.2
NP_308049.1	NP_308050.1	NP_308051.1	NP_308052.1	NP_308053.1
NP_308055.1	NP_308056.1	NP_308057.1
NP_308058.1	NP_308059.1
NP_308060.1	NP_308061.1
NP_308062.1	NP_308063.1
NP_308065.2	NP_308066.2
NP_308067.2	NP_308068.1	NP_308069.1	NP_308070.1
NP_308071.2	NP_308072.1	NP_308073.1	NP_308074.1
NP_308076.1	NP_308077.1	NP_308078.2
NP_308079.1	NP_308080.1
NP_308081.1	NP_308082.1
NP_308083.1	NP_308084.1	NP_308085.1	NP_308086.1
NP_308087.1	NP_308088.1
NP_308089.1	NP_308090.1
NP_308092.1	NP_308093.1	NP_308094.1
NP_308095.1	NP_308096.1
NP_308097.1	NP_308098.1	NP_308099.1
NP_308102.1	NP_308103.1	NP_308104.2
NP_308107.3	NP_308108.2	NP_308109.1
NP_308114.1	NP_308115.1	NP_308116.1	NP_308117.1	NP_308118.1
NP_308119.1	NP_308120.1	NP_308121.1
NP_308123.1	NP_308124.1	NP_308125.1	NP_308126.1
NP_308132.1	NP_308133.1	NP_308134.1
NP_308137.1	NP_308138.1	NP_308139.1
NP_308141.1	NP_308142.1
NP_308144.1	NP_308145.1	NP_308146.1	NP_308147.1
NP_308149.1	NP_308150.2
NP_308151.1	NP_308152.1	NP_308153.3
NP_308158.1	NP_308159.1	NP_308160.1
NP_308164.1	NP_308165.1
NP_308170.1	NP_308171.1
NP_308173.1	NP_308174.3
NP_308176.1	NP_308177.1	NP_308178.2
NP_308179.2	NP_308180.1	NP_308181.1
NP_308182.1	NP_308183.1	NP_308184.1
NP_308186.1	NP_308187.1
NP_308188.1	NP_308189.1	NP_308190.1
NP_308191.1	NP_308192.1	NP_308193.1
NP_308194.1	NP_308195.1	NP_308196.1	NP_308197.1
NP_308198.1	NP_308199.1
NP_308200.1	NP_308201.1
NP_308202.1	NP_308203.2
NP_308207.1	NP_308208.1	NP_308209.2	NP_308210.1	NP_308211.1
NP_308218.3	YP_009502588.1
NP_308219.1	NP_308220.1	NP_308221.1
NP_308224.1	NP_308225.1
NP_308226.1	NP_308227.1	NP_308228.1
NP_308229.1	NP_308230.1
NP_308232.2	NP_308233.1
NP_308234.1	NP_308235.1
NP_308238.2	YP_009502589.1
NP_308244.1	NP_308245.2
NP_308250.1	NP_308251.1	NP_308252.1
NP_308255.1	NP_308256.1	NP_308257.1	NP_308258.1	NP_308259.1	NP_308260.1
NP_308261.1	NP_308263.1	NP_308264.2
NP_308269.1	NP_308270.1	NP_308271.1
NP_308276.1	NP_308277.1
NP_308278.1	NP_308279.1	NP_308280.1
NP_308286.1	NP_308287.1
NP_308289.1	NP_308290.1
NP_308292.1	NP_308293.1	NP_308294.1
NP_308296.1	NP_308297.1
NP_308299.1	NP_308300.1	NP_308301.1
NP_308303.1	NP_308307.1	NP_308308.1
NP_308309.1	NP_308310.1
NP_308316.1	NP_308317.1	NP_308318.1	NP_308319.1
NP_308323.1	NP_308324.1	NP_308325.1
NP_308326.1	NP_308327.1
NP_308328.1	NP_308329.1	NP_308330.1
NP_308331.1	NP_308332.2
NP_308333.1	NP_308334.1
NP_308337.2	NP_308338.2
NP_308340.1	NP_308341.1	NP_308342.1	NP_308343.1
NP_308348.1	NP_308349.1	NP_308350.1
YP_009502590.1	NP_308354.2
NP_308355.2	NP_308356.1	NP_308357.1
NP_308358.1	NP_308359.1
NP_308361.1	NP_308362.1
NP_308366.1	NP_308369.2
NP_308371.1	NP_308372.1	NP_308373.2
NP_308376.2	NP_308377.1	NP_308378.1	NP_308379.2
NP_308384.1	NP_308385.2	NP_308386.3
NP_308387.1	NP_308389.1	NP_308390.1
NP_308394.1	NP_308395.1	NP_308396.1	NP_308397.1	NP_308398.1
NP_308401.1	NP_308402.2	NP_308404.1	NP_308405.1
NP_308412.1	NP_308413.1	NP_308414.1	NP_308415.1
NP_308416.1	NP_308417.1
NP_308419.2	NP_308420.1	NP_308421.2
NP_308422.1	NP_308423.1	NP_308424.1	NP_308425.4
NP_308426.1	NP_308427.2	NP_308428.3
NP_308429.1	NP_308430.1
NP_308431.3	NP_308432.2	NP_308433.1	NP_308434.1
NP_308437.1	NP_308438.1
NP_308440.2	NP_308441.1	NP_308442.1
NP_308444.1	NP_308445.1
NP_308446.1	NP_308447.1	NP_308448.1	NP_308449.1
NP_308451.1	NP_308452.2
NP_308454.1	NP_308455.1
NP_308459.1	NP_308460.2
NP_308461.2	NP_308462.1
NP_308463.2	NP_308465.1
NP_308467.1	NP_308468.1	NP_308469.2	NP_308470.1
NP_308473.4	NP_308474.2	NP_308475.1
NP_308476.1	NP_308477.1	NP_308478.1	NP_308479.1
NP_308483.1	NP_308484.1	NP_308485.1	NP_308486.2	NP_308487.1
NP_308488.1	NP_308489.1
NP_308491.1	NP_308492.2
NP_308493.1	NP_308494.1
NP_308495.1	NP_308496.1	NP_308497.1	NP_308498.1
NP_308501.1	NP_308502.1	NP_308503.1
NP_308505.2	NP_308506.1
NP_308509.1	NP_308510.1	NP_308511.1	NP_308512.1	NP_308513.1
NP_308516.3	NP_308517.1	NP_308518.1	NP_308519.1	NP_308520.1
NP_308525.1	NP_308526.1
NP_308529.1	NP_308530.1
NP_308531.1	NP_308532.1
NP_308538.2	NP_308539.1	NP_308540.1	NP_308541.1	NP_308542.1	NP_308543.1
NP_308544.1	NP_308545.1
NP_308546.1	NP_308547.1
NP_308550.1	NP_308551.1	NP_308552.1
NP_308558.1	NP_308559.1
NP_308561.1	NP_308562.1
NP_308565.1	NP_308566.1
NP_308567.1	NP_308568.1	NP_308569.1	NP_308570.2	NP_308571.1
NP_308573.1	NP_308575.1
NP_308578.2	NP_308579.1
NP_308580.1	NP_308581.2
NP_308582.2	NP_308583.1	NP_308585.2
NP_308584.2	NP_308586.1	NP_308587.2	NP_308588.1
NP_308590.2	NP_308591.1	NP_308592.1
NP_308594.1	NP_308595.1	NP_308596.1	NP_308597.1
NP_308602.2	NP_308603.1
NP_308604.1	NP_308605.1	NP_308606.1
NP_308607.1	NP_308608.2	NP_308609.1	NP_308610.1
NP_308611.1	NP_308612.1
NP_308613.1	NP_308614.1
NP_308616.1	NP_308617.2	NP_308618.1
NP_308619.2	NP_308620.1	NP_308621.1	NP_308622.2	NP_308623.1
NP_308626.1	NP_308627.1	NP_308628.1
NP_308631.1	NP_308632.1	NP_308633.1
NP_308635.1	NP_308636.1
NP_308637.1	NP_308638.1	NP_308639.1	NP_308640.1	NP_308641.1
NP_308642.1	NP_308643.1	NP_308644.1	NP_308645.1
NP_308647.1	NP_308648.2
NP_308649.3	NP_308650.1
NP_308651.2	YP_009502592.1	NP_308652.1	NP_308653.1
NP_308654.1	NP_308655.1	NP_308656.1
NP_308659.1	NP_308660.1	NP_308661.1	NP_308662.1
NP_308664.1	YP_009502593.1
NP_308667.1	NP_308668.1	NP_308669.1	NP_308670.3
NP_308671.1	NP_308672.1
NP_308676.1	NP_308677.1
NP_308679.1	NP_308680.1	NP_308681.1	NP_308682.2	NP_308683.1
NP_308685.1	NP_308686.1
NP_308688.1	NP_308689.1
NP_308691.1	NP_308692.1
NP_308695.2	NP_308696.1
NP_308699.1	NP_308700.1
NP_308701.1	NP_308702.2
NP_308704.1	NP_308705.1	NP_308706.1
NP_308708.1	NP_308710.1	NP_308711.1
NP_308716.1	NP_308717.1
NP_308719.1	NP_308720.1	NP_308721.1
NP_308723.1	NP_308724.1
NP_308725.3	NP_308726.1
NP_308731.1	NP_308732.1
NP_308733.1	NP_308734.1	NP_308735.1
NP_308736.1	NP_308737.1	NP_308740.1
NP_308741.1	NP_308742.1
NP_308743.1	NP_308744.1
NP_308745.1	NP_308746.1
NP_308747.1	NP_308748.1
NP_308749.1	NP_308750.1
NP_308751.1	NP_308752.1	NP_308753.1	NP_308754.1
NP_308755.1	NP_308756.1	NP_308757.1
NP_308758.1	NP_308759.1	NP_308760.1
NP_308763.1	NP_308764.1	NP_308765.1	NP_308766.1
NP_308768.1	NP_308769.1	NP_308771.2
NP_308773.2	NP_308774.1	NP_308775.1	NP_308776.1
NP_308778.1	NP_308779.1
NP_308780.1	NP_308781.1
NP_308786.1	NP_308787.1	NP_308788.1	NP_308789.1	NP_308790.1	NP_308791.1
NP_308795.2	NP_308796.1	YP_009502594.1
NP_308799.1	NP_308800.1	NP_308801.1	NP_308802.1	NP_308803.1
NP_308805.1	NP_308806.1
NP_308807.1	NP_308808.1
NP_308810.1	NP_308811.1	NP_308812.1	NP_308813.1
NP_308815.1	NP_308816.1
NP_308818.1	NP_308819.1	NP_308820.1
NP_308824.1	NP_308825.1	NP_308826.2
NP_308827.1	NP_308829.1
NP_308833.2	NP_308834.1	NP_308835.1
NP_308839.1	NP_308840.1
NP_308842.1	NP_308843.3
NP_308845.1	NP_308846.1
NP_308851.1	NP_308852.1	NP_308853.2	NP_308856.2	NP_308857.2	NP_308858.1
NP_308859.1	NP_308860.1	NP_308861.1	NP_308862.1	NP_308863.1	NP_308864.1	NP_308865.1	NP_308866.1	NP_308867.2	NP_308868.2	NP_308869.1	NP_308870.1
NP_308871.1	NP_308872.2
NP_308878.1	NP_308879.1
NP_308880.1	NP_308881.1	NP_308882.1	NP_308883.1
NP_308887.1	NP_308888.1	NP_308889.1	NP_308890.1
NP_308891.1	NP_308892.1
NP_308893.1	NP_308894.1	NP_308895.1
NP_308898.1	NP_308899.2	NP_308900.2	NP_308901.2
NP_308904.1	NP_308905.1	NP_308906.1
NP_308907.1	NP_308908.1	NP_308909.3	NP_308910.1	NP_308911.2
NP_308914.1	NP_308915.1	NP_308916.1
NP_308917.1	NP_308918.1
NP_308921.1	NP_308922.1
NP_308925.1	NP_308926.1	NP_308929.1
NP_308931.1	NP_308932.1
NP_308935.2	NP_308936.1	NP_308937.1	NP_308938.1
NP_308939.1	NP_308940.1
YP_009502595.1	YP_009502596.1	NP_308942.1
NP_308943.1	NP_308944.1
NP_308947.1	NP_308948.1
NP_308950.2	NP_308951.2	NP_308952.1
NP_308958.1	NP_308959.1
NP_308961.1	NP_308962.1	NP_308963.1	NP_308964.1
NP_308967.2	NP_308968.1	NP_308969.1
NP_308971.1	NP_308972.1	NP_308973.1
NP_308976.1	NP_308977.2	NP_308979.1	NP_308980.1
NP_308981.2	NP_308982.1
NP_308985.1	NP_308986.2	NP_308987.1
NP_308991.2	NP_308992.1
NP_308994.1	NP_308995.1
NP_308996.1	NP_308997.1
NP_308998.1	NP_308999.1
NP_309002.1	NP_309003.2
NP_309004.1	NP_309005.1
NP_309006.2	NP_309007.1	NP_309008.1
NP_309010.1	NP_309011.2
NP_309012.1	NP_309013.1
NP_309014.1	NP_309015.2
NP_309017.1	NP_309018.1
NP_309020.1	NP_309021.1
NP_309024.1	NP_309025.1	NP_309026.1
NP_309027.1	NP_309028.1	NP_309029.1
NP_309032.1	NP_309033.1	NP_309034.1
NP_309035.1	NP_309036.1
NP_309039.1	NP_309040.1	NP_309041.1
NP_309043.1	NP_309044.1	NP_309045.1
NP_309048.2	NP_309049.1	NP_309052.1	NP_309053.2	NP_309054.3
NP_309059.1	NP_309060.1
NP_309061.1	NP_309062.1	NP_309063.2
NP_309065.2	NP_309066.1
NP_309068.1	NP_309069.1
NP_309071.3	NP_309072.1
NP_309074.2	NP_309075.1
NP_309077.2	NP_309078.3
NP_309080.2	NP_309081.1
NP_309082.1	NP_303789.1
NP_309084.1	NP_309085.1
NP_309090.1	NP_303797.1	NP_309092.1
NP_309094.1	NP_309095.1
NP_309097.1	NP_309098.1
NP_309100.1	NP_309101.1	NP_309102.1	NP_309103.1
NP_309104.1	NP_303812.1
NP_309107.1	NP_309109.2	NP_309110.1	NP_309111.1
NP_309113.1	NP_309114.1
NP_309116.1	NP_309117.2
NP_309120.2	NP_309119.2	NP_309121.1	NP_309123.1
NP_309130.1	NP_309131.1
NP_303838.1	NP_309133.2
YP_009502598.1	NP_309134.1	NP_309135.1	NP_309136.1	NP_309137.1
NP_309138.2	NP_309139.2	NP_309140.2	NP_309141.1
NP_309142.1	NP_309143.1	NP_309144.2	NP_309145.2
NP_309148.1	NP_309149.1
NP_309155.1	NP_309156.1	NP_309157.1	NP_309158.1
NP_309161.1	NP_309162.1
NP_309164.1	NP_309165.2	NP_309166.1
NP_309167.1	NP_309168.1	NP_309169.1
NP_309174.1	NP_309175.3
NP_309178.1	NP_309179.1	NP_309180.1
NP_309181.1	NP_309182.1
NP_309187.1	NP_309188.1
NP_309190.2	NP_309191.1
NP_309199.1	NP_309200.1
NP_309201.1	NP_309202.1
NP_309211.1	NP_309212.2
NP_309213.1	NP_309214.1
NP_309216.1	NP_309217.2
NP_309222.1	NP_309223.1
NP_309227.1	NP_309228.1
NP_309235.2	NP_309236.1
NP_309239.1	NP_309240.1	NP_309241.1
NP_309245.3	NP_309246.1	NP_309247.1	NP_309248.1
NP_309249.1	NP_309250.1	NP_309251.1	NP_309252.1
NP_309253.1	NP_309254.1
NP_309259.2	NP_309260.1
NP_309261.1	NP_309262.1
NP_309264.1	NP_309265.1	NP_309266.1
NP_309268.1	NP_309269.1
NP_309274.1	NP_309275.1
NP_309276.1	NP_309277.1
NP_309281.1	NP_309282.1
NP_309283.1	NP_309284.4	NP_309285.4
NP_309290.1	NP_309291.1	NP_309292.1	NP_309293.1
NP_309294.1	NP_309295.1	NP_309296.1	NP_309297.1
NP_309298.1	NP_309299.2
NP_309300.1	NP_309301.1
NP_309303.2	NP_309304.1	NP_309305.1	NP_309306.3
NP_309307.1	NP_309308.1
NP_309309.2	NP_309310.1
NP_309311.1	NP_309312.2	NP_309313.1	NP_309314.3	NP_309315.1	NP_309316.1	NP_309317.2	NP_309318.2
NP_309320.1	NP_309321.1	NP_309322.1	NP_309323.1
NP_309329.1	NP_309330.1
NP_309331.1	NP_309332.1
NP_309334.1	NP_309335.1	NP_309336.2
NP_309338.1	NP_309339.2
NP_309340.1	NP_309341.1
NP_309344.2	NP_309346.1
NP_309348.2	NP_309349.1	NP_309350.1	NP_309351.2	NP_309352.1	NP_309353.1	NP_309354.1
NP_309360.1	NP_309363.2
NP_309364.1	NP_309365.1	NP_309366.1
NP_309367.2	NP_309368.2	NP_309369.1
NP_309372.1	NP_309373.2	NP_309375.1	NP_309376.1	NP_309377.1
NP_309378.1	NP_309379.2	NP_309380.1
NP_309382.1	NP_309383.1	NP_309385.1
NP_309389.2	YP_009502602.1
NP_309391.1	NP_309392.2
NP_309393.1	YP_009502603.1	NP_309397.1
NP_309399.2	NP_309400.1	NP_309401.1
NP_309403.1	NP_309404.1	NP_309405.1
NP_309407.1	NP_309408.1
NP_309409.2	NP_309413.1	NP_309414.1
NP_309415.1	NP_309416.1	YP_009502605.1	NP_309420.1
NP_309424.1	NP_309425.1
NP_309428.1	NP_309429.1	NP_309430.1
NP_309431.1	NP_309432.1	NP_309433.1
NP_309434.3	NP_309435.1
NP_309438.1	NP_309439.1	NP_309440.4
NP_309441.1	NP_309442.1	NP_309443.1
NP_309446.1	NP_309447.1	NP_309448.1	NP_309449.1
NP_309450.1	NP_309451.3
NP_309453.2	NP_309454.3
NP_309456.2	NP_309459.1
NP_309461.1	NP_309462.1
NP_309465.3	NP_309466.1
NP_309472.1	NP_309473.1	NP_309474.1
NP_309475.1	NP_309476.1	NP_309477.1
NP_309478.1	NP_309479.1
NP_309480.1	NP_309481.1	NP_309482.1	NP_309483.1	NP_309484.1	NP_309485.3	NP_309486.1
NP_309487.1	NP_309488.1
NP_309493.1	NP_309494.1	NP_309495.3	NP_309496.1
NP_309497.1	NP_309498.1
NP_309499.1	NP_309500.1
NP_309503.1	NP_309504.1	NP_309505.1
NP_309508.3	NP_309509.1	NP_309510.1
NP_309511.1	NP_309512.1
NP_309514.1	NP_309515.1
NP_309518.2	NP_309519.2	NP_309520.1
NP_309521.1	NP_309522.2	NP_309523.2
NP_309524.1	NP_309525.1
NP_309526.1	NP_309527.1
NP_309528.1	NP_309529.1	NP_309530.2
NP_309532.1	NP_309533.1
NP_309536.1	NP_309537.2	NP_309538.1
NP_309541.1	NP_309542.1
NP_309549.1	NP_309550.1
NP_309557.1	NP_309558.1
NP_309559.1	NP_309560.1
NP_309563.1	NP_309565.1
NP_309568.1	NP_309569.1	NP_309570.1
NP_309571.1	NP_309572.1	NP_309573.1	NP_309574.1	NP_309575.1
NP_309576.1	NP_309577.1
NP_309581.1	NP_309582.1
NP_309584.1	NP_309585.1
NP_309587.1	NP_309588.1
NP_309591.1	NP_309592.1
NP_309597.3	NP_309598.1
NP_309604.1	NP_309605.1
NP_309606.1	NP_309607.1
NP_309617.1	NP_309618.2	NP_309619.2	NP_309620.1
NP_309622.1	NP_309624.1	NP_309625.1
NP_309628.1	NP_309629.1
NP_309632.2	NP_309633.1	NP_309634.3
NP_309636.1	NP_309637.1
NP_309638.1	NP_309639.1
NP_309645.1	NP_309646.1	YP_009502612.1
NP_309652.1	NP_309653.2
NP_309654.1	NP_309656.1	NP_309657.1	NP_309658.1	NP_309659.1	NP_309660.1	NP_309661.1	NP_309662.1
NP_309663.1	NP_309664.1	NP_309665.1	NP_309666.1	NP_309667.1	NP_309668.1
NP_309671.1	NP_309672.1	NP_309673.1	NP_309674.2	NP_309675.1
NP_309677.1	NP_309678.1
NP_309679.1	NP_309680.1	NP_309681.1
NP_309684.1	NP_309685.1	NP_309686.1	NP_309687.1
NP_309689.1	NP_309690.1
NP_309691.1	NP_309692.1	NP_309693.2
NP_309695.1	NP_309696.1	NP_309697.1
NP_309700.2	NP_309701.2	NP_309702.1	NP_309703.5
NP_309705.1	NP_309706.1
NP_309707.1	NP_309708.1
NP_309711.1	NP_309712.2
NP_309713.2	NP_309715.2
NP_309716.2	NP_309717.1
NP_309721.1	NP_309723.1	NP_309724.1	NP_309725.1	NP_309726.1
NP_309730.2	NP_309731.1	NP_309732.4
NP_309735.1	NP_309736.1
NP_309738.3	NP_309739.2	NP_309740.1	NP_309741.1
NP_309742.1	NP_309743.1	NP_309744.1
YP_009502614.1	YP_009502615.1	NP_309748.1
NP_309749.1	NP_309750.3
NP_309753.1	NP_309754.1
NP_309756.1	NP_309757.1	NP_309758.1	NP_309759.1
NP_309761.1	NP_309762.1
NP_309763.3	NP_309764.1	NP_309765.1
NP_309770.2	NP_309771.1	NP_309772.1	NP_309773.1	NP_309774.1
NP_309775.2	NP_309776.1	NP_309777.1
NP_309780.1	NP_309781.1	NP_309782.1
NP_309784.1	NP_309785.1
NP_309786.1	NP_309787.1
NP_309790.1	NP_309791.1	YP_009502616.1	NP_309792.1
NP_309795.1	NP_309796.2	YP_009502617.1
NP_309802.1	NP_309803.1	NP_309804.1	NP_309805.1
NP_309809.1	NP_309810.1
NP_309811.1	NP_309812.1
NP_309813.1	NP_309814.1
NP_309816.1	NP_309818.1	NP_309819.1	NP_309820.1
NP_309822.1	NP_309823.1	NP_309824.1	NP_309825.1	NP_309826.1
NP_309827.2	NP_309828.1
NP_309830.1	NP_309831.1	NP_309832.1	NP_309833.1
NP_309835.1	NP_309836.1
NP_309841.1	NP_309842.1
NP_309845.1	NP_309846.1	NP_309847.1
NP_309856.1	NP_309857.1
NP_309859.1	NP_309860.1
NP_309861.2	NP_309862.1	NP_309863.1
NP_309865.1	NP_309866.4	NP_309867.1	NP_309868.1
NP_309869.1	NP_309870.1
NP_309873.1	NP_309874.1
YP_009502620.1	NP_304581.1	NP_309876.1
NP_309880.1	NP_309881.2	NP_309882.2
NP_309883.1	NP_309884.1
NP_309886.1	NP_309887.2	NP_309888.1
NP_309889.1	NP_309890.1	NP_309891.1	NP_309892.1	NP_309893.1
NP_309894.1	NP_309895.1	NP_309896.1	NP_309897.1	NP_309898.1	NP_309899.1	NP_309900.2
NP_309902.3	NP_309903.1	NP_309904.1	NP_309905.1	NP_309906.1
NP_309908.1	NP_309909.1	NP_309910.1	NP_309911.1
NP_309917.1	NP_309918.1	NP_309919.1	NP_309920.1	NP_309921.1	NP_309922.1	NP_309923.1
NP_309927.1	NP_309928.1	NP_309929.1
NP_309932.2	NP_309933.3	NP_309936.2
NP_309937.1	NP_309938.2
NP_309942.1	NP_309943.1
NP_309945.2	NP_309946.1
NP_309948.1	NP_309949.2
NP_309950.1	NP_309951.1
NP_309953.1	NP_309954.1
NP_309956.1	NP_309957.2
NP_309958.1	NP_309960.1	NP_309961.1
YP_009502622.1	NP_309963.2
NP_309965.1	NP_309967.2	NP_309968.2
NP_309969.1	NP_309970.1
NP_309971.1	NP_309972.1	NP_309973.2
NP_309975.1	NP_309976.1
NP_309977.1	NP_309978.1	NP_309980.1
NP_309981.1	NP_309982.1
NP_309983.1	NP_309984.1	NP_309985.1	NP_309986.1
NP_309989.1	NP_309990.1
NP_309991.1	NP_309992.1
NP_309997.1	NP_309998.1	NP_309999.1
NP_310003.1	NP_310004.1	NP_310005.1	NP_310006.1
NP_310007.1	NP_310008.1
NP_310011.1	NP_310012.1	NP_310013.1	NP_310014.2
NP_310017.1	NP_310018.1
NP_310019.2	NP_310020.2
NP_310022.1	NP_310023.1
NP_310024.2	NP_310027.1
NP_310028.1	NP_310029.1
NP_310031.1	NP_310032.2
NP_310033.1	NP_310034.2
NP_310037.2	NP_310038.1	NP_310039.1	NP_310040.2
NP_310042.2	NP_310043.1
NP_310044.1	NP_310045.1	NP_310046.1
NP_310047.1	NP_310048.1
NP_310050.2	NP_310051.1
NP_310055.1	NP_310056.2	NP_310058.2
NP_310061.1	NP_310062.1	NP_310063.1
NP_310064.3	NP_310066.1
YP_009502626.1	NP_310069.3
NP_310071.1	NP_310072.1	NP_310073.1	NP_310074.1
NP_310078.1	NP_310079.1
NP_310080.3	NP_310081.2
NP_310086.1	NP_310087.1	NP_310088.2	NP_310091.1
NP_310095.1	NP_310096.1	NP_310097.1	NP_310098.1
NP_310103.1	NP_310104.4
NP_310105.1	NP_310106.1	NP_310107.1
NP_310108.2	NP_310109.2
NP_310111.1	NP_310112.2
NP_310114.1	NP_310115.1	NP_310116.1	NP_310117.2	NP_310118.1
NP_310124.1	NP_310125.1
NP_310134.1	NP_310135.1	NP_310136.1	NP_310137.2	NP_310139.1	NP_310140.1
NP_310145.3	NP_310146.1
NP_310147.1	NP_310148.1	NP_310149.1	NP_310150.1
NP_310151.1	NP_310152.1	NP_310153.1
NP_310154.2	NP_310155.1
NP_310157.1	NP_310158.1	NP_310159.2
NP_310160.1	NP_310162.1
NP_310164.2	NP_310165.2	NP_310166.1
NP_310170.2	YP_009502628.1
NP_310171.1	NP_310172.1
NP_310175.1	NP_310176.1
NP_310184.1	NP_310186.2
NP_310187.1	NP_310188.1	NP_310189.2	NP_310190.2	NP_310191.1	NP_310192.1	NP_310193.1
NP_310194.1	NP_310195.1	NP_310196.1	NP_310197.1	NP_310198.1	NP_310199.1	NP_310200.1	NP_310201.1	NP_310202.1	NP_310203.1	NP_310204.1	NP_310205.1	NP_310206.1	NP_310207.1
NP_310211.2	NP_310210.2
NP_310212.2	NP_310213.2	NP_310214.1	NP_310215.1
NP_310220.1	NP_310221.1	NP_310222.2	NP_310223.1
NP_310231.2	NP_310232.2	NP_310233.1
NP_310234.1	NP_310235.1
NP_310236.2	NP_310237.1	NP_310238.1
NP_310241.1	NP_310242.1	NP_310245.1
NP_310246.2	NP_310247.1	NP_310248.1
NP_310249.1	NP_310250.1	NP_310251.1
NP_310257.1	NP_310258.1
NP_304967.1	NP_304968.1	NP_310263.2	NP_310264.2	NP_310265.1	NP_310266.1	NP_310267.1
NP_310268.2	NP_310269.1	NP_310270.1
NP_310271.1	NP_310272.1	NP_310273.1	NP_310274.1	NP_310275.1
YP_009502631.1	NP_310277.1	NP_310278.1	NP_310279.1
NP_310285.1	NP_310286.1
NP_310287.1	NP_310288.1
NP_310294.1	NP_310295.1	NP_310296.1
NP_310301.1	NP_310302.1	NP_310303.2
NP_310307.2	NP_310308.1
NP_310311.1	NP_310312.1	NP_310313.1	NP_310314.2
NP_310316.1	NP_310317.1
NP_310319.2	NP_310320.1	NP_310321.2	NP_310322.1	NP_310323.1	NP_310324.2
NP_310326.2	NP_310327.1
NP_310329.1	NP_310330.2	NP_310331.2
NP_310332.1	NP_310333.1
NP_310335.1	NP_310336.1
NP_310337.1	NP_310338.1	NP_310339.1
NP_310341.2	NP_310342.2	NP_310343.1
NP_310344.1	NP_310345.1
NP_310346.1	NP_310347.1
NP_310353.1	NP_310354.1	NP_310355.1
NP_310356.1	NP_310357.1	NP_310358.1
NP_310363.1	NP_310364.1	NP_310365.1	NP_310366.1	NP_310367.1	NP_310368.1
NP_310372.2	NP_310373.1	NP_310374.1
NP_310375.4	NP_310376.1
NP_310379.1	NP_310380.2	NP_310381.1
NP_310382.1	NP_310385.2
NP_310384.2	NP_310386.1
NP_310387.1	NP_310388.1	NP_310389.1
NP_310391.1	NP_310392.1
NP_310393.1	YP_009502636.1
NP_310396.1	NP_310397.1
NP_310401.1	NP_310402.1
NP_310404.1	NP_310405.2
NP_310406.2	NP_310407.1	NP_310408.1
NP_310410.1	NP_310411.1
NP_310413.1	NP_310414.1	NP_310415.1	NP_310416.1	NP_310417.2	NP_310418.1
NP_310424.1	NP_310425.2	NP_310426.1	NP_310427.1	NP_310428.1
NP_310431.1	NP_310432.1
NP_310433.1	NP_310434.1	NP_310435.2
NP_310437.1	NP_310438.1	NP_310439.1
NP_310442.1	NP_310443.1
NP_310447.1	NP_310448.1
NP_310450.1	NP_310451.3	NP_310452.1	NP_310453.1
NP_310456.3	NP_310457.1	NP_310458.1
NP_310460.1	NP_310461.2	NP_310462.1
NP_310463.3	NP_310464.1
NP_310466.1	NP_310467.1
NP_310469.1	NP_310470.1	NP_310471.1
NP_310473.1	NP_310474.1
NP_310478.1	NP_310479.1	NP_310480.1	NP_310481.1
NP_310487.2	NP_310488.2	NP_310489.1	NP_310490.2
NP_310496.1	NP_310497.1	NP_310498.1
NP_310501.1	NP_310502.2
NP_310504.1	NP_310505.1
NP_310507.1	NP_310508.1	NP_310509.1	NP_310510.1	NP_310511.1
NP_310513.2	NP_310514.1
NP_310515.1	NP_310516.2
NP_310517.1	NP_310518.1
NP_310519.1	NP_310520.1	NP_310521.3
NP_310523.1	NP_310525.1
NP_310527.1	NP_310528.2
NP_310531.1	NP_310532.1	NP_310533.1
NP_310534.1	NP_310535.2
NP_310536.1	NP_310537.2	NP_310538.1	NP_310539.1
NP_310540.2	NP_310541.2
NP_310543.1	NP_310544.1
NP_310545.3	NP_310546.2
NP_310548.1	NP_310549.1	NP_310550.1	NP_310551.2
NP_310554.1	NP_310555.1	NP_310556.4	NP_310557.1
NP_310559.1	NP_310560.1	NP_310562.1
NP_310566.1	NP_310567.1	NP_310568.1	NP_310569.3
NP_310570.1	NP_310571.2	NP_310572.3	NP_310573.2	NP_310574.1
NP_310575.2	NP_310576.1
NP_310577.1	NP_310578.1
NP_310579.1	NP_310580.1	NP_310581.1
NP_310582.1	NP_310583.1	NP_310584.2
NP_310587.1	NP_310588.1	NP_310589.1
NP_310590.1	NP_310591.1
NP_310592.1	NP_310593.2	NP_310594.4
NP_310595.1	NP_310596.1
NP_310597.1	NP_310598.1
NP_310600.1	NP_310601.1	NP_310602.2	NP_310603.1
NP_310604.2	NP_310605.1
NP_310606.2	NP_310607.1	NP_310608.1
NP_310609.2	NP_310610.1
NP_310611.2	NP_310612.2
NP_310613.1	NP_310614.1
NP_310615.2	NP_310616.1	NP_310617.1
NP_310618.1	NP_310619.1
NP_310620.1	NP_310621.1
NP_310622.1	NP_310623.1
NP_310624.1	NP_310625.1
NP_310626.1	NP_310627.1
NP_310628.1	NP_310629.2
NP_310631.1	NP_310632.1	NP_310635.1	NP_310636.1
NP_310639.1	NP_310640.1
NP_310658.1	NP_310659.1
NP_310660.2	NP_310661.1	NP_310662.1
NP_310663.1	NP_310664.2
NP_310665.2	NP_310666.3	NP_310670.1	NP_310671.1	NP_310672.1
NP_305380.1	NP_305381.1
NP_310677.1	NP_310678.2	NP_310679.1
NP_310682.1	NP_310683.1	NP_310686.2
NP_310687.2	NP_310688.1
NP_310690.1	NP_310691.1	NP_310692.1	NP_310693.1
NP_310695.1	NP_310696.1	NP_310697.1
NP_305405.1	NP_305407.1	NP_310703.1
NP_310704.1	NP_310705.1
NP_310706.2	NP_310707.1	NP_310708.1
NP_310711.1	NP_310712.1
NP_310713.2	NP_310714.1	NP_310715.1	NP_310716.1
NP_310719.3	NP_310720.1
NP_310721.1	NP_310722.1	NP_310723.1
NP_310725.1	NP_310726.1	NP_310727.1
NP_310733.1	NP_310734.3
NP_310735.1	NP_310736.1	NP_310737.1
NP_310741.1	NP_310742.1
NP_310743.1	NP_310744.1
NP_305452.1	NP_305453.1	NP_310748.2	NP_310749.2	NP_310750.1	NP_310751.1	NP_305458.1
NP_305459.1	NP_310754.2	NP_310755.1	NP_310756.3
NP_310757.1	NP_310758.1	NP_310759.1	NP_310760.1	NP_310761.1
NP_310762.1	NP_310763.1
NP_310766.2	NP_310765.2
NP_310771.1	NP_310772.2
NP_310777.1	NP_310778.1	NP_310779.1
NP_310783.1	NP_310784.1
NP_310788.1	NP_310789.2	NP_310790.1
NP_310791.1	NP_310792.1
NP_310794.1	NP_310795.1
NP_310799.1	NP_310800.1
NP_310805.1	NP_310806.1	NP_310807.1
NP_310812.2	NP_310813.1	NP_310814.1	NP_310815.2
NP_310816.2	NP_310817.1	NP_310818.1
NP_310821.1	NP_310822.2
NP_310823.2	NP_310824.1
NP_310828.1	NP_310829.1	NP_310830.1	NP_310831.1	NP_310832.1	NP_310833.1	NP_310834.2
NP_310836.2	NP_310837.1	NP_310838.1
NP_310841.1	NP_310842.2
NP_310843.2	NP_310844.3
NP_310847.1	NP_310848.1	NP_310849.1	NP_310850.2
NP_310851.1	NP_310852.2	NP_310853.1	NP_310854.1
NP_310856.1	NP_310857.1
NP_310865.1	NP_310866.1
NP_310869.2	NP_310870.1	NP_310871.1
NP_310876.1	NP_310877.1	NP_310878.1
NP_310884.1	NP_310885.1
NP_310886.1	NP_310887.1
NP_310888.1	NP_310889.1
NP_310890.1	NP_310891.1
NP_310892.2	NP_310893.1	NP_310894.1
NP_310895.2	NP_310896.1	NP_310897.1
NP_310898.1	NP_310899.1	NP_310900.2	NP_310904.1
NP_310906.2	NP_310907.2	NP_310908.1
NP_310909.2	NP_310910.1	NP_310911.1	NP_310912.1
NP_310913.1	NP_310914.1
NP_310921.1	NP_310922.1	NP_310923.1	NP_310924.1	NP_310925.1
NP_310929.1	NP_310930.1
NP_310931.1	NP_310932.2	NP_310933.1	NP_310934.1
NP_310935.1	NP_310936.1	NP_310937.1
NP_310939.1	NP_310940.2
NP_310941.1	NP_310942.1	NP_310943.1	NP_310944.1
NP_310945.1	NP_310946.2
NP_310953.1	NP_310954.2	NP_310957.1	NP_310958.1
NP_310959.2	NP_310960.1
NP_310962.1	NP_310963.2	NP_310964.1
NP_310967.2	NP_310968.1
NP_305676.1	NP_305677.1	NP_310972.2	NP_310973.1	NP_310974.1	NP_310975.1
NP_310977.1	NP_310978.1	NP_310979.1	NP_310980.1	NP_310981.1	NP_310982.1	NP_310983.1	NP_310984.2
NP_310985.1	NP_310986.2
NP_310988.1	NP_310989.2	NP_310990.1	NP_310991.1
NP_310994.1	NP_310995.1	NP_310996.1
NP_311013.1	NP_311014.1	NP_311015.1	NP_311016.1
NP_311019.1	NP_311021.1
NP_311025.2	NP_305733.1
NP_311028.1	NP_311029.1
NP_311030.2	NP_311031.1	NP_311032.2
NP_311036.1	NP_311037.1
NP_311039.1	NP_311040.1
NP_311042.1	NP_311043.1	NP_311044.1	NP_311045.1
NP_311048.2	NP_311049.2
NP_311051.1	NP_311052.3
NP_311054.1	NP_311055.2	NP_311056.1	NP_311057.1	NP_311058.1
NP_311060.1	NP_311061.1
NP_311064.1	NP_311065.1	NP_311066.2
NP_311067.1	NP_311068.1	NP_311069.1
NP_311070.1	NP_311071.1	NP_311072.1
NP_311074.1	NP_311075.1	NP_311076.1
NP_311077.1	NP_311078.1	NP_311079.1
NP_311080.1	NP_311081.1
NP_311084.1	NP_311085.1
NP_311086.1	NP_311087.1	NP_311088.1
NP_311096.2	NP_311097.1	NP_311098.1	NP_311099.1
NP_311101.1	NP_311102.1
NP_311103.1	NP_311104.1
NP_311106.1	NP_311107.1
NP_311110.1	NP_311111.1	NP_311112.1	NP_311113.1
NP_311114.1	NP_311115.1
NP_311116.1	NP_311117.1
NP_311120.1	NP_311121.1	NP_311122.1	NP_311123.1
YP_009502646.1	NP_311125.1
NP_311126.1	NP_311127.1
NP_311128.1	NP_311129.1
NP_311132.1	NP_311133.1
NP_311134.2	NP_311135.1	NP_311138.2
NP_311139.2	NP_311140.3	NP_311141.1
NP_311144.1	NP_311145.1	NP_311146.1
NP_311147.1	NP_311148.1
NP_311149.1	NP_311150.1
NP_311151.1	NP_311152.1
NP_311153.1	NP_311154.1	NP_311155.1
NP_311159.1	NP_311160.2
NP_311162.2	NP_311163.1	NP_311164.1
NP_311168.4	NP_311169.1	NP_311170.1	NP_311171.1	NP_311172.1
YP_009502647.1	NP_311173.2
NP_311175.1	NP_311176.1	NP_311177.1	NP_311178.1	NP_311179.1	NP_311180.2
NP_311183.2	NP_311184.2	NP_311186.1
NP_311187.2	NP_311188.1	NP_311189.1
NP_311190.1	NP_311191.1	NP_311192.1
NP_311193.1	NP_311194.2	NP_311195.1	NP_311196.1	NP_311197.3	NP_311198.1	NP_311199.3
NP_311201.1	NP_311202.1
NP_311203.1	NP_311204.1	NP_311205.2	NP_311206.2
NP_311207.1	NP_311208.1	NP_311209.3
NP_311210.1	NP_311211.4	NP_311212.1
NP_311213.1	NP_311214.1	NP_311215.1
NP_311218.1	NP_311219.1	NP_311220.1
NP_311223.1	NP_311224.1
NP_311226.1	NP_311227.1
NP_311229.1	NP_311230.1	NP_311231.1
NP_311233.1	NP_311234.1
NP_311238.1	NP_311239.1	NP_311240.1	NP_311242.2
NP_311243.1	NP_311244.2	NP_311245.2	NP_311246.1	NP_311247.1	NP_311248.1
NP_311250.1	NP_311251.1	NP_311252.1
NP_311254.2	NP_311255.1
NP_311257.1	NP_311258.1
NP_311259.1	NP_311260.1	NP_311261.1
NP_311265.1	NP_311266.1
NP_311268.1	NP_311269.1
NP_311273.1	NP_311274.1
NP_311275.1	NP_311276.1
NP_311279.1	NP_311280.1	NP_311281.1
NP_311287.1	NP_311288.1	NP_311289.1
NP_311290.1	NP_311291.1	NP_311292.1	NP_311293.1	NP_311294.1
NP_311296.1	NP_311297.1
NP_311301.3	NP_311302.2
NP_311306.1	NP_311309.1
YP_009502648.1	NP_311310.1	NP_311311.1
NP_311312.1	NP_311313.1	NP_311314.1	NP_311315.1	NP_311316.1
NP_311319.1	NP_311320.1	NP_311321.2	NP_311322.1	NP_311323.1
NP_311324.2	NP_311325.1
NP_311326.1	NP_311327.1	NP_311328.1
NP_311329.2	NP_311330.1	NP_311331.2	NP_311332.2
NP_311333.1	NP_311334.1
NP_311336.2	NP_311337.1	NP_311338.1	NP_311339.1
NP_311343.1	NP_311344.1	NP_311345.1	NP_311346.3
NP_311350.1	NP_311351.2
NP_311353.1	NP_311354.1
NP_311355.1	NP_311356.1	NP_311357.1
NP_311358.1	NP_311359.1
NP_311360.1	NP_311361.1	YP_009502649.1
NP_311362.2	NP_311363.1	NP_311364.1
NP_311366.2	NP_311367.1
NP_311370.2	NP_311371.1	NP_311372.2	NP_311373.1	NP_311374.1	NP_311375.2	NP_311376.1	NP_311377.1	NP_311378.1	NP_311379.2
NP_311383.1	NP_311384.1
NP_311386.1	NP_311387.2
NP_311388.1	NP_311389.1	NP_311390.1	NP_311391.1
NP_311393.2	NP_311394.2	NP_311395.1
NP_311396.1	NP_311397.1
NP_311400.2	NP_311401.1	NP_311402.1
NP_311403.1	NP_311404.1	NP_311405.1
NP_311408.1	NP_311409.1
NP_311410.1	NP_311411.1
NP_311412.1	NP_311413.1
NP_311419.1	NP_311420.1	NP_311421.1	NP_311422.1	NP_311423.2
NP_311426.1	NP_311427.2	NP_311428.2
NP_311429.1	NP_311430.1
NP_311431.1	NP_311432.1	NP_311433.1
NP_311434.1	NP_311435.1
NP_311437.1	NP_311439.1	NP_311440.1	NP_311441.1
NP_311446.1	NP_311447.1	NP_311448.1	NP_311449.2	NP_311450.1
NP_311452.2	NP_311453.2
NP_311454.2	NP_311455.1
NP_311456.1	NP_311457.1
NP_311458.1	NP_311459.1
NP_311460.1	NP_311461.1
NP_311463.1	NP_311464.1	NP_311465.1	NP_311466.1
NP_311475.1	NP_311476.2	NP_306183.1	NP_311479.2
NP_311481.1	NP_311482.1	NP_311483.1	NP_311484.1
NP_311485.1	NP_311487.1	NP_311488.1	NP_311489.1
NP_311490.1	NP_311491.1
NP_311492.3	NP_311493.1	NP_311494.1	NP_311495.1
NP_311496.1	NP_311497.1	NP_311498.3	NP_311499.1	NP_311500.1
NP_311501.3	NP_311502.2
NP_311504.1	NP_311505.1	NP_311506.2
NP_311507.2	NP_311508.2
NP_311509.1	NP_311510.1
NP_311513.1	NP_311514.1
NP_311517.1	NP_311518.2
NP_311520.1	NP_311521.1
NP_311523.1	NP_311524.1	NP_311525.1
NP_311527.3	NP_311528.1	NP_311529.1	NP_311530.1	NP_311531.1
NP_306238.1	NP_311533.2
NP_311536.1	NP_311537.1	NP_311538.1	NP_311539.1
NP_311545.1	NP_311546.1	NP_311547.2	NP_311548.2	NP_311549.1	NP_311550.1	NP_311551.1
NP_311553.1	NP_311554.1
NP_311555.1	NP_311556.1
NP_311563.1	NP_311564.1	NP_311565.1	NP_311566.1
NP_311567.1	NP_311568.1	NP_311569.1
NP_311571.1	NP_311572.1
NP_311573.1	NP_311574.1	NP_311575.1
NP_311580.1	NP_311581.1
NP_311582.1	NP_311583.1
NP_311587.1	NP_311588.1	NP_311589.1	NP_311590.1
NP_311593.1	NP_311594.1
NP_311595.1	NP_311596.1	NP_311597.3
NP_311598.1	NP_311599.1
NP_311602.1	NP_311603.1	NP_311604.1	NP_311605.1	NP_311606.1	NP_311607.1
NP_311609.1	NP_311610.1	NP_311611.1	NP_311612.1	NP_311613.2
NP_311616.1	NP_311617.1
NP_311618.1	NP_311619.1	NP_311620.1
NP_311623.1	NP_311624.1	NP_311625.1
NP_311626.1	NP_311627.1	NP_311628.1	NP_311629.1
NP_311631.1	NP_311632.1	NP_311633.1
NP_311635.1	NP_311636.1	NP_311637.3	NP_311638.1	NP_311639.1	NP_311640.1	NP_311641.1
NP_311645.1	NP_311646.1
NP_311647.1	NP_311648.2	NP_311649.2	NP_311650.1
NP_311653.2	NP_311656.1	NP_311657.2
NP_311658.1	NP_311659.1
NP_311662.1	NP_311664.1	NP_311665.3
NP_311666.1	NP_311667.1
NP_311669.1	NP_311670.1
NP_311671.1	NP_311672.2
NP_311674.1	NP_311676.1
NP_311678.1	NP_311679.1	NP_311680.1
NP_311681.1	NP_311682.1
NP_311683.1	NP_311684.1	NP_311685.3
NP_311686.2	NP_311687.1
NP_311688.1	NP_311689.1	NP_311690.2	NP_311691.1
NP_311693.1	NP_311694.1	NP_311695.1	NP_311696.2
NP_311697.1	NP_311698.1
NP_311699.1	NP_311700.1	NP_311701.2
NP_311703.1	NP_311704.1
NP_311707.1	NP_311708.2	NP_311709.1	NP_311710.1
NP_311711.1	NP_311712.1
NP_311713.1	NP_311714.1	YP_009502650.1
NP_311715.1	NP_311716.1
NP_311717.1	NP_311718.1
NP_311719.1	NP_311720.1
NP_311725.1	NP_311726.1	NP_311727.1	NP_311728.2
NP_311729.1	NP_311730.2	NP_311731.1	NP_311732.1
NP_311734.1	NP_311735.1	NP_311736.1	NP_311737.1
NP_311740.1	NP_311741.1
NP_311742.1	NP_311743.1	NP_311744.1	NP_311745.1	NP_311746.1
NP_311748.1	NP_306455.1	NP_306456.1	NP_311751.1	NP_311752.1	NP_311753.1
NP_311755.1	NP_311756.2	NP_311757.2
NP_311758.1	NP_311759.1	NP_311760.1	NP_311761.1
NP_311766.2	NP_311767.1	NP_311768.1
NP_311770.2	NP_311771.1	NP_311772.1	NP_311773.2
NP_311775.1	NP_311776.2
NP_311778.1	NP_311779.1	NP_311780.1	NP_311781.1
NP_311787.2	YP_009502651.1	NP_311788.1
NP_311790.1	NP_311790.1	NP_311791.1
NP_311792.1	NP_311793.1
NP_311795.1	NP_311796.1
NP_311798.1	NP_311799.1
NP_311801.1	NP_311802.1	NP_311803.1
NP_311804.1	NP_311805.1	NP_311806.1	NP_311807.3
NP_311808.1	NP_311809.4
NP_311811.1	NP_311812.1
NP_311813.1	NP_311814.1	NP_311815.1	NP_311816.2	NP_311817.1
NP_311820.1	NP_311821.1	NP_311822.1	NP_311823.1	NP_311824.1	NP_311825.1
NP_311826.1	NP_311827.1	NP_311828.1	NP_311829.1	NP_311830.1
NP_311833.1	NP_311834.1	NP_311835.1	NP_311836.1
NP_311841.1	NP_311842.2
NP_311845.1	NP_311846.1
NP_311849.2	NP_311850.1	NP_311851.3	NP_311852.1
NP_311853.3	NP_311855.1	NP_311856.2	NP_311857.1	NP_311858.1
NP_311859.1	NP_311860.1	NP_311861.1
NP_311862.2	NP_311863.1
NP_311864.1	NP_311865.1
NP_311866.2	NP_311867.2
NP_311869.1	NP_311870.1	NP_311873.1	NP_311874.1
NP_311882.1	NP_311884.1	NP_311885.1
NP_311889.2	NP_311890.1
NP_311892.2	NP_311893.2	NP_311895.1	NP_311896.1
NP_311902.1	NP_311903.1
NP_311905.1	NP_311906.1	NP_311907.1	NP_311908.1	NP_311909.1
NP_311916.1	NP_311917.1
NP_311919.1	NP_311920.1
NP_311921.3	NP_311923.2	NP_311926.1
NP_311927.1	NP_311928.1	NP_311929.1
NP_311934.1	NP_306641.1	NP_311937.1	NP_311938.1
NP_311940.1	NP_311941.2	NP_311942.1	NP_311943.1
NP_311945.1	NP_311946.1	NP_311947.1	NP_311948.1
NP_311950.2	NP_311952.2	NP_311953.1
YP_009502652.1	NP_311956.1
NP_311959.1	NP_311960.1
NP_311962.1	NP_311963.1	NP_311964.1
NP_311965.1	NP_311966.1
NP_311967.1	NP_311968.2
NP_311971.1	NP_311972.1	NP_311973.1
NP_311975.1	NP_311976.1	NP_311977.1
NP_311978.1	NP_311979.1
NP_311984.1	NP_311985.2	NP_311986.1
NP_311991.1	NP_311992.1	NP_311993.2
NP_311994.2	NP_311995.1	NP_311996.2	NP_311997.1
NP_311999.1	NP_312000.1	NP_312001.1
NP_312002.2	NP_312003.2
NP_312007.1	NP_312008.1	NP_312009.1
NP_312015.1	NP_312016.2
NP_312017.1	NP_312018.1
NP_312021.1	NP_312022.2
NP_312026.1	NP_312027.2	NP_312028.1
NP_312029.2	NP_312030.2	NP_312031.1
NP_312033.1	NP_312034.1	NP_312035.1
NP_312038.2	NP_312039.1	NP_312040.1	NP_312041.1
NP_312042.2	NP_312043.1	NP_312044.1
NP_312048.2	NP_312049.1
NP_312051.1	NP_312052.2
NP_312055.1	NP_312056.1	NP_312057.1	NP_312058.1
NP_312059.1	NP_312060.2
NP_312064.1	NP_312065.1
NP_312066.1	NP_312067.2	NP_312068.1
NP_312072.2	NP_312073.1
NP_312074.1	NP_312075.1	NP_312076.1	NP_312077.1	NP_312078.3
NP_312082.1	NP_312083.2	NP_312084.2	NP_312085.1
NP_312089.1	NP_312090.1
NP_312091.1	NP_312092.1
NP_312093.1	NP_312094.1
NP_312095.1	NP_312096.3
NP_312098.1	NP_312099.1	NP_312100.1	NP_312101.1
NP_312103.1	NP_312104.1	NP_312105.1	NP_312106.1
NP_312109.1	NP_312110.1	NP_312111.1
NP_312114.1	NP_312115.2	NP_312116.1	NP_312117.1
NP_312118.3	NP_312119.1	NP_312120.1
NP_312121.1	NP_312122.2	NP_312123.1
NP_312124.2	NP_312125.1	NP_312126.3
NP_312128.1	NP_312129.1	NP_312130.1	NP_312131.1	NP_312132.1
NP_312133.2	NP_312134.1	NP_312135.1
NP_312137.1	NP_312138.2
NP_312139.1	NP_312140.1	NP_312141.1	NP_312142.2
NP_312146.1	NP_312147.1
NP_312148.1	NP_312149.1	NP_312150.2	NP_312151.1
NP_312152.1	NP_312154.1	NP_312155.1
NP_312158.1	NP_312159.1	NP_312160.1
NP_312168.2	NP_312169.2	NP_312170.2	NP_312171.1
NP_312173.1	NP_312174.1	NP_312175.1	NP_312176.2	NP_312177.1	NP_312178.1
NP_312179.1	NP_312180.1	NP_312181.2	NP_312182.1	NP_312183.1
NP_312186.1	NP_312187.1
NP_312188.1	NP_312189.1	NP_312190.1
NP_312196.1	NP_312197.1
NP_312200.1	NP_312201.1	NP_312202.1
NP_312203.1	NP_312204.1
NP_312208.1	NP_312209.1
NP_312210.1	NP_312211.1	NP_312212.1	NP_312213.1
NP_312216.1	YP_009502654.1
NP_312217.1	NP_312218.1	NP_312219.1	NP_312220.1
NP_312221.1	NP_312222.1	NP_312223.1
NP_312227.1	YP_009502655.1	NP_312228.1	NP_312229.2
NP_312230.1	NP_312231.1	NP_312232.1	NP_312233.1
NP_312235.1	NP_312236.3
NP_312237.1	NP_312238.1	NP_312239.1	NP_312240.1
NP_312242.1	NP_312243.2	NP_312244.1
NP_312249.2	NP_312250.1	NP_312252.4
NP_312254.1	NP_312255.1
NP_312257.1	NP_312258.1	NP_312259.3
NP_312262.1	NP_312263.1	NP_312264.1
NP_312267.2	NP_312268.2	NP_312269.1	NP_312270.3
NP_312273.1	NP_312274.1
NP_312277.1	NP_312278.2
NP_312281.2	NP_312283.1	NP_312284.1
NP_312285.1	NP_312286.1
NP_312287.1	NP_312288.2	NP_312289.1
NP_312290.2	NP_312291.1
NP_312293.1	NP_312294.1	NP_312295.1
NP_312300.1	NP_312301.1	NP_312302.1	NP_312303.1	NP_312304.1
NP_312312.1	NP_312313.2	NP_312314.1
NP_312315.1	NP_312316.1
NP_312317.1	NP_312318.1
NP_312322.1	NP_312323.2	NP_312324.1	NP_312325.1	NP_312326.1
NP_312328.2	NP_312329.1	NP_312330.1	NP_312331.1
NP_312334.1	NP_312335.1
NP_312337.1	NP_312338.1	NP_312339.1	NP_312340.1
NP_312341.1	NP_312342.1
NP_312344.1	NP_312345.1
NP_312347.1	NP_312348.3
NP_312353.2	NP_312354.2	NP_312355.1	NP_312356.1	NP_312357.1	NP_312358.1	NP_312359.1	NP_312360.1	NP_312361.1	NP_312362.1	NP_312363.2	NP_312364.1	NP_312365.1	NP_312366.1
NP_312367.1	NP_312368.1
NP_312371.1	NP_312372.1
NP_312373.1	NP_312374.1
NP_312377.1	NP_312378.1	NP_312379.1	NP_312380.1	NP_312381.1	NP_312382.1
NP_312383.1	NP_312384.1
NP_312385.2	NP_312386.2	NP_312387.1	NP_312388.1
NP_312394.1	NP_312395.1
NP_312396.1	NP_312397.1
NP_312399.1	NP_312400.1	NP_312401.1	NP_312402.1
NP_312406.1	NP_312407.1
NP_312409.3	NP_312410.1	NP_312411.1
NP_312412.1	NP_312413.1	NP_312414.1
NP_312415.2	NP_312416.3	NP_312417.1
NP_312418.1	NP_312419.1
NP_312420.1	NP_312421.1
NP_312422.1	NP_312423.1	NP_312424.1
NP_312428.3	NP_312429.1	NP_312430.1
NP_312431.2	NP_312432.2
NP_312438.1	NP_312439.2	NP_312440.2	NP_312442.1
NP_312443.2	NP_312444.2	NP_312445.1
NP_312447.1	NP_312448.1	NP_312449.1	NP_312450.1	NP_312451.1
NP_312454.1	NP_312457.3	NP_312458.2
NP_312461.1	NP_312462.1
NP_312464.1	NP_312465.2
NP_312467.1	NP_312468.1
YP_009502658.1	NP_312469.1	NP_312470.1
NP_312474.1	NP_312475.1
NP_312476.1	NP_312477.1	NP_312478.1	NP_312479.1
NP_312481.1	NP_312482.1
NP_312483.1	NP_312484.1
NP_312485.1	NP_312486.1
NP_312489.1	NP_312490.1
NP_312494.1	NP_312495.1
NP_312497.1	NP_312498.1
NP_312500.1	NP_312501.1
NP_312502.1	NP_312503.1	NP_312504.1
NP_312505.1	NP_312506.1	NP_312507.1
NP_312509.1	NP_312510.1	NP_312511.1
NP_312512.1	NP_312513.1	NP_312514.1	NP_312515.1	NP_312516.1
NP_312517.1	NP_312518.2	NP_312519.2
NP_312520.1	NP_312521.1	NP_312522.1	NP_312523.3
NP_312525.1	NP_312526.1
NP_312528.1	NP_312529.1
NP_312532.2	NP_312533.1	NP_312534.3
NP_312535.1	NP_312536.1
NP_312537.1	NP_312538.1	NP_312539.1	NP_312540.2
NP_312541.2	NP_312542.2	NP_312543.2
NP_312544.1	NP_312545.1
NP_312546.1	NP_312547.2	NP_312548.2
NP_312550.1	NP_312551.1	NP_312552.1
NP_312555.2	NP_312556.1
NP_312557.1	NP_312558.1
NP_312559.1	NP_312560.2
NP_312562.2	NP_312564.2
NP_312566.1	NP_312567.3	NP_312568.1
NP_312572.2	NP_312573.1	NP_312574.1
NP_312577.1	NP_312578.1	NP_312579.1	NP_312580.1	NP_312581.1	NP_312582.1	NP_312583.1
NP_312586.1	NP_312587.1	NP_312588.1	NP_312589.1
NP_312591.1	NP_312592.1
NP_312594.2	NP_312595.1	NP_312596.1	NP_312597.1
NP_312598.1	NP_312599.2	NP_312600.1
NP_312602.1	NP_312603.1
NP_312604.1	NP_312605.1
NP_312607.1	NP_312608.1	NP_312609.1	NP_312610.2
NP_312611.2	NP_312612.1	NP_312613.2
NP_312617.2	NP_312618.1
NP_312619.2	NP_312620.2
NP_312624.1	NP_312625.1
NP_312630.1	NP_312631.2	NP_312632.2	NP_312633.1
NP_312638.1	NP_312639.1	NP_312640.1
YP_009502662.1	NP_312641.2
NP_312642.1	NP_312643.1	NP_312644.1
NP_312646.1	NP_312647.1
NP_312649.2	NP_312650.2
NP_312652.2	NP_312653.2	NP_312654.1
NP_312657.2	NP_312658.1
NP_312659.1	NP_312660.2
NP_312661.1	NP_312662.1	NP_312663.1	NP_312664.1
NP_312665.1	NP_312666.2	NP_312667.1	NP_312668.1
NP_312687.1	NP_312688.1	NP_312689.1	NP_312690.1	NP_312691.1
NP_312693.1	NP_312694.1
NP_312698.1	NP_312699.1
NP_312700.1	NP_312701.1	NP_312702.1	NP_312703.1	NP_312704.1	NP_312705.1	NP_312706.1	NP_312707.2	NP_312708.2
NP_312709.1	NP_312710.1
NP_312714.1	NP_312715.2
NP_312717.1	NP_312718.1	NP_312719.1	NP_312720.1
NP_312721.1	NP_312722.1
NP_312723.1	NP_312724.2	NP_312725.1
NP_312728.1	NP_312729.1	NP_312730.1
NP_312731.1	NP_312732.1	NP_312733.1
NP_312736.1	NP_312737.1
NP_312739.1	NP_312740.1
NP_312741.2	NP_312742.1
NP_312746.2	NP_312747.1
NP_312748.1	NP_312749.1
NP_312750.2	NP_312751.1	NP_312752.1	NP_312753.1
NP_312759.1	NP_312760.1	NP_312761.1	NP_312762.3
YP_009502664.1	NP_312766.2	NP_312767.1	NP_312768.1	NP_312769.1	NP_312770.1
NP_312771.1	NP_312772.1
YP_009502665.1	NP_312774.1
NP_312776.1	NP_312777.2
NP_312778.1	NP_312779.3	NP_312780.1
NP_312782.1	NP_312783.1	NP_312784.1
NP_312788.1	NP_312789.1
NP_312791.1	NP_312792.1
NP_312793.1	NP_312794.1	NP_312795.1	NP_312796.1
NP_312798.1	NP_312799.1
NP_312800.1	NP_312801.1
NP_312802.1	NP_312803.2	NP_312804.1
NP_312806.2	NP_312807.1
NP_312808.1	NP_312809.1	NP_312810.1	NP_312811.2
NP_312815.1	NP_312816.2
NP_312817.1	NP_312818.1	NP_312819.1
NP_312820.1	NP_312821.1	NP_312822.1	NP_312823.1
NP_312825.1	NP_312826.1	NP_312827.1
NP_312831.1	NP_312832.1
NP_312833.2	NP_312834.2
NP_312835.2	NP_312836.1
NP_312845.1	NP_312846.1	NP_312847.1
NP_312848.1	NP_312849.1
NP_312850.1	NP_312851.1
NP_312852.1	NP_312853.1
NP_312855.1	NP_312856.1	NP_312857.1	NP_312858.1
NP_312859.1	NP_312860.3
NP_312861.3	NP_312862.2	NP_312863.2
NP_312864.1	NP_312865.1
NP_312866.2	NP_312867.1	NP_312868.1	NP_312869.1
NP_312871.1	NP_312872.1
NP_312873.1	NP_312874.1	NP_312875.1
NP_312876.1	NP_312877.1	NP_312878.1	NP_312879.1
NP_312881.2	NP_312882.1
NP_312883.1	NP_312884.1
NP_312885.1	NP_312886.1	NP_312887.2
NP_312888.1	NP_312889.1
NP_312890.1	NP_312891.1	YP_009502666.1	YP_009502667.1
NP_312893.1	NP_312894.1
NP_312895.1	NP_312896.1	NP_312897.1	NP_312898.1	NP_312899.2
NP_312900.1	NP_312901.2	NP_312902.1	NP_312903.2
NP_312906.1	NP_312907.1	NP_312908.3	NP_312909.1
NP_312911.1	NP_312912.1	NP_312913.1
NP_312914.1	NP_312915.2	NP_312916.1
NP_312919.1	NP_312920.1	NP_312921.3	NP_312922.1
NP_312925.2	NP_312926.1	NP_312927.1
NP_312931.1	NP_312932.1	NP_312933.1	NP_312934.1
NP_312937.1	NP_312938.1	NP_312939.1
NP_312940.1	NP_312941.2	YP_009502668.1	NP_312942.2
NP_312943.1	NP_312944.1
NP_312946.1	NP_312947.1	NP_312948.1	NP_312949.1	NP_312950.1	NP_312951.2
NP_312953.1	NP_312954.1
NP_312955.1	NP_312956.1	NP_312957.1
NP_312959.1	NP_312960.1	NP_312961.1
NP_312962.1	NP_312963.2
NP_312964.1	NP_312965.1
NP_312966.1	NP_312968.1	NP_312970.1
NP_312971.1	NP_312972.1	NP_312973.1	NP_312974.1	NP_312975.1
NP_312980.1	NP_312981.1	NP_312982.1
NP_312995.1	NP_312996.1	NP_312997.2	NP_312998.1	NP_312999.1
NP_313000.1	NP_313001.1	NP_313002.1	NP_313003.1	NP_313004.1
NP_313005.1	NP_313006.1	NP_313007.1	NP_313008.1	NP_313009.1	NP_313010.2	NP_313011.1	NP_313012.2	NP_313013.1	NP_313014.2	NP_313015.1
NP_313017.1	NP_313018.1
NP_313019.1	NP_313020.1	NP_313021.1	NP_313022.1
NP_313024.1	NP_313025.1
NP_313027.1	NP_313028.1	NP_313029.1	NP_313030.1	NP_313031.3
NP_313033.1	NP_313034.1
NP_313037.2	NP_313038.1	NP_313039.1
NP_313041.1	NP_313044.1
NP_313046.1	NP_313047.1
NP_313048.1	NP_313049.2	NP_313050.1
NP_313052.1	NP_313053.1	NP_313054.4	NP_313055.1
NP_313057.1	NP_313058.1	NP_313059.2
NP_313061.1	NP_313062.1	NP_313063.1
NP_313064.1	NP_313065.1	NP_313066.1
NP_313072.1	NP_313073.1	NP_313074.1
NP_313075.1	NP_313076.1	NP_313077.1	NP_313078.1
NP_313079.1	NP_313080.2
NP_313081.1	NP_313082.1	NP_313083.2	NP_313084.1
NP_313087.1	NP_313088.1	NP_313089.1	NP_313090.2	NP_313091.1	NP_313092.1
NP_313095.1	NP_313096.1
NP_313098.1	NP_313099.1	NP_313100.1
NP_313101.1	YP_009502671.1
NP_313104.1	NP_313105.1	NP_313106.1	NP_313107.1
NP_313108.1	NP_313109.1	NP_313110.1	NP_313111.1	NP_313112.1
NP_313113.2	NP_313114.1
NP_313118.1	NP_313119.2	NP_313120.1
NP_313121.2	NP_313122.1
NP_313126.1	NP_313127.1
NP_313128.1	NP_313129.3
NP_313132.1	NP_313133.1	NP_313134.1
NP_313135.1	NP_313136.1
NP_313137.1	YP_009502672.1
NP_313138.1	NP_313139.1
NP_313140.1	NP_313141.1
NP_313144.1	NP_313145.1
NP_313146.1	NP_313147.2
NP_313150.1	NP_313151.1
NP_313153.1	NP_313154.1
NP_313155.1	YP_009502673.1	YP_009502674.1
NP_313157.1	NP_313158.1	NP_313159.1	NP_313160.1	NP_313161.1	NP_313162.1
NP_313163.2	NP_313164.2
NP_313165.1	NP_313166.1	NP_313167.2
NP_313169.2	NP_313171.1
NP_313175.1	NP_313176.1
NP_313177.1	NP_313178.1
NP_313182.2	NP_313183.1
NP_313184.1	NP_313185.1	NP_313186.1
NP_313188.1	NP_313189.1
NP_313191.3	NP_313192.2
NP_313194.1	NP_313195.2
NP_313197.1	NP_313198.1	NP_313199.1	NP_313200.1	NP_313201.1
NP_313203.1	NP_313204.1	NP_313205.1	NP_313206.1
NP_313207.2	NP_313209.1
NP_313212.2	NP_313213.1
NP_313214.1	NP_313215.2	NP_313217.3
NP_313219.1	NP_313220.1
NP_313223.1	NP_313224.1
NP_313225.1	NP_313226.1	NP_313227.1	NP_313229.2	NP_313230.2
NP_313233.1	NP_313234.2	NP_313235.2
NP_313239.1	NP_313240.2
NP_313241.1	NP_313242.1
NP_313243.1	NP_313244.1	NP_313245.1
NP_313248.1	NP_313249.1	NP_313250.1
NP_313252.1	NP_313253.1
NP_313255.2	NP_313256.2	NP_313257.1
NP_313262.1	NP_313263.1	NP_313264.1
NP_313265.1	NP_313266.2
NP_313267.1	NP_313268.2
NP_313269.1	NP_313270.1	NP_313271.2
NP_313272.2	NP_313273.1	NP_313275.1
NP_313277.1	NP_313278.1
NP_313279.2	NP_313280.1
NP_313281.1	NP_313282.2
NP_313284.1	NP_313285.1
NP_313286.2	NP_313287.1	NP_313288.2	NP_313289.1	NP_313290.1	NP_313291.1
NP_313293.2	NP_313295.1	NP_313296.2	NP_313297.2
NP_313298.1	NP_313299.1
NP_313300.1	NP_313301.2	NP_313302.3	NP_313303.1	NP_313304.1	NP_313305.1	NP_313306.1
NP_313308.1	NP_313309.1	NP_313310.2
NP_313313.1	NP_313314.1	NP_313315.2	NP_313316.3
NP_313323.1	NP_313324.1	NP_313325.2	NP_313326.1
NP_313330.1	NP_313331.1	NP_313332.1
NP_313333.1	NP_313334.2	NP_313335.1
NP_313336.1	NP_313337.1
NP_313338.2	NP_313339.1	NP_313340.2	NP_313341.1
NP_313343.1	NP_313344.2
NP_313347.2	NP_313348.1	NP_313349.1
NP_313350.2	NP_313351.3
NP_313352.1	NP_313353.3
NP_313357.1	NP_313358.1	NP_313359.1
NP_313361.1	YP_009502676.1
NP_313362.1	NP_313363.2
NP_313367.1	NP_313368.2	NP_313369.1	NP_313370.1
NP_313371.1	NP_313372.1
NP_313373.1	NP_313374.1	NP_313375.2	YP_009502677.1
NP_313377.2	NP_313378.2
NP_313383.1	NP_313384.1	NP_313385.1
