WP_020861325.1	WP_010871209.1
WP_010871210.1	WP_010871211.1	WP_010871212.1	WP_010871213.1
WP_010871217.1	WP_048908418.1	WP_010871219.1	WP_010871220.1	WP_010871221.1
WP_020861329.1	WP_010871223.1
WP_020861330.1	WP_020861331.1	WP_010871228.1
WP_010871230.1	WP_020861332.1	WP_010871232.1
WP_223211316.1	WP_199303644.1	WP_223211317.1	WP_020861340.1
WP_020861343.1	WP_010871243.1	WP_010871244.1
WP_010871245.1	WP_010871246.1
WP_010871247.1	WP_071822643.1
WP_010871248.1	WP_223211318.1
WP_014407064.1	WP_010871252.1	WP_010871253.1	WP_010871254.1
WP_020861345.1	WP_010871256.1	WP_010871257.1	WP_020861347.1
WP_010871259.1	WP_010871260.1
WP_010871265.1	WP_010871266.1	WP_010871267.1	WP_010871268.1
WP_010871269.1	WP_010871270.1
WP_010871271.1	WP_010871272.1
WP_041425898.1	WP_020861351.1	WP_020861352.1	WP_010871274.1
WP_010871276.1	WP_010871277.1
WP_010871278.1	WP_010871279.1	WP_010871280.1
WP_010871281.1	WP_010871282.1	WP_010871283.1
WP_020861356.1	WP_010871285.1	WP_010871286.1	WP_010871287.1
WP_010871288.1	WP_010871289.1	WP_010871290.1
WP_010871292.1	WP_010871293.1	WP_010871294.1	WP_020861358.1	WP_010871296.1
WP_010871297.1	WP_010871298.1
WP_010871299.1	WP_010871300.1
WP_020861361.1	WP_010871303.1
WP_010871308.1	WP_010871309.1	WP_010871310.1
WP_308417040.1	WP_010871315.1	WP_010871316.1
WP_010871317.1	WP_010871318.1	WP_010871319.1	WP_010871320.1
WP_041425902.1	WP_010871324.1	WP_010871325.1	WP_010871326.1
WP_010871329.1	WP_010871331.1	WP_010871332.1	WP_010871333.1	WP_010871334.1	WP_010871335.1
WP_010871340.1	WP_010871341.1	WP_010871342.1
WP_010871346.1	WP_010871347.1	WP_010871348.1	WP_010871349.1
WP_010871350.1	WP_010871351.1	WP_010871352.1
WP_010871353.1	WP_010871354.1
WP_010871356.1	WP_010871357.1	WP_010871358.1	WP_010871359.1	WP_010871360.1
WP_010871364.1	WP_010871365.1	WP_010871366.1	WP_010871367.1	WP_010871368.1	WP_010871369.1	WP_010871370.1	WP_199303437.1
WP_010871372.1	WP_010871373.1	WP_020861377.1	WP_010871375.1
WP_010871377.1	WP_010871378.1	WP_010871379.1	WP_223211321.1
WP_010871381.1	WP_010871382.1
WP_010871384.1	WP_020861380.1	WP_010871386.1
WP_010871387.1	WP_010871388.1
WP_010871389.1	WP_010871390.1	WP_020861381.1	WP_010871392.1	WP_010871393.1	WP_010871394.1
WP_041425760.1	WP_223211322.1	WP_010871396.1
WP_010871397.1	WP_010871398.1
WP_010871399.1	WP_010871400.1
WP_010871401.1	WP_010871402.1	WP_014407066.1	WP_010871404.1	WP_010871405.1	WP_010871406.1	WP_010871407.1
WP_010871408.1	WP_020861386.1	WP_223211323.1
WP_010871412.1	WP_010871413.1	WP_010871414.1
WP_010871417.1	WP_020861387.1	WP_010871418.1
WP_010871419.1	WP_010871420.1
WP_010871421.1	WP_010871422.1
WP_020861389.1	WP_010871424.1	WP_010871425.1
WP_014407067.1	WP_010871427.1
WP_010871428.1	WP_020861390.1
WP_010871430.1	WP_010871431.1
WP_010871432.1	WP_010871433.1	WP_010871434.1
WP_010871435.1	WP_010871436.1	WP_020861393.1
WP_010871438.1	WP_010871439.1
WP_010871440.1	WP_010871441.1
WP_010871443.1	WP_010871444.1	WP_010871445.1	WP_010871446.1
WP_223211324.1	WP_010871448.1
WP_010871450.1	WP_010871451.1	WP_010871452.1	WP_010871453.1
WP_223211325.1	WP_010871455.1	WP_010871456.1	WP_223211326.1
WP_010871458.1	WP_010871459.1
WP_010871460.1	WP_010871461.1	WP_010871462.1	WP_010871463.1
WP_041425763.1	WP_041425764.1
WP_010871465.1	WP_010871466.1
WP_010871470.1	WP_010871471.1
WP_010871473.1	WP_010871474.1	WP_010871475.1
WP_010871477.1	WP_010871478.1	WP_255345266.1
WP_010871479.1	WP_010871480.1
WP_010871481.1	WP_010871482.1
WP_010871484.1	WP_010871485.1	WP_010871486.1
WP_010871488.1	WP_223211328.1
WP_010871490.1	WP_010871491.1	WP_010871492.1	WP_010871493.1	WP_010871494.1
WP_010871495.1	WP_010871496.1	WP_010871497.1
WP_010871499.1	WP_010871500.1
WP_010871501.1	WP_010871502.1	WP_431197048.1
WP_010871504.1	WP_010871505.1
WP_010871506.1	WP_010871507.1
WP_010871508.1	WP_010871509.1
WP_010871511.1	WP_010871512.1	WP_010871513.1
WP_010871516.1	WP_010871517.1	WP_010871518.1	WP_010871519.1
WP_010871520.1	WP_010871521.1
WP_010871522.1	WP_010871523.1	WP_158299067.1
WP_010871525.1	WP_010871526.1
WP_010871531.1	WP_010871532.1	WP_010871533.1	WP_010871534.1
WP_230401107.1	WP_010871538.1
WP_020861423.1	WP_010871544.1
WP_010871545.1	WP_010871546.1	WP_010871547.1	WP_010871548.1
WP_010871551.1	WP_010871552.1	WP_010871553.1
WP_010871555.1	WP_223211330.1	WP_010871248.1	WP_010871557.1	WP_010871558.1
WP_041425907.1	WP_010871560.1
WP_041425768.1	WP_010871563.1
WP_010871567.1	WP_010871568.1
WP_010871570.1	WP_010871571.1	WP_228670066.1
WP_010871574.1	WP_010871575.1	WP_223211332.1
WP_010871577.1	WP_010871578.1
WP_010871579.1	WP_010871580.1	WP_010871581.1
WP_010871582.1	WP_010871583.1
WP_010871584.1	WP_010871585.1
WP_255345277.1	WP_010871586.1
WP_010871587.1	WP_010871588.1	WP_010871589.1	WP_010871590.1
WP_020861429.1	WP_010871592.1
WP_010871594.1	WP_010871595.1	WP_010871596.1	WP_010871597.1	WP_010871598.1	WP_010871599.1
WP_010871603.1	WP_010871604.1
WP_010871605.1	WP_010871606.1	WP_010871607.1
WP_010871608.1	WP_010871609.1
WP_010871611.1	WP_010871612.1
WP_010871613.1	WP_010871614.1	WP_010871615.1	WP_020861436.1	WP_010871617.1	WP_010871618.1
WP_010871625.1	WP_010871626.1
WP_010871628.1	WP_010871629.1	WP_010871630.1
WP_158299068.1	WP_231848047.1	WP_010871632.1	WP_010871633.1
WP_010871635.1	WP_041425771.1
WP_010871637.1	WP_010871638.1
WP_353511586.1	WP_010871640.1	WP_010871641.1
WP_020861443.1	WP_010871642.1
WP_010871643.1	WP_010871644.1
WP_010871645.1	WP_010871646.1
WP_010871650.1	WP_010871651.1
WP_014407070.1	WP_010871653.1	WP_014407071.1	WP_010871655.1	WP_010871656.1	WP_010871657.1
WP_010871662.1	WP_010871663.1
WP_014407072.1	WP_010871665.1	WP_010871666.1
WP_010871668.1	WP_010871669.1
WP_041425910.1	WP_010871671.1	WP_010871672.1	WP_010871673.1	WP_010871674.1
WP_010871677.1	WP_010871678.1	WP_041425911.1
WP_223211333.1	WP_014407073.1
WP_010871683.1	WP_223211334.1	WP_010871685.1	WP_010871686.1
WP_020861455.1	WP_010871689.1
WP_010871693.1	WP_010871694.1
WP_010871695.1	WP_014407074.1	WP_010871697.1
WP_010871700.1	WP_223211335.1
WP_010871702.1	WP_010871703.1	WP_010871704.1
WP_010871705.1	WP_010871706.1
WP_010871707.1	WP_010871708.1	WP_010871709.1
WP_010871710.1	WP_010871711.1	WP_010871712.1	WP_010871713.1
WP_010871714.1	WP_020861463.1
WP_010871719.1	WP_010871720.1
WP_010871721.1	WP_010871722.1	WP_010871723.1	WP_010871724.1	WP_010871725.1	WP_010871727.1
WP_020861466.1	WP_014407075.1
WP_014407076.1	WP_010871733.1
WP_020861467.1	WP_010871735.1
WP_010871737.1	WP_010871738.1
WP_010871741.1	WP_010871742.1	WP_010871743.1
WP_010871746.1	WP_010871747.1	WP_010871748.1
WP_010871751.1	WP_010871752.1	WP_010871753.1
WP_010871754.1	WP_010871315.1	WP_010871755.1
WP_158299070.1	WP_010871759.1
WP_010871760.1	WP_010871761.1
WP_010871763.1	WP_010871764.1	WP_223211336.1
WP_020861473.1	WP_223211337.1
WP_010871768.1	WP_010871769.1	WP_010871770.1	WP_020861474.1
WP_010871772.1	WP_010871773.1	WP_010871774.1	WP_010871775.1
WP_010871776.1	WP_010871777.1
WP_010871778.1	WP_010871779.1
WP_020861477.1	WP_010871782.1
WP_010871783.1	WP_010871784.1
WP_010871785.1	WP_020861480.1	WP_010871787.1
WP_010871788.1	WP_010871789.1	WP_010871790.1	WP_010871791.1
WP_010871792.1	WP_010871793.1	WP_158299071.1
WP_010871795.1	WP_010871796.1	WP_010871797.1	WP_223211338.1	WP_010871800.1	WP_010871801.1
WP_020861482.1	WP_010871804.1
WP_020861483.1	WP_010871807.1	WP_010871808.1	WP_010871809.1
WP_010871810.1	WP_010871811.1	WP_010871812.1
WP_010871814.1	WP_010871815.1
WP_010871816.1	WP_010871817.1	WP_010871818.1
WP_010871819.1	WP_010871820.1	WP_010871822.1	WP_010871823.1	WP_010871824.1
WP_041425777.1	WP_010871826.1
WP_010871827.1	WP_010871828.1	WP_010871829.1
WP_010871830.1	WP_020861489.1	WP_010871832.1
WP_010871834.1	WP_010871835.1	WP_010871836.1	WP_010871837.1
WP_020861492.1	WP_010871840.1	WP_020861493.1
WP_010871843.1	WP_010871844.1	WP_020861495.1
WP_010871846.1	WP_010871847.1	WP_020861496.1
WP_010871850.1	WP_010871851.1	WP_010871852.1	WP_223211339.1
WP_010871854.1	WP_010871855.1	WP_010871856.1
WP_010871857.1	WP_010871858.1	WP_010871859.1	WP_010871860.1	WP_010871861.1
WP_010871862.1	WP_010871863.1	WP_020861498.1
WP_010871867.1	WP_014407077.1	WP_010871869.1	WP_010871870.1
WP_010871871.1	WP_010871872.1	WP_020861500.1
WP_242018586.1	WP_010871876.1	WP_038531201.1
WP_010871880.1	WP_010871881.1	WP_010871882.1	WP_010871883.1
WP_010871885.1	WP_010871886.1	WP_010871887.1	WP_010871888.1	WP_010871889.1
WP_010871891.1	WP_010871892.1	WP_010871893.1	WP_020861510.1	WP_010871895.1
WP_010871896.1	WP_010871897.1
WP_010871898.1	WP_010871899.1	WP_010871900.1
WP_010871901.1	WP_010871902.1	WP_010871903.1
WP_010871904.1	WP_223211341.1
WP_010871907.1	WP_010871908.1	WP_010871909.1	WP_010871910.1
WP_010871911.1	WP_223211342.1	WP_020861516.1	WP_010871913.1
WP_010871914.1	WP_010871915.1
WP_010871917.1	WP_010871918.1	WP_010871919.1	WP_010871920.1
WP_010871922.1	WP_010871923.1
WP_010871925.1	WP_010871926.1	WP_010871927.1
WP_010871928.1	WP_010871929.1
WP_228670067.1	WP_020861521.1	WP_010871931.1
WP_010871934.1	WP_010871935.1	WP_010871936.1	WP_010871937.1
WP_010871940.1	WP_010871941.1	WP_010871942.1
WP_010871943.1	WP_010871944.1
WP_223211343.1	WP_010871948.1
WP_010871950.1	WP_010871951.1	WP_010871952.1
WP_010871954.1	WP_010871955.1	WP_010871956.1	WP_010871957.1
WP_010871958.1	WP_010871959.1
WP_010871961.1	WP_010871962.1	WP_010871963.1
WP_010871964.1	WP_010871965.1
WP_014407080.1	WP_010871968.1	WP_010871969.1
WP_010871970.1	WP_010871971.1	WP_010871972.1
WP_010871973.1	WP_010871974.1	WP_010871975.1	WP_010871976.1
WP_010871978.1	WP_010871979.1
WP_223211344.1	WP_010871983.1
WP_010871985.1	WP_010871986.1	WP_428960995.1	WP_020861538.1
WP_010871989.1	WP_102014004.1	WP_102014004.1
WP_010871994.1	WP_010871995.1
WP_010871996.1	WP_010871997.1
WP_010872000.1	WP_010872001.1	WP_010872002.1
WP_010872003.1	WP_010872004.1	WP_010872005.1	WP_010872006.1
WP_230401103.1	WP_010872009.1
WP_010872011.1	WP_010872012.1
WP_020861545.1	WP_048908424.1	WP_010872019.1
WP_228670069.1	WP_010872022.1
WP_010872024.1	WP_010872025.1
WP_010872028.1	WP_020861548.1
WP_020861549.1	WP_010872032.1
WP_010872033.1	WP_428960996.1	WP_010872035.1
WP_010872036.1	WP_010872037.1	WP_010872038.1
WP_020861553.1	WP_010872039.1
WP_020861555.1	WP_010872041.1
WP_010872042.1	WP_010872043.1
WP_020861558.1	WP_010872045.1
WP_010872046.1	WP_010872047.1
WP_010872048.1	WP_010872049.1
WP_010872050.1	WP_010872051.1	WP_010872052.1
WP_020861559.1	WP_020861560.1
WP_010872055.1	WP_010872056.1	WP_010872057.1	WP_255345281.1
WP_010872058.1	WP_010872059.1	WP_041425936.1
WP_010872062.1	WP_010872063.1	WP_010872064.1	WP_010872065.1	WP_010872066.1
WP_010872067.1	WP_010872068.1
WP_010872069.1	WP_010872070.1	WP_010872071.1	WP_010872072.1	WP_010872073.1
WP_010872076.1	WP_010872077.1	WP_010872078.1	WP_010872079.1
WP_010872081.1	WP_010872082.1
WP_010872083.1	WP_010872084.1	WP_020861563.1	WP_010872086.1
WP_010872087.1	WP_014407089.1	WP_010872089.1
WP_010872092.1	WP_020861568.1
WP_041428170.1	WP_010872099.1
WP_010872101.1	WP_020861572.1	WP_010872103.1
WP_041425941.1	WP_010872106.1
WP_010872107.1	WP_010872108.1
WP_010872111.1	WP_010872112.1	WP_010872113.1
WP_010872114.1	WP_010872115.1
WP_010872117.1	WP_010872118.1	WP_041432077.1
WP_010872120.1	WP_010872121.1	WP_010872122.1
WP_010872125.1	WP_010872126.1	WP_010872127.1
WP_010872128.1	WP_010872129.1
WP_010872131.1	WP_010872132.1	WP_010872133.1	WP_223211349.1
WP_010872135.1	WP_010872136.1
WP_014407090.1	WP_010872138.1	WP_010872139.1
WP_010872141.1	WP_010872142.1	WP_010872143.1
WP_010872144.1	WP_010872145.1
WP_010872148.1	WP_010872149.1
WP_010872152.1	WP_010872153.1
WP_010872154.1	WP_010872155.1	WP_010872156.1
WP_010872158.1	WP_010872159.1	WP_010872160.1
WP_020861597.1	WP_010872162.1	WP_010872163.1	WP_010872164.1
WP_020861599.1	WP_020861600.1
WP_010872170.1	WP_010872171.1	WP_010872172.1
WP_010872179.1	WP_010872180.1	WP_010872181.1
WP_255345284.1	WP_020861606.1
WP_010872183.1	WP_020861608.1
WP_010872184.1	WP_010872185.1	WP_010872186.1	WP_010872187.1
WP_010872188.1	WP_010872189.1	WP_010872190.1
WP_010872191.1	WP_020861609.1	WP_010872193.1
WP_010872194.1	WP_010872195.1	WP_010872196.1	WP_010872197.1	WP_014407093.1
WP_255345285.1	WP_010872200.1	WP_010872201.1
WP_010872202.1	WP_010872203.1	WP_010872204.1
WP_010872207.1	WP_010872208.1	WP_010872209.1	WP_010872210.1
WP_010872211.1	WP_010872212.1	WP_020861617.1	WP_010872213.1	WP_020861618.1	WP_010872215.1
WP_020861619.1	WP_010872217.1	WP_010872218.1
WP_020861620.1	WP_020861621.1	WP_010872221.1	WP_010872222.1
WP_010872224.1	WP_010872225.1
WP_010872227.1	WP_010872228.1
WP_223211350.1	WP_010872230.1	WP_010872231.1
WP_020861624.1	WP_038530698.1
WP_020861626.1	WP_041425792.1
WP_010872238.1	WP_041428172.1
WP_014407094.1	WP_010872240.1
WP_010872241.1	WP_010872242.1	WP_010872243.1
WP_010872244.1	WP_010872245.1	WP_010872246.1
WP_010872247.1	WP_020861632.1
WP_010872252.1	WP_070097961.1
WP_010872254.1	WP_010872255.1
WP_010872256.1	WP_010872257.1	WP_020861638.1	WP_010872259.1
WP_010872261.1	WP_020861640.1	WP_010872263.1
WP_010872266.1	WP_010872267.1	WP_010872268.1	WP_010872269.1
WP_010872272.1	WP_010872273.1	WP_010872274.1
WP_010872275.1	WP_010872276.1
WP_010872277.1	WP_010872278.1	WP_010872279.1
WP_010872280.1	WP_010872281.1	WP_010872282.1
WP_010872283.1	WP_010872284.1	WP_010872285.1	WP_223211351.1
WP_010872288.1	WP_010872289.1	WP_010872290.1	WP_010872291.1	WP_010872292.1
WP_010872293.1	WP_010872294.1
WP_020861647.1	WP_020861648.1
WP_020861649.1	WP_010872298.1
WP_010872300.1	WP_010872301.1
WP_010872305.1	WP_010872306.1
WP_010872307.1	WP_010872308.1
WP_010872312.1	WP_010872313.1
WP_010872314.1	WP_020861653.1
WP_010872316.1	WP_010872317.1	WP_102014006.1
WP_223211353.1	WP_010872321.1
WP_010872324.1	WP_010872325.1	WP_010872326.1
WP_010872330.1	WP_010872331.1
WP_010872332.1	WP_010872333.1
WP_010872335.1	WP_010872336.1	WP_010872337.1
WP_010872338.1	WP_010872339.1	WP_010872340.1	WP_010872341.1
WP_010872342.1	WP_010872343.1	WP_010872344.1	WP_010872345.1
WP_060492345.1	WP_010872347.1
WP_010872348.1	WP_010872349.1	WP_020861663.1	WP_010872351.1
WP_010872357.1	WP_010872358.1
WP_010872359.1	WP_010872360.1	WP_010872361.1	WP_041425800.1
WP_010872364.1	WP_010872365.1	WP_010872366.1
WP_010872367.1	WP_010872368.1	WP_010872369.1
WP_010872370.1	WP_010872371.1	WP_255345314.1	WP_010872372.1
WP_020861674.1	WP_010872374.1	WP_010872375.1	WP_010872376.1	WP_010872377.1	WP_010872378.1
WP_010872379.1	WP_010872380.1	WP_010872381.1	WP_010872382.1
WP_010872384.1	WP_010872385.1
WP_010872387.1	WP_010872388.1
WP_010872391.1	WP_010872392.1	WP_010872393.1
WP_010872394.1	WP_010872395.1	WP_014407097.1	WP_010872397.1
WP_014407098.1	WP_010872399.1
WP_010872400.1	WP_010872401.1	WP_010872402.1	WP_010872403.1
WP_010872404.1	WP_010872405.1
WP_010872409.1	WP_010872410.1
WP_010872412.1	WP_010872413.1
WP_010872414.1	WP_010872415.1
WP_010872417.1	WP_010872418.1
WP_010872419.1	WP_010872420.1
WP_020861687.1	WP_020861688.1	WP_010872423.1	WP_010872424.1	WP_010872425.1	WP_010872426.1	WP_041428174.1
WP_010872427.1	WP_010871314.1
WP_014407100.1	WP_010872429.1	WP_010872430.1
WP_010872434.1	WP_010872435.1
WP_010872436.1	WP_010872437.1	WP_020861692.1
WP_010872439.1	WP_010872440.1
WP_010872441.1	WP_010872442.1	WP_223211354.1
WP_223211355.1	WP_223211356.1
WP_010872446.1	WP_010872447.1	WP_010872448.1	WP_020861697.1	WP_010872449.1
WP_010872452.1	WP_020861699.1	WP_010872454.1	WP_010872455.1
WP_102014007.1	WP_010872464.1	WP_010872465.1
WP_010872466.1	WP_010872467.1	WP_010872468.1	WP_010872469.1	WP_010872470.1
WP_010872471.1	WP_010872472.1
WP_020861703.1	WP_010872476.1	WP_010872477.1
WP_010872483.1	WP_010872484.1	WP_010872485.1	WP_010872486.1
WP_010872488.1	WP_010872489.1	WP_014407103.1	WP_010872491.1
WP_010872492.1	WP_010872493.1	WP_010872494.1	WP_010872495.1
WP_010872496.1	WP_041425807.1	WP_010872498.1
WP_223211358.1	WP_010872501.1	WP_010872502.1
WP_010872503.1	WP_010872504.1	WP_010872505.1
WP_010872506.1	WP_010872507.1
WP_010872508.1	WP_010872509.1
WP_010872510.1	WP_223211359.1	WP_010872512.1
WP_010872513.1	WP_010872514.1
WP_010872515.1	WP_010872516.1
WP_010872518.1	WP_010872519.1	WP_010872520.1
WP_010872522.1	WP_223211360.1	WP_010872524.1
WP_010872525.1	WP_010872526.1
WP_010872528.1	WP_010872529.1
WP_010871315.1	WP_223211245.1
WP_010872530.1	WP_010872531.1	WP_020861716.1
WP_010872533.1	WP_010872534.1
WP_041425809.1	WP_010872535.1
WP_010872539.1	WP_010872540.1
WP_010872543.1	WP_010872544.1	WP_010872545.1	WP_010872546.1
WP_010872548.1	WP_010872549.1
WP_010872553.1	WP_010872554.1
WP_010872555.1	WP_010872556.1	WP_020861724.1	WP_010872558.1	WP_010872559.1
WP_010872560.1	WP_010872561.1	WP_020861726.1
WP_010872564.1	WP_010872565.1
WP_010872566.1	WP_010872567.1	WP_010872568.1	WP_010872569.1
WP_010872571.1	WP_010872572.1	WP_010872573.1
WP_143705308.1	WP_010872575.1
WP_010872577.1	WP_010872578.1
WP_010872579.1	WP_010872580.1
WP_010872581.1	WP_010872582.1
WP_010872583.1	WP_010872584.1	WP_010872585.1
WP_010872586.1	WP_223211361.1
WP_010872589.1	WP_010872590.1	WP_010872591.1
WP_223211362.1	WP_010872593.1
WP_010872594.1	WP_010872595.1	WP_010872596.1
WP_010872597.1	WP_010872598.1	WP_010872599.1
WP_010872601.1	WP_020861737.1
WP_010872603.1	WP_010872604.1	WP_010872605.1
WP_308417040.1	WP_010871315.1
WP_223211363.1	WP_010872611.1	WP_010872612.1
WP_010872613.1	WP_102014009.1
WP_010872617.1	WP_010872618.1
WP_010872621.1	WP_010872622.1
WP_010872626.1	WP_010872627.1	WP_223211364.1	WP_010872629.1
WP_010872631.1	WP_020861748.1	WP_010872633.1
WP_010872635.1	WP_010872636.1	WP_010872637.1
WP_010872638.1	WP_010872639.1	WP_010872640.1
WP_010872641.1	WP_010872642.1	WP_010872643.1
WP_071822649.1	WP_010872645.1	WP_010872646.1
WP_010872647.1	WP_010872648.1
WP_010872649.1	WP_010872650.1	WP_010872651.1
WP_010872655.1	WP_020861758.1	WP_010872657.1	WP_010872658.1
WP_010872660.1	WP_230401105.1
WP_010872662.1	WP_010872663.1	WP_285891542.1
WP_010872665.1	WP_010872666.1	WP_041425816.1
WP_071822651.1	WP_223211365.1
WP_223211245.1	WP_010872675.1	WP_020861762.1	WP_010872677.1	WP_020861763.1
WP_020861764.1	WP_199303574.1	WP_010872680.1
WP_010872682.1	WP_010872683.1	WP_010872684.1	WP_010872685.1
WP_010872690.1	WP_010872691.1	WP_010872692.1
WP_010872693.1	WP_010872694.1
WP_020861768.1	WP_020861769.1
WP_010872695.1	WP_010872696.1	WP_010872697.1
WP_020861770.1	WP_010872701.1
WP_010872705.1	WP_010872706.1
WP_010872707.1	WP_010872708.1	WP_041425818.1	WP_230401109.1
WP_010872712.1	WP_010872713.1	WP_223211367.1	WP_010872715.1
WP_010872717.1	WP_223211368.1
WP_010872719.1	WP_010872720.1
WP_010872722.1	WP_010872723.1	WP_020861773.1
WP_010872727.1	WP_010872728.1
WP_010872729.1	WP_223211369.1	WP_010872731.1
WP_010872732.1	WP_010872733.1
WP_010872734.1	WP_010872735.1	WP_014407106.1
WP_010872738.1	WP_010872739.1	WP_010872740.1	WP_010872741.1	WP_230401106.1	WP_010872743.1	WP_010872744.1
WP_010872745.1	WP_199303571.1
WP_010872748.1	WP_020861781.1	WP_010872750.1
WP_010872754.1	WP_010872755.1	WP_014407107.1	WP_010872757.1
WP_010872758.1	WP_010872761.1
WP_010872763.1	WP_010872764.1
WP_010872765.1	WP_010872766.1	WP_010872767.1	WP_010872768.1	WP_010872769.1
WP_010872774.1	WP_308417040.1	WP_010871315.1
WP_010872775.1	WP_223211370.1	WP_010872777.1
WP_010872778.1	WP_010872779.1
WP_010872780.1	WP_010872781.1
WP_010872782.1	WP_010872783.1
WP_010872785.1	WP_010872786.1	WP_020861795.1	WP_010872788.1
WP_010872789.1	WP_010872790.1	WP_010872791.1
WP_010872795.1	WP_010872796.1
WP_010872799.1	WP_010872800.1	WP_010872801.1
WP_010872802.1	WP_010872803.1	WP_010872804.1	WP_010872805.1
WP_010872807.1	WP_010872808.1
WP_010872811.1	WP_041425821.1
WP_010872815.1	WP_010872816.1
WP_010872818.1	WP_010872819.1
WP_010872820.1	WP_010872821.1	WP_010872822.1	WP_010872823.1
WP_010872824.1	WP_010872825.1
WP_010872827.1	WP_199303600.1
WP_020862357.1	WP_010872831.1	WP_020862355.1
WP_010872834.1	WP_010872835.1	WP_010872836.1
WP_010872837.1	WP_010872838.1	WP_010872839.1
WP_010872842.1	WP_010872843.1
WP_010872844.1	WP_199303601.1	WP_010872846.1
WP_010872847.1	WP_010872848.1
WP_010872849.1	WP_010872850.1
WP_010871214.1	WP_010872853.1	WP_199303606.1
WP_010872855.1	WP_010872856.1
WP_010872859.1	WP_010872860.1
WP_014407110.1	WP_010872862.1	WP_010872863.1	WP_010872864.1	WP_010872865.1	WP_010872866.1	WP_010872867.1
WP_010872868.1	WP_010872869.1	WP_010872870.1
WP_010872872.1	WP_010872873.1
WP_010872875.1	WP_010872876.1
WP_010872880.1	WP_010872881.1
WP_010872882.1	WP_014407111.1	WP_010872884.1
WP_010872886.1	WP_010872887.1
WP_010872891.1	WP_010872892.1
WP_010872897.1	WP_010872898.1	WP_010872899.1	WP_020862340.1
WP_010872901.1	WP_010872902.1
WP_010872905.1	WP_010872906.1	WP_010872907.1
WP_010872910.1	WP_010872911.1
WP_010872914.1	WP_020862336.1	WP_010872916.1
WP_010872917.1	WP_010872918.1	WP_010872919.1	WP_010872920.1	WP_010872921.1
WP_020862333.1	WP_010872922.1
WP_020862332.1	WP_014407112.1
WP_010872927.1	WP_020862330.1
WP_308417040.1	WP_010871315.1	WP_014407113.1
WP_010872930.1	WP_010872931.1	WP_010872932.1
WP_010872933.1	WP_010872934.1	WP_010872935.1
WP_010872938.1	WP_010872939.1
WP_010872940.1	WP_010872941.1
WP_010872942.1	WP_010872943.1	WP_010872944.1
WP_010872946.1	WP_010872947.1
WP_071822672.1	WP_010872949.1	WP_020862321.1
WP_010872950.1	WP_010872951.1	WP_010872952.1
WP_010872954.1	WP_010872955.1	WP_010872956.1
WP_010872957.1	WP_010872958.1	WP_010872959.1
WP_010872960.1	WP_010872961.1	WP_010872962.1	WP_010872963.1	WP_010872964.1	WP_020862315.1
WP_010872965.1	WP_010872966.1	WP_010872967.1
WP_010872968.1	WP_010872969.1	WP_010872970.1
WP_010872971.1	WP_010872972.1	WP_041428185.1
WP_010872973.1	WP_010872974.1	WP_010872975.1
WP_010872976.1	WP_010872977.1
WP_010872980.1	WP_010872981.1
WP_010872984.1	WP_010872986.1
WP_223211268.1	WP_010872988.1	WP_010872989.1
WP_010872990.1	WP_010872991.1
WP_071822654.1	WP_010872994.1
WP_010872999.1	WP_010873000.1	WP_010873001.1	WP_010873002.1
WP_010873003.1	WP_010873004.1	WP_020862300.1	WP_010873006.1
WP_010873007.1	WP_010873008.1
WP_010873012.1	WP_010873013.1	WP_014407115.1
WP_010873015.1	WP_010873016.1	WP_010873017.1	WP_010873018.1
WP_010873019.1	WP_010873020.1
WP_010873021.1	WP_010873022.1
WP_010873023.1	WP_010873024.1
WP_010873026.1	WP_010873027.1	WP_199303493.1	WP_010873029.1	WP_010873030.1
WP_010873031.1	WP_010873032.1
WP_010873033.1	WP_010873034.1
WP_010873035.1	WP_010873036.1	WP_010873037.1
WP_010873038.1	WP_010873039.1	WP_010873040.1	WP_223211269.1
WP_010873042.1	WP_010873043.1
WP_223211379.1	WP_010873048.1
WP_014407118.1	WP_010873053.1	WP_010873054.1
WP_010873055.1	WP_010873056.1
WP_010873057.1	WP_010873058.1
WP_010873060.1	WP_010873061.1
WP_010873062.1	WP_010873063.1	WP_010873064.1
WP_010873066.1	WP_010873067.1
WP_010872287.1	WP_014407119.1
WP_010873069.1	WP_010873070.1
WP_010873071.1	WP_010873072.1	WP_010873073.1	WP_010873074.1	WP_010873075.1
WP_010873077.1	WP_010873078.1
WP_010873083.1	WP_010873084.1	WP_010873085.1
WP_010873086.1	WP_020862284.1	WP_010873087.1
WP_010873088.1	WP_010873089.1	WP_010873090.1
WP_230401098.1	WP_014407120.1	WP_010873094.1	WP_010873095.1	WP_010873096.1	WP_080504056.1
WP_010873101.1	WP_010873102.1	WP_010873103.1	WP_010873104.1
WP_010873106.1	WP_010873107.1	WP_010873108.1
WP_010873109.1	WP_010873110.1	WP_010873111.1
WP_020862273.1	WP_010873113.1	WP_010873114.1	WP_014407122.1
WP_010873117.1	WP_010873118.1	WP_041425826.1
WP_020862268.1	WP_010873122.1	WP_199303489.1
WP_010873124.1	WP_010873125.1
WP_010873127.1	WP_020862265.1	WP_010873129.1
WP_010873131.1	WP_010873132.1	WP_010873133.1	WP_010873134.1
WP_010873135.1	WP_010873136.1
WP_010873139.1	WP_010873140.1	WP_020862260.1	WP_010873142.1	WP_020862259.1
WP_010873144.1	WP_010873145.1
WP_010873146.1	WP_223211272.1	WP_010873148.1	WP_010873149.1
WP_010873150.1	WP_010873151.1	WP_010873152.1	WP_010873153.1	WP_010873154.1
WP_010873159.1	WP_010873160.1	WP_010873161.1
WP_010873163.1	WP_010873164.1
WP_010873168.1	WP_010873169.1	WP_020862247.1	WP_014407123.1	WP_010873172.1	WP_010873173.1
WP_010873174.1	WP_020862246.1
WP_010873176.1	WP_010873177.1	WP_010873178.1
WP_010873179.1	WP_010873180.1	WP_010873181.1
WP_010873182.1	WP_020862242.1
WP_010873183.1	WP_010873184.1
WP_010873185.1	WP_010873186.1
WP_010873187.1	WP_010873190.1	WP_010873191.1
WP_010873192.1	WP_010873193.1	WP_010873194.1	WP_010873195.1
WP_010873198.1	WP_010873199.1	WP_010873200.1
WP_102014011.1	WP_102014011.1
WP_020862235.1	WP_020862234.1
WP_020862233.1	WP_010873206.1	WP_010873207.1	WP_010873208.1
WP_223211274.1	WP_010873211.1
WP_010873216.1	WP_010873217.1
WP_014407127.1	WP_010873219.1	WP_010873220.1	WP_020862230.1
WP_010871315.1	WP_223211245.1
WP_010873225.1	WP_048908414.1	WP_010873227.1
WP_010873229.1	WP_010873230.1	WP_010873231.1
WP_010873233.1	WP_010873234.1
WP_010873240.1	WP_010873241.1	WP_010873242.1	WP_010873243.1
WP_010873246.1	WP_010873247.1	WP_010873248.1
WP_010873251.1	WP_010873252.1	WP_010873253.1	WP_010873254.1
WP_010873256.1	WP_010873257.1
WP_041426016.1	WP_010873259.1	WP_010873260.1	WP_010873261.1
WP_223211275.1	WP_010873263.1	WP_010873264.1	WP_010873265.1	WP_002764973.1
WP_010873266.1	WP_010873267.1	WP_010873268.1	WP_010873269.1
WP_010873271.1	WP_010873272.1
WP_010873273.1	WP_010873274.1
WP_020862213.1	WP_010873276.1
WP_010873277.1	WP_010873278.1	WP_010873279.1
WP_010873280.1	WP_020862211.1
WP_010873287.1	WP_010873288.1
WP_373276187.1	WP_010873293.1
WP_010873295.1	WP_010872287.1	WP_010873298.1
WP_010873299.1	WP_010873300.1	WP_010873301.1	WP_010873302.1	WP_199303670.1
WP_010873304.1	WP_010873305.1
WP_010873307.1	WP_223211277.1
WP_010873310.1	WP_010873311.1
WP_010873312.1	WP_010873313.1
WP_010873315.1	WP_373276188.1	WP_010873317.1	WP_010873318.1
WP_010873319.1	WP_010873320.1	WP_010873321.1
WP_010873324.1	WP_010873325.1	WP_010873326.1	WP_020862197.1	WP_223211279.1	WP_010873329.1
WP_010873331.1	WP_010873332.1
WP_010873334.1	WP_010873335.1
WP_041425833.1	WP_010873337.1	WP_010873338.1
WP_010873340.1	WP_010873341.1	WP_010873342.1	WP_010873343.1
WP_010873344.1	WP_010873345.1
WP_010873346.1	WP_010873347.1	WP_010873348.1
WP_010873349.1	WP_010873350.1	WP_010873351.1	WP_010873352.1
WP_010873354.1	WP_010873355.1
WP_010873356.1	WP_020862192.1
WP_010873358.1	WP_010873359.1
WP_010873362.1	WP_010873363.1
WP_020862188.1	WP_014407134.1
WP_010873366.1	WP_010873367.1	WP_010873368.1	WP_010873369.1	WP_010873370.1
WP_010873372.1	WP_020862186.1
WP_010873374.1	WP_041425834.1	WP_010873376.1
WP_010873378.1	WP_010873379.1
WP_010873381.1	WP_020862183.1	WP_010873382.1
WP_010873383.1	WP_010873384.1
WP_010873386.1	WP_020862182.1
WP_010873213.1	WP_010873390.1	WP_010873392.1	WP_010873394.1
WP_010873398.1	WP_010873399.1
WP_010873401.1	WP_010873402.1
WP_010873403.1	WP_010873404.1
WP_255345293.1	WP_223211280.1	WP_010873406.1	WP_010873407.1
WP_010873409.1	WP_010873410.1	WP_041426024.1	WP_010873412.1
WP_010873415.1	WP_010873416.1	WP_010873417.1
WP_010873418.1	WP_020862172.1	WP_010873420.1
WP_010873421.1	WP_010873422.1
WP_010873425.1	WP_010873426.1	WP_010873427.1
WP_223211281.1	WP_010873431.1	WP_010873432.1	WP_010873433.1
WP_010873434.1	WP_010873435.1
WP_010873437.1	WP_010873438.1
WP_010873440.1	WP_010873441.1	WP_010873442.1
WP_010873443.1	WP_010873444.1	WP_014407137.1
WP_010873447.1	WP_010873448.1	WP_010873449.1
WP_308417040.1	WP_010871315.1	WP_010873453.1
WP_010873457.1	WP_010873458.1
WP_010873459.1	WP_020862160.1	WP_010873460.1	WP_010873461.1
WP_010873463.1	WP_010873464.1
WP_010873465.1	WP_010873466.1	WP_010873467.1	WP_010873468.1
WP_252100454.1	WP_020862156.1	WP_010873473.1
WP_010873474.1	WP_010873475.1	WP_010873476.1
WP_010873477.1	WP_010873478.1	WP_010873479.1
WP_010873480.1	WP_010873481.1
WP_041425837.1	WP_010873482.1
WP_020862148.1	WP_010873487.1	WP_010873488.1	WP_010873489.1
WP_010873490.1	WP_010873491.1	WP_010873492.1	WP_010873493.1
WP_010873494.1	WP_010873495.1	WP_010873496.1
WP_010873498.1	WP_010873499.1	WP_010873500.1	WP_010873501.1	WP_014407139.1
WP_010873504.1	WP_010873505.1	WP_014407140.1	WP_010873507.1
WP_010873508.1	WP_010873509.1	WP_010873510.1	WP_020862141.1
WP_020862140.1	WP_010873513.1
WP_010873514.1	WP_010873515.1
WP_010873516.1	WP_010873517.1	WP_010873518.1
WP_010873519.1	WP_010873520.1	WP_010873521.1	WP_010873522.1
WP_071822661.1	WP_010873523.1
WP_010873528.1	WP_010873529.1
WP_020862136.1	WP_041428192.1	WP_010873533.1
WP_010873534.1	WP_010873535.1
WP_010873539.1	WP_010873540.1
WP_010873546.1	WP_010873547.1
WP_010873548.1	WP_223211284.1	WP_010873550.1
WP_010873551.1	WP_010873552.1
WP_010873553.1	WP_010873554.1
WP_010873556.1	WP_010873557.1	WP_010873558.1
WP_010873560.1	WP_010873561.1
WP_010873562.1	WP_010873563.1
WP_010873565.1	WP_010873566.1	WP_010873567.1	WP_010873568.1
WP_010873570.1	WP_010873571.1
WP_020862115.1	WP_010873573.1
WP_010873574.1	WP_010873575.1
WP_010873576.1	WP_010873577.1
WP_269464884.1	WP_010873579.1	WP_010873580.1
WP_010873583.1	WP_010873584.1	WP_010873585.1	WP_010873586.1
WP_010873587.1	WP_010873588.1
WP_010873589.1	WP_010873590.1
WP_010873593.1	WP_010873594.1
WP_010873595.1	WP_010873596.1
WP_223211285.1	WP_010873597.1
WP_010873598.1	WP_010873599.1
WP_010873600.1	WP_010873601.1	WP_010873602.1	WP_010873603.1
WP_010873606.1	WP_010873607.1	WP_010873608.1
WP_010873609.1	WP_010873610.1	WP_010873611.1	WP_010873612.1	WP_010873613.1
WP_010873617.1	WP_010873618.1
WP_020862103.1	WP_010873620.1
WP_010873621.1	WP_010873622.1	WP_010873623.1
WP_010873625.1	WP_010873626.1
WP_020862098.1	WP_010873628.1
WP_010873630.1	WP_010873631.1
WP_010873633.1	WP_010873634.1
WP_010873635.1	WP_010873636.1
WP_255345203.1	WP_010873637.1	WP_010873638.1
WP_010873640.1	WP_010873641.1
WP_010873648.1	WP_010873649.1
WP_010873650.1	WP_010873651.1
WP_010873652.1	WP_010873653.1	WP_020862091.1	WP_010873654.1
WP_010873655.1	WP_162098354.1
WP_010873657.1	WP_010873658.1	WP_010873659.1
WP_010873660.1	WP_010873661.1
WP_010873662.1	WP_010873663.1
WP_020862087.1	WP_228670062.1
WP_020862086.1	WP_010873667.1
WP_010873668.1	WP_010873670.1	WP_010873671.1
WP_010873672.1	WP_010873673.1
WP_010873678.1	WP_010873679.1	WP_010873680.1	WP_010873681.1
WP_010873685.1	WP_010873686.1	WP_223211287.1	WP_010873688.1	WP_010873689.1
WP_010873692.1	WP_010873693.1
WP_010873696.1	WP_010873697.1	WP_010873698.1
WP_020862075.1	WP_010873700.1	WP_010873701.1
WP_010873704.1	WP_010873705.1
WP_010873706.1	WP_010873707.1	WP_223211386.1
WP_010873710.1	WP_010873711.1
WP_010873713.1	WP_010873714.1	WP_223211289.1
WP_010873716.1	WP_010873717.1
WP_010873719.1	WP_230401099.1
WP_020862062.1	WP_010873723.1
WP_230401100.1	WP_010873724.1	WP_010873725.1
WP_010873729.1	WP_010873730.1	WP_010873731.1
WP_010873732.1	WP_010873733.1
WP_010873734.1	WP_010873735.1	WP_010873736.1	WP_010873737.1	WP_010873738.1	WP_223211291.1
WP_010873740.1	WP_010873741.1	WP_010873742.1
WP_223211292.1	WP_010873744.1	WP_010873745.1	WP_010873746.1
WP_010873747.1	WP_010873748.1
WP_010873752.1	WP_223211293.1
WP_010873754.1	WP_010873755.1
WP_010873757.1	WP_010873758.1
WP_010873761.1	WP_010873762.1
WP_010873765.1	WP_010873766.1	WP_010873767.1	WP_014407145.1
WP_010873770.1	WP_010873771.1	WP_010873772.1	WP_010873773.1
WP_010873774.1	WP_010873775.1	WP_020862049.1	WP_010873777.1
WP_010873778.1	WP_010873779.1
WP_010873781.1	WP_010873782.1	WP_010873783.1	WP_010873784.1
WP_010873788.1	WP_010873789.1	WP_014407146.1
WP_010873791.1	WP_010873792.1	WP_010873793.1	WP_010873794.1
WP_255347036.1	WP_010873798.1
WP_010873800.1	WP_010873801.1	WP_010873802.1	WP_223211295.1
WP_010873805.1	WP_010873806.1	WP_199303413.1	WP_010873808.1
WP_020862043.1	WP_010873810.1	WP_010873811.1
WP_010873812.1	WP_010873813.1	WP_010873815.1	WP_020862042.1
WP_010873816.1	WP_010873817.1	WP_010873818.1
WP_010873819.1	WP_223211296.1	WP_010873821.1
WP_010873822.1	WP_020862037.1
WP_010873824.1	WP_010873825.1
WP_010873826.1	WP_010873827.1	WP_020862035.1
WP_010873830.1	WP_010873831.1	WP_010873832.1
WP_010873834.1	WP_010873835.1
WP_010873837.1	WP_010873838.1	WP_010873839.1
WP_010873840.1	WP_010873841.1
WP_010873842.1	WP_010873843.1
WP_158299083.1	WP_014407147.1	WP_010873846.1	WP_010873847.1
WP_223211297.1	WP_010873849.1	WP_010873850.1
WP_010873852.1	WP_010873853.1
WP_010873854.1	WP_010873855.1
WP_010873859.1	WP_020862025.1
WP_010873861.1	WP_010873862.1
WP_010873863.1	WP_010873864.1
WP_010873865.1	WP_010873866.1
WP_010873867.1	WP_010873868.1	WP_010873869.1	WP_010873870.1
WP_223211298.1	WP_010873872.1
WP_010873873.1	WP_010873874.1	WP_010873875.1
WP_010873876.1	WP_010873877.1	WP_199303575.1
WP_020862019.1	WP_010873880.1	WP_010873881.1
WP_010873882.1	WP_010873883.1
WP_010873884.1	WP_010873885.1	WP_010873886.1	WP_010873887.1
WP_020862015.1	WP_010873889.1	WP_010873890.1	WP_010873891.1
WP_010873892.1	WP_010873893.1	WP_010873894.1
WP_010873895.1	WP_010873896.1	WP_010873897.1
WP_010873898.1	WP_010873899.1	WP_010873900.1
WP_010873901.1	WP_010873902.1	WP_010873903.1
WP_048908438.1	WP_020862013.1	WP_010873906.1	WP_010873907.1
WP_010873908.1	WP_010873909.1
WP_010873911.1	WP_010873912.1	WP_010873913.1	WP_010873914.1
WP_041426059.1	WP_010873916.1
WP_020862006.1	WP_020862005.1
WP_010873920.1	WP_010873921.1	WP_010873922.1
WP_010873924.1	WP_010873925.1
WP_020862002.1	WP_010873927.1	WP_223211300.1
WP_010873932.1	WP_010873933.1
WP_010873935.1	WP_010873936.1	WP_010873937.1
WP_230401101.1	WP_230401101.1
WP_080504064.1	WP_010873940.1	WP_010873941.1	WP_020861997.1	WP_010873943.1	WP_014407149.1	WP_010873945.1
WP_010873947.1	WP_010873948.1	WP_010873949.1
WP_010873950.1	WP_223211301.1	WP_199303669.1
WP_010873953.1	WP_010873954.1
WP_014407150.1	WP_010873956.1	WP_010873957.1
WP_010873959.1	WP_010873960.1	WP_010873961.1
WP_010873962.1	WP_010873213.1	WP_010873963.1	WP_010873964.1
WP_010873213.1	WP_071822665.1	WP_010873460.1
WP_010873968.1	WP_010873969.1	WP_223211302.1
WP_010873972.1	WP_010873973.1
WP_010873979.1	WP_010873980.1	WP_010873981.1	WP_010873982.1
WP_010873983.1	WP_010873984.1	WP_010873985.1	WP_010873986.1
WP_010873987.1	WP_010873988.1
WP_010873989.1	WP_010873990.1	WP_010873991.1
WP_010873994.1	WP_010873995.1
WP_010873996.1	WP_010873997.1
WP_010873999.1	WP_010874000.1	WP_010874001.1
WP_010874003.1	WP_428960990.1
WP_010874008.1	WP_010874009.1
WP_010874011.1	WP_020861981.1	WP_010874013.1	WP_010874014.1
WP_010874015.1	WP_010874016.1	WP_010874017.1
WP_010874018.1	WP_010874019.1
WP_010874021.1	WP_010874022.1	WP_010874023.1
WP_010874024.1	WP_010874025.1
WP_010874027.1	WP_010874028.1	WP_010874029.1	WP_010874030.1	WP_010874031.1
WP_010874032.1	WP_010874033.1	WP_255347035.1
WP_223211303.1	WP_010874035.1
WP_010874036.1	WP_010874037.1	WP_014407153.1	WP_010874039.1
WP_010874040.1	WP_038531209.1
WP_010874041.1	WP_020861975.1	WP_010874043.1
WP_014407154.1	WP_223211304.1	WP_010874047.1	WP_010874048.1
WP_010874049.1	WP_010874050.1
WP_010874052.1	WP_010874053.1	WP_010874054.1	WP_010874055.1	WP_010874056.1
WP_010874058.1	WP_255345218.1
WP_010874059.1	WP_010874060.1	WP_010874061.1
WP_010874064.1	WP_020861968.1
WP_041425860.1	WP_010874068.1
WP_020861966.1	WP_010874070.1	WP_010874071.1	WP_010874072.1
WP_010874073.1	WP_041425863.1
WP_010874074.1	WP_010872429.1
WP_010874075.1	WP_010874076.1	WP_010874077.1
WP_010874078.1	WP_010874079.1
WP_010874081.1	WP_010874082.1	WP_010874083.1	WP_010874084.1	WP_010874085.1
WP_010874087.1	WP_010874088.1	WP_010874089.1	WP_010874090.1
WP_010874092.1	WP_010874093.1	WP_010874094.1	WP_010874095.1
WP_010874096.1	WP_199303503.1
WP_010874098.1	WP_010874099.1
WP_010874101.1	WP_010874102.1	WP_010874103.1
WP_197525966.1	WP_010874106.1	WP_010874107.1	WP_010874108.1
WP_010874109.1	WP_010874110.1	WP_010874111.1
WP_071822676.1	WP_010874112.1	WP_041425871.1
WP_020861953.1	WP_010874114.1	WP_010874115.1
WP_010874116.1	WP_010874117.1	WP_010874118.1
WP_010874119.1	WP_010874120.1
WP_223211305.1	WP_010874123.1
WP_010874129.1	WP_014407159.1
WP_010874134.1	WP_010874135.1	WP_010874136.1	WP_010874137.1
WP_010874138.1	WP_010874139.1	WP_010874140.1
WP_010874144.1	WP_010874145.1	WP_010874146.1
WP_010874147.1	WP_014407160.1
WP_010874149.1	WP_010874150.1
WP_010874151.1	WP_010874152.1	WP_014407161.1
WP_010874154.1	WP_010874155.1	WP_010874156.1	WP_010874157.1	WP_010874158.1
WP_014407162.1	WP_010874161.1
WP_010874162.1	WP_010874163.1	WP_020861940.1	WP_199303515.1
WP_223211306.1	WP_010874167.1	WP_010874168.1
WP_010874169.1	WP_010874170.1	WP_010874171.1	WP_010874172.1
WP_010874173.1	WP_010874174.1
WP_010874179.1	WP_010874180.1
WP_010874181.1	WP_010874182.1
WP_010874183.1	WP_010874184.1	WP_010874185.1	WP_010874186.1	WP_010874187.1
WP_010874189.1	WP_010874190.1
WP_041426075.1	WP_020861931.1
WP_010874193.1	WP_010874194.1	WP_010874195.1	WP_010874196.1
WP_010874199.1	WP_010874200.1	WP_010874201.1
WP_020861928.1	WP_010874203.1	WP_014407163.1
WP_010874206.1	WP_010874207.1	WP_010874208.1	WP_010874209.1
WP_010872287.1	WP_010874213.1	WP_010874214.1	WP_010874215.1
WP_010874220.1	WP_010874221.1	WP_010874222.1
WP_010874223.1	WP_010874224.1
WP_041426077.1	WP_285891545.1	WP_010874227.1
WP_010874229.1	WP_010874230.1
WP_010874233.1	WP_010874234.1
WP_010874235.1	WP_020861921.1	WP_020861920.1
WP_010874236.1	WP_010874237.1	WP_010874238.1	WP_020861918.1
WP_010874239.1	WP_041426079.1
WP_010874241.1	WP_010874242.1	WP_010874243.1
WP_010874244.1	WP_223211307.1	WP_010874246.1	WP_010874247.1
WP_223211308.1	WP_010874250.1	WP_014407165.1
WP_020861914.1	WP_010874253.1
WP_010874255.1	WP_020861913.1	WP_010874257.1
WP_010874258.1	WP_010874259.1	WP_010874260.1
WP_010874261.1	WP_010874262.1
WP_010874265.1	WP_010874266.1	WP_010874267.1	WP_010874268.1
WP_020861899.1	WP_010874270.1
WP_010874271.1	WP_223211310.1	WP_010874273.1
WP_010874274.1	WP_010874275.1	WP_010874276.1
WP_020861893.1	WP_020861892.1	WP_010874281.1	WP_010874282.1	WP_010874283.1
WP_010874286.1	WP_223211311.1
WP_010874288.1	WP_318025289.1
WP_020861887.1	WP_010874291.1
WP_020861886.1	WP_010874293.1
WP_010874294.1	WP_010874295.1	WP_010874296.1	WP_223211312.1
WP_010871248.1	WP_010874301.1
WP_010874302.1	WP_010874303.1	WP_020861883.1	WP_020861882.1
WP_010874306.1	WP_010874307.1	WP_010874308.1
WP_010874313.1	WP_010874314.1
WP_010874315.1	WP_010874316.1
WP_010874318.1	WP_010874319.1
WP_010874320.1	WP_010874321.1	WP_199303625.1	WP_010874323.1
WP_010874324.1	WP_010874325.1
WP_041425893.1	WP_041426084.1	WP_010874328.1
WP_010874330.1	WP_010874331.1
WP_010874333.1	WP_020861874.1
WP_223211313.1	WP_223211314.1
WP_010874340.1	WP_014407167.1
WP_010874342.1	WP_010874343.1
WP_010874344.1	WP_010874345.1	WP_010874346.1	WP_010874347.1	WP_010874348.1
WP_014407168.1	WP_010874356.1
WP_010874357.1	WP_010871207.1
WP_223211233.1	WP_011153540.1	WP_199303662.1
WP_041428257.1	WP_011153543.1	WP_011153544.1
WP_011153546.1	WP_011153547.1
WP_011153548.1	WP_011153549.1	WP_011153550.1
WP_011153551.1	WP_011153552.1
WP_011153554.1	WP_011153555.1	WP_011153556.1
WP_011153557.1	WP_011153558.1
WP_011153559.1	WP_011153560.1	WP_011153561.1
WP_011153562.1	WP_011153563.1	WP_011153564.1	WP_223211234.1
WP_011153567.1	WP_011153570.1
WP_011153571.1	WP_011153572.1	WP_011153573.1
WP_011153574.1	WP_011153575.1
WP_041428258.1	WP_011153580.1	WP_041428259.1
WP_011153586.1	WP_041428272.1
WP_011153590.1	WP_011153591.1	WP_011153592.1	WP_041428260.1
WP_011153596.1	WP_011153597.1	WP_011153598.1
WP_011153599.1	WP_143705300.1	WP_011153601.1
WP_011153602.1	WP_011153603.1
WP_011153604.1	WP_223211236.1	WP_011153606.1
WP_011153608.1	WP_158299050.1	WP_011153610.1	WP_011153611.1
WP_011153612.1	WP_011153613.1
WP_011153614.1	WP_011153615.1
WP_041428273.1	WP_011153617.1	WP_011153618.1
WP_158299051.1	WP_011153620.1	WP_223211228.1
WP_011153624.1	WP_011153625.1
WP_223211230.1	WP_011153627.1	WP_011153628.1
WP_011153629.1	WP_223211231.1
WP_011153631.1	WP_011153632.1
WP_011153634.1	WP_011153636.1	WP_011153637.1
WP_011153638.1	WP_011153639.1	WP_041428265.1
WP_011153642.1	WP_011153643.1
WP_011153644.1	WP_223211237.1	WP_011153646.1
WP_199303660.1	WP_011153649.1
WP_011153650.1	WP_011153651.1
WP_011153652.1	WP_011153653.1	WP_011153654.1
WP_011153655.1	WP_011153656.1	WP_011153658.1
WP_011153659.1	WP_011153660.1
WP_011153663.1	WP_011153664.1
WP_011153665.1	WP_011153666.1	WP_011153667.1	WP_010872287.1	WP_011153668.1
WP_011153671.1	WP_011153672.1	WP_011153673.1
WP_011153675.1	WP_048908403.1
WP_041428276.1	WP_011153680.1	WP_011153681.1	WP_011153682.1	WP_011153683.1
WP_011153684.1	WP_011153685.1	WP_011153686.1
WP_223211241.1	WP_199303580.1
WP_051045132.1	WP_011153697.1	WP_011153698.1
WP_011153699.1	WP_011153700.1
WP_011153702.1	WP_011153703.1
WP_011153704.1	WP_011153705.1	WP_011153706.1
WP_011153707.1	WP_011153708.1
WP_242018640.1	WP_011153710.1
WP_011153711.1	WP_011153712.1	WP_011153713.1	WP_011153715.1	WP_011153716.1	WP_011153717.1
WP_011153719.1	WP_158299054.1	WP_011153722.1
WP_223211244.1	WP_011153727.1
WP_011153728.1	WP_011153729.1	WP_011153730.1
WP_011153731.1	WP_011153732.1
WP_011153734.1	WP_011153735.1	WP_011153736.1
WP_011153738.1	WP_223211238.1
WP_011153740.1	WP_011153741.1	WP_011153742.1
WP_041428281.1	WP_011153744.1	WP_011153746.1	WP_011153747.1
WP_011153748.1	WP_011153749.1	WP_223211239.1	WP_011153751.1	WP_011153752.1
WP_242018641.1	WP_011153754.1	WP_041428283.1
WP_011153757.1	WP_011153758.1
WP_011153759.1	WP_011153760.1	WP_011153761.1
WP_223211240.1	WP_011153770.1
WP_158299058.1	WP_011153669.1
WP_011153772.1	WP_011153773.1
WP_011153774.1	WP_011153775.1	WP_011153776.1	WP_011153777.1	WP_011153778.1	WP_011153779.1	WP_011153782.1	WP_011153783.1
WP_011153784.1	WP_011153785.1	WP_011153786.1	WP_011153787.1
WP_199303651.1	WP_223211249.1	WP_223211250.1	WP_011153791.1
WP_011153792.1	WP_011153793.1	WP_011153794.1
WP_011153798.1	WP_011153799.1
WP_011153800.1	WP_011153801.1
WP_011153802.1	WP_011153803.1
WP_011153805.1	WP_011153806.1
WP_223211247.1	WP_199303656.1	WP_011153809.1
WP_158299060.1	WP_011153811.1
WP_158299062.1	WP_223211248.1
WP_011153817.1	WP_041428293.1	WP_011153818.1
WP_011153821.1	WP_011153822.1	WP_011153823.1
WP_223211252.1	WP_011153825.1	WP_011153826.1
WP_011153827.1	WP_223211253.1
WP_223211255.1	WP_223211256.1	WP_011153832.1	WP_011153833.1	WP_011153834.1	WP_011153835.1
WP_011153836.1	WP_011153837.1
WP_011153840.1	WP_223211257.1
WP_011153843.1	WP_255347037.1
WP_143705304.1	WP_011153847.1	WP_011153848.1
WP_011153850.1	WP_223211262.1
WP_011153854.1	WP_011153855.1
WP_011153856.1	WP_071822683.1
WP_011153859.1	WP_011153860.1	WP_223211263.1	WP_011153862.1	WP_011153863.1
WP_011153867.1	WP_041428298.1
WP_011153871.1	WP_011153872.1	WP_041428303.1	WP_011153874.1
WP_011153875.1	WP_011153876.1	WP_011153877.1
WP_011153878.1	WP_011153879.1
WP_011153881.1	WP_011153882.1	WP_223211252.1	WP_011153825.1	WP_011153826.1	WP_011153827.1	WP_223211253.1
WP_223211256.1	WP_011153832.1
WP_011153833.1	WP_011153834.1	WP_011153835.1
WP_011153836.1	WP_011153837.1
WP_011153840.1	WP_223211257.1
WP_143705304.1	WP_011153847.1	WP_011153848.1	WP_223211258.1	WP_223211259.1
WP_223211260.1	WP_011153887.1
WP_011153888.1	WP_011153889.1	WP_011153890.1
WP_011153894.1	WP_011153895.1	WP_041428299.1	WP_041428300.1
WP_011153900.1	WP_011153901.1
