NP_064721.1	NP_064722.1
NP_064725.1	NP_064726.1
NP_064728.1	NP_064729.1
NP_248700.1	NP_248701.1
NP_248707.1	NP_248708.1	NP_248709.1
NP_248711.1	NP_248712.1
NP_248714.1	NP_248715.1
NP_248716.1	NP_248717.1	NP_248718.1
NP_248719.1	NP_248720.1	NP_248721.1
NP_248723.1	NP_248724.1
NP_248725.1	NP_248726.1
NP_248730.1	NP_248731.1	YP_008719729.1
NP_248736.1	NP_248737.1
NP_248742.1	NP_248744.1
NP_248745.1	NP_248746.1
NP_248747.1	NP_248748.1
NP_248751.1	NP_248752.1
NP_248755.1	NP_248756.1
NP_248760.1	NP_248761.1	NP_248762.1	NP_248763.1
NP_248764.1	NP_248765.1
NP_248767.1	NP_248768.1	NP_248769.1	NP_248770.1	NP_248771.1
NP_248773.1	NP_248774.1	NP_248775.1
NP_248776.1	NP_248777.1	NP_248778.1	NP_248779.1	NP_248780.1	NP_248781.1
NP_248782.1	NP_248783.1	NP_248784.1
NP_248785.1	NP_248786.1
NP_248787.1	NP_248788.1	NP_248789.1	NP_248790.1	NP_248791.1
NP_248792.1	NP_248793.1
NP_248797.1	NP_248798.1
NP_248800.1	NP_248801.1	NP_248802.1	NP_248803.1	NP_248804.1
NP_248807.1	NP_248808.1	NP_248809.1	NP_248810.1	NP_248811.1
NP_248813.1	NP_248814.1	NP_248815.1
NP_248826.1	NP_248827.1	NP_248828.1
NP_248834.1	NP_248835.1
NP_248836.1	NP_248837.1	NP_248838.1
NP_248839.1	NP_248840.1	NP_248841.1	NP_248842.1	NP_248843.1	NP_248844.1	NP_248845.1	NP_248846.1	NP_248847.1	NP_248848.1	NP_248849.1
NP_248856.1	NP_248857.1	NP_248858.1
NP_248859.1	NP_248860.1	NP_248861.1	NP_248862.1	NP_248863.1	NP_248864.1	NP_248865.1	NP_248866.1	NP_248867.1	NP_248868.1	NP_248869.1	NP_248870.1	NP_248871.1
NP_248873.1	NP_248874.1	NP_248875.1
NP_248876.1	NP_248877.1	NP_248878.1
NP_248883.1	NP_248884.1
NP_248886.2	NP_248887.1
NP_248889.1	NP_248890.1
NP_248893.1	NP_248894.1	NP_248895.1	NP_248896.1	NP_248897.1
NP_248901.1	NP_248902.1	NP_248903.1
NP_248905.1	NP_248906.1	NP_248907.1
NP_248908.1	NP_248909.1
NP_248912.1	NP_248913.1
NP_248914.1	NP_248915.1
NP_248917.1	NP_248918.1	NP_248919.1
NP_248921.1	NP_248922.1	NP_248923.1
NP_248927.1	NP_248928.1	NP_248929.1	NP_248930.1
NP_248931.1	NP_248932.1
NP_248933.1	NP_248934.1
NP_248935.1	NP_248936.1
NP_248940.1	NP_248941.1
NP_248942.1	NP_248943.1
NP_248944.1	NP_248945.1	NP_248946.1
NP_248948.1	NP_248949.1
NP_248950.1	NP_248951.1	NP_248952.1
NP_248960.1	NP_248961.1	NP_248962.1
NP_248963.1	NP_248964.1
NP_248972.1	NP_248973.1
NP_248977.1	NP_248978.1	NP_248979.1	NP_248980.1	NP_248981.1	NP_248982.1
NP_248983.1	NP_248984.1
NP_248988.1	NP_248989.1	NP_248990.1	NP_248991.1	NP_248992.1
NP_248994.1	NP_248995.1
YP_008719731.1	NP_248998.1
NP_249004.1	NP_249005.1
NP_249010.1	NP_249011.1
NP_249012.1	NP_249013.1	NP_249014.1	NP_249015.1	NP_249016.1	NP_249017.1
NP_249023.1	NP_249024.1
NP_249027.1	NP_249028.1
NP_249031.1	NP_249032.1
NP_249034.1	NP_249035.1
NP_249039.1	NP_249040.1
NP_249045.1	NP_249046.1
NP_249047.1	NP_249048.1	NP_249049.1
NP_249050.1	NP_249051.1
NP_249054.1	NP_249055.1	NP_249056.1
YP_008719732.1	NP_249059.1	NP_249061.1	NP_249062.1	NP_249063.1
NP_249065.1	NP_249066.1
NP_249072.1	NP_249073.1	NP_249074.1
NP_249075.1	NP_249076.1
NP_249077.1	NP_249078.1
NP_249079.1	NP_249080.1	NP_249081.1
NP_249084.1	NP_249085.1
NP_249086.1	NP_249087.1
NP_249090.1	NP_249091.1
NP_249092.1	NP_249093.1	NP_249094.1	NP_249095.1	NP_249096.1	NP_249097.1
NP_249099.1	NP_249100.1
NP_249103.1	NP_249104.1	NP_249105.1	NP_249106.1	NP_249107.1	NP_249108.1
NP_249110.1	NP_249111.1
NP_249116.1	NP_249117.1	NP_249118.1
NP_249125.1	NP_249126.1	NP_249127.1
NP_249130.1	NP_249131.1	NP_249132.1
NP_249134.1	NP_249135.1
NP_249142.1	NP_249143.1
NP_249145.1	NP_249146.1
YP_003933608.1	NP_249149.1
NP_249154.1	NP_249155.1	NP_249156.1
NP_249158.1	NP_249159.1
NP_249161.1	NP_249162.1	NP_249163.1
NP_249164.1	NP_249165.1	NP_249166.1
NP_249167.1	NP_249168.1
NP_249174.1	NP_249175.1
NP_249176.1	NP_249177.1	NP_249178.1	NP_249179.1
NP_249183.1	NP_249184.1	NP_249185.1	NP_249186.1	NP_249187.1
NP_249188.1	NP_249189.1
NP_249191.1	NP_249192.1	NP_249193.1	NP_249194.1	NP_249195.1
NP_249197.1	NP_249198.1	NP_249199.1
NP_249200.1	NP_249201.1	NP_249202.1	NP_249203.1	NP_249204.1	NP_249205.1	NP_249206.1	NP_249207.1	NP_249208.1	NP_249209.1	NP_249210.1
NP_249212.1	NP_249213.1
NP_249214.1	NP_249215.1
NP_249217.1	NP_249218.1	NP_249219.1
NP_249220.1	NP_249221.1	NP_249222.1
NP_249224.1	NP_249225.1	NP_249226.1
NP_249230.1	NP_249231.1	NP_249232.1
NP_249244.1	NP_249245.1
NP_249259.1	NP_249260.1	NP_249261.1	NP_249262.1	NP_249263.1	NP_249264.1
NP_249265.1	NP_249266.1	NP_249267.1	NP_249268.1	NP_249269.1	NP_249270.1
NP_249273.1	NP_249274.1
NP_249277.1	NP_249278.1	NP_249279.1
NP_249280.1	NP_249281.1	NP_249282.1	NP_249283.1	NP_249284.1	NP_249285.1	NP_249286.1
NP_249287.1	NP_249288.1	NP_249289.1
NP_249291.1	NP_249292.1	NP_249293.1
NP_249295.1	NP_249296.1	NP_249297.1
NP_249299.1	NP_249300.1
NP_249301.1	NP_249302.1
NP_249303.1	NP_249304.1	NP_249305.1	NP_249306.1	NP_249307.1	NP_249308.1	NP_249309.1	NP_249310.1	NP_249311.1	NP_249312.1
NP_249313.1	NP_249314.1	NP_249315.1	NP_249316.1	NP_249317.1	NP_249318.1	NP_249319.1	NP_249320.1
NP_249321.1	NP_249322.1	NP_249324.1	NP_249325.1	NP_249326.1	NP_249327.1	NP_249328.1	NP_249329.1	NP_249330.1	NP_249331.1	NP_249332.1	NP_249334.1	NP_249335.1	NP_249336.1	NP_249337.1	NP_249338.1	NP_249339.1
NP_249340.1	NP_249341.1	NP_249342.1
NP_249344.1	NP_249345.1
NP_249354.1	NP_249355.1
NP_249357.1	NP_249358.1
NP_249360.3	NP_249361.1	NP_249362.1
NP_249365.1	NP_249366.1	NP_249367.1
NP_249368.1	NP_249369.1
NP_249372.1	NP_249373.1	NP_249374.1	NP_249375.1	NP_249376.1
NP_249377.1	NP_249378.1
NP_249379.1	NP_249380.1	NP_249381.1	NP_249382.1	NP_249383.1	NP_249384.1
NP_249386.1	NP_249387.1	NP_249388.1	NP_249389.1	NP_249390.1	NP_249391.1	NP_249392.1	YP_008719734.1
NP_249393.1	NP_249394.1	NP_249395.1	NP_249396.1	NP_249397.1
NP_249400.1	NP_249401.1
NP_249404.1	NP_249405.1	NP_249406.1	NP_249407.1	NP_249409.1	NP_249410.1	NP_249411.1	NP_249412.1	NP_249413.1	NP_249414.1	NP_249415.1	NP_249416.1	NP_249417.1	NP_249418.1
NP_249419.1	NP_249420.1
NP_249421.1	NP_249422.1	NP_249423.1
NP_249425.1	NP_249426.1	NP_249427.1
YP_008719735.1	NP_249428.1
NP_249434.1	NP_249435.1	NP_249436.1	NP_249437.1	NP_249438.1
NP_249442.1	NP_249443.1	NP_249444.1
NP_249445.1	NP_249446.1
NP_249447.1	NP_249448.1
NP_249449.1	NP_249450.1
NP_249454.1	NP_249455.1	NP_249456.1
NP_249459.1	NP_249460.1
NP_249461.1	NP_249462.1	NP_249463.1	NP_249464.1
NP_249465.1	NP_249466.1
NP_249468.1	NP_249469.1
NP_249483.1	NP_249484.1	NP_249485.1	NP_249486.1	NP_249487.1
NP_249492.1	NP_249493.1
NP_249497.1	NP_249498.1	NP_249499.1
NP_249500.1	NP_249501.1	NP_249502.1
NP_249504.1	NP_249505.1
NP_249510.1	NP_249511.1
NP_249512.1	NP_249514.1
NP_249515.1	NP_249516.1
NP_249517.1	NP_249518.1
NP_249519.1	NP_249520.1
NP_249525.1	NP_249526.1	NP_249527.1
NP_249528.1	NP_249529.1
NP_249530.1	NP_249531.1
NP_249534.1	NP_249535.1	NP_249536.1
NP_249539.1	NP_249540.1
NP_249548.1	NP_249549.1	NP_249550.1
NP_249552.1	NP_249553.1
NP_249554.1	NP_249555.1
NP_249560.1	NP_249561.1	NP_249562.1
NP_249571.1	NP_249572.1	NP_249573.1	NP_249574.1	NP_249575.1
NP_249578.1	NP_249579.1	NP_249580.1	NP_249581.1
NP_249587.1	NP_249588.1	NP_249589.1	NP_249590.1
NP_249593.1	NP_249594.1	NP_249595.1	NP_249596.1
NP_249598.1	NP_249599.1	NP_249600.1	NP_249601.1	NP_249602.1
NP_249610.1	NP_249611.1
NP_249615.1	NP_249616.1
NP_249618.1	NP_249619.1
NP_249620.1	NP_249621.1
NP_249624.1	NP_249625.1	NP_249626.1
NP_249630.1	NP_249631.1
NP_249635.1	NP_249636.1
NP_249637.1	NP_249638.1
NP_249640.1	NP_249641.1
NP_249644.1	NP_249645.1
NP_249654.1	NP_249655.1
NP_249656.1	NP_249657.1	NP_249658.1	NP_249659.1
NP_249660.1	NP_249661.1
NP_249663.1	NP_249664.1	NP_249665.1
NP_249669.1	NP_249670.1
NP_249677.1	NP_249678.1
NP_249683.1	NP_249684.1	NP_249685.1
NP_249687.1	NP_249688.1	NP_249689.1	NP_249690.1	NP_249691.1	NP_249692.1	NP_249693.1
NP_249707.1	NP_249708.1	NP_249709.1	NP_249710.1	YP_008719738.1	NP_249711.1	NP_249712.1	NP_249713.1	NP_249714.1	NP_249715.1	NP_249716.1
NP_249718.1	NP_249719.1
NP_249733.1	NP_249734.1
NP_249737.1	NP_249738.1	NP_249739.1
NP_249740.1	NP_249741.1
NP_249742.1	NP_249743.1
NP_249744.1	NP_249745.1	NP_249746.1	NP_249747.1	NP_249748.1	NP_249749.1	NP_249750.1	NP_249751.1
NP_249753.1	NP_249754.1
NP_249758.1	NP_249759.1	NP_249760.1
NP_249761.1	NP_249762.1	NP_249763.1	NP_249764.1	NP_249765.1
NP_249766.1	NP_249767.1
NP_249768.1	NP_249769.1	NP_249770.1	NP_249771.1	NP_249772.1	NP_249773.1	NP_249774.1	NP_249775.1
NP_249776.1	NP_249777.1	NP_249778.1	NP_249779.1	NP_249780.1	NP_249781.1	NP_249782.1
NP_249783.1	NP_249784.1	NP_249785.1	NP_249786.1	NP_249787.1	NP_249788.1	NP_249789.1	NP_249790.1
NP_249791.1	NP_249792.1	NP_249793.1
NP_249795.1	NP_249796.1
NP_249797.1	NP_249798.1	NP_249799.1
NP_249805.1	NP_249806.1
NP_249808.1	NP_249809.1	NP_249810.1	NP_249811.1	NP_249812.1
NP_249815.1	NP_249816.1
NP_249819.1	NP_249820.1
NP_249821.1	NP_249822.1
NP_249824.1	NP_249825.1
NP_249829.1	NP_249830.1
NP_249832.1	NP_249833.1	NP_249834.1	NP_249835.1
NP_249837.1	NP_249838.1
NP_249839.1	NP_249840.1
NP_249841.1	NP_249842.1
NP_249846.1	NP_249847.1
NP_249852.1	NP_249853.1	NP_249854.1
NP_249856.1	NP_249857.1
NP_249858.1	NP_249859.1	NP_249860.1
NP_249866.1	NP_249867.1
NP_249870.1	NP_249871.1	NP_249872.1
NP_249876.1	NP_249877.1
NP_249878.1	NP_249879.1
NP_249883.1	NP_249884.1
NP_249885.1	NP_249886.1
NP_249887.1	NP_249888.1	NP_249889.1	NP_249890.1	NP_249891.1
NP_249894.1	NP_249895.1	NP_249896.1
NP_249898.1	NP_249899.1
NP_249902.1	NP_249903.1	NP_249904.1	NP_249905.1	NP_249906.1	NP_249907.1	NP_249908.1	NP_249909.1	NP_249910.1	NP_249911.1	NP_249912.1	NP_249913.1	NP_249914.1
NP_249917.1	NP_249918.1
NP_249922.1	NP_249923.1	NP_249924.1
NP_249927.1	NP_249928.1	NP_249929.1	NP_249930.1	NP_249931.1
NP_249932.1	NP_249933.1
NP_249937.1	NP_249938.1	NP_249939.1	NP_249940.1	NP_249941.1
NP_249944.1	NP_249945.1	NP_249946.1
NP_249947.1	NP_249948.1	NP_249949.1	NP_249950.1	NP_249951.1
NP_249952.1	NP_249953.1
NP_249957.1	NP_249958.1	NP_249959.1
NP_249963.1	NP_249964.1	NP_249965.1	NP_249966.1	NP_249967.1	NP_249968.1	NP_249969.1	NP_249970.1	NP_249971.1	NP_249972.1
NP_249983.1	NP_249984.1
NP_249989.1	NP_249990.1	NP_249991.1	NP_249992.1	NP_249993.1
NP_249994.1	NP_249995.1
NP_249997.1	NP_249998.1
NP_250001.1	NP_250002.1
NP_250004.1	NP_250005.1
NP_250009.1	NP_250010.1	NP_250011.1	NP_250012.1
NP_250013.1	NP_250014.1
NP_250015.1	NP_250016.1	NP_250017.1	NP_250018.1
NP_250020.1	NP_250021.1
NP_250023.1	NP_250024.1
NP_250025.1	NP_250026.1	NP_250027.1	NP_250028.1	NP_250029.1	NP_250030.1	NP_250031.1	NP_250032.1	NP_250033.1
NP_250037.1	NP_250038.1
NP_250040.1	NP_250041.1	NP_250042.1
NP_250044.1	NP_250045.1
NP_250047.1	NP_250048.1
NP_250053.1	NP_250054.1	NP_250055.1	NP_250056.1
NP_250058.1	NP_250059.1
NP_250060.1	NP_250061.1
NP_250062.1	NP_250063.1
NP_250065.1	NP_250066.1
NP_250071.1	NP_250072.1	NP_250073.1
NP_250075.1	NP_250076.1	NP_250077.1	NP_250078.1	NP_250079.1	NP_250080.1	NP_250081.1	NP_250082.1	NP_250083.1
NP_250092.1	NP_250093.1
NP_250098.1	NP_250099.1
NP_250100.1	NP_250101.1
NP_250106.1	NP_250107.1	NP_250108.1	NP_250109.1	NP_250110.1
NP_250119.1	NP_250120.1
NP_250124.1	NP_250125.1
NP_250126.1	NP_250127.1	NP_250128.1	NP_250129.1
NP_250130.1	NP_250131.1
NP_250132.1	NP_250133.1
NP_250134.1	NP_250135.1	NP_250136.1
NP_250137.1	NP_250138.1	NP_250139.1	NP_250140.1
NP_250141.1	NP_250142.1	NP_250143.1	NP_250144.1
NP_250145.1	NP_250146.1
NP_250148.1	NP_250149.1	NP_250150.1	NP_250151.1	NP_250152.1	NP_250153.1	NP_250154.1
NP_250159.1	NP_250160.1
NP_250163.1	NP_250164.1	NP_250165.1
NP_250167.1	NP_250168.1	NP_250169.1	NP_250170.1	NP_250171.1
NP_250172.1	NP_250173.1	NP_250174.1
NP_250176.1	NP_250177.1
NP_250178.1	NP_250179.1	NP_250180.1	NP_250181.1
NP_250182.1	NP_250183.1
NP_250184.1	NP_250185.1	NP_250186.1
NP_250187.1	NP_250188.1
NP_250189.1	NP_250190.1	NP_250191.1	NP_250192.1	NP_250193.1
NP_250196.1	NP_250197.1
NP_250200.1	NP_250201.1
NP_250204.1	NP_250205.1	NP_250206.1	NP_250207.1	NP_250208.1
NP_250212.1	NP_250213.1	NP_250214.1	NP_250215.1	NP_250216.1
NP_250217.1	NP_250218.1	NP_250219.1	NP_250220.1
NP_250228.1	NP_250229.1
NP_250231.1	NP_250232.1	NP_250233.1	NP_250234.1	NP_250235.1
NP_250239.1	NP_250240.1	NP_250241.1	NP_250242.1	NP_250243.1	YP_003933610.1
NP_250244.1	NP_250245.1	NP_250246.1	YP_003933611.1
NP_250252.1	NP_250253.1
NP_250254.1	NP_250255.1
NP_250256.1	NP_250257.1	NP_250258.1	NP_250259.1	NP_250260.1
NP_250263.1	NP_250264.1
NP_250272.1	NP_250273.1
NP_250274.1	NP_250275.1	NP_250276.1	NP_250277.1	NP_250278.1
NP_250279.1	NP_250280.1	NP_250281.1	NP_250282.1
NP_250284.1	NP_250285.1
NP_250291.1	NP_250292.1	NP_250293.1	NP_250294.1	NP_250295.1
NP_250298.1	NP_250299.1
NP_250302.1	NP_250303.1	NP_250304.1
NP_250306.1	NP_250307.1	NP_250308.1	NP_250309.1
NP_250310.1	NP_250311.1	NP_250312.1	NP_250313.1	NP_250314.1
NP_250318.1	NP_250319.1	NP_250320.1
NP_250324.1	NP_250325.1	NP_250326.1	NP_250327.1	NP_250328.1	NP_250329.1	NP_250330.1
NP_250345.1	NP_250346.1
NP_250348.1	NP_250349.1
NP_250350.1	NP_250351.1	NP_250352.1	NP_250353.1	NP_250354.1	NP_250355.1	NP_250356.1	NP_250357.1
NP_250358.1	NP_250359.1	NP_250360.1	NP_250361.1	NP_250362.1
NP_250373.1	NP_250374.1	NP_250375.1	NP_250376.1
NP_250379.1	NP_250380.1
NP_250381.1	NP_250382.1	NP_250383.1	NP_250384.1
NP_250385.1	NP_250386.1	NP_250387.1
NP_250389.1	NP_250390.1	NP_250391.1	NP_250392.1	NP_250393.1	NP_250394.1
NP_250395.1	NP_250396.1	NP_250397.1	NP_250398.1	NP_250399.1	NP_250400.1	NP_250401.1	NP_250402.1	NP_250403.1	NP_250404.1	NP_250405.1	NP_250406.1	NP_250407.1	NP_250408.1	NP_250409.1	NP_250410.1	NP_250411.1	NP_250412.1	NP_250413.1	NP_250414.1
NP_250417.1	NP_250418.1
NP_250421.1	NP_250422.1	NP_250423.1	NP_250424.1
NP_250427.1	NP_250428.1
NP_250434.1	NP_250435.1	NP_250436.1
NP_250442.1	NP_250443.1	NP_250444.1
NP_250450.1	NP_250451.1
NP_250452.1	NP_250453.1	NP_250454.1	NP_250455.1	NP_250456.1
NP_250457.1	NP_250458.1	NP_250459.1	NP_250460.1
NP_250466.1	NP_250467.1	NP_250468.1
NP_250469.1	NP_250470.1	NP_250471.1	NP_250472.1
NP_250475.1	NP_250476.1	NP_250477.1	NP_250478.1
NP_250485.1	NP_250486.1
NP_250488.1	NP_250489.1	NP_250490.1
NP_250492.1	NP_250493.1	NP_250494.1
NP_250499.1	NP_250500.1
NP_250501.1	NP_250502.1	NP_250503.1	NP_250504.1
NP_250506.1	NP_250507.1
NP_250509.1	NP_250510.1
NP_250513.1	NP_250514.1
NP_250523.1	NP_250524.1
YP_008719748.1	NP_250526.1
NP_250528.1	NP_250529.1
NP_250535.1	NP_250536.1
NP_250540.1	NP_250541.1
NP_250545.1	NP_250546.1
NP_250547.1	NP_250548.1
NP_250549.1	NP_250550.1
YP_008719750.1	NP_250558.1	NP_250559.1	NP_250560.1
NP_250561.1	NP_250562.1
NP_250563.1	NP_250564.1
NP_250566.1	NP_250567.1	NP_250568.1
NP_250571.1	NP_250572.1
NP_250573.1	NP_250574.1
NP_250576.1	NP_250577.1
NP_250578.1	NP_250579.1
NP_250582.1	NP_250583.1
NP_250584.1	NP_250585.1	NP_250586.1	NP_250587.1	NP_250588.1
NP_250589.1	NP_250590.1	NP_250591.1
NP_250592.1	NP_250593.1	NP_250594.1	NP_250595.1	NP_252905.1
NP_250596.1	NP_250597.1	NP_250598.1	NP_250599.1	NP_250600.1	NP_250601.1	NP_250602.1
NP_250603.1	NP_250604.1	NP_250605.1	NP_250606.1	NP_250607.1	NP_250608.1	NP_250609.1	NP_250610.1
NP_250612.1	NP_250613.1	NP_250614.1	NP_250615.1
NP_250616.1	NP_250617.1
NP_250621.1	NP_250622.1	NP_250623.1
NP_250627.1	NP_250628.1
NP_250629.1	NP_250630.1	NP_250631.1	NP_250632.1
NP_250634.1	NP_250635.1
NP_250636.1	NP_250637.1	NP_250638.1
NP_250639.1	NP_250640.1
NP_250644.1	NP_250645.1	NP_250646.1
NP_250658.1	NP_250659.1
NP_250662.1	NP_250663.1	NP_250664.1	NP_250665.1
NP_250669.1	NP_250670.1
NP_250676.1	NP_250677.1	NP_250678.1	NP_250679.1
NP_250681.1	NP_250682.1
NP_250685.1	NP_250686.1
NP_250687.1	NP_250688.1
NP_250689.1	NP_250690.1
NP_250695.1	NP_250696.1	NP_250697.1	NP_250698.1	NP_250699.1
NP_250701.1	NP_250702.1	NP_250703.1	NP_250704.1	NP_250705.1
NP_250708.1	NP_250709.1
NP_250720.1	NP_250721.1
NP_250722.1	NP_250723.1	NP_250724.1
NP_250726.1	NP_250727.1
NP_250728.1	NP_250729.1
NP_250731.1	NP_250732.1
NP_250735.1	NP_250737.1
NP_250740.1	NP_250741.1
NP_250742.1	NP_250743.1
NP_250747.1	NP_250748.1	NP_250749.1	NP_250750.1	NP_250751.1	NP_250752.1	NP_250753.1
NP_250754.1	NP_250755.1
NP_250756.1	NP_250757.1	NP_250758.1	NP_250759.1	NP_250760.1
NP_250762.1	NP_250763.1	NP_250764.1
NP_250767.1	NP_250768.1
NP_250770.1	NP_250771.1
NP_250772.1	NP_250773.1	NP_250774.1	NP_250775.1	NP_250776.1
NP_250777.1	NP_250778.1	NP_250779.1	NP_250780.1	NP_250781.1	NP_250782.1	NP_250783.1	NP_250784.1
NP_250787.1	NP_250788.1	NP_250789.1
NP_250792.1	NP_250793.1	NP_250794.1	NP_250795.1	NP_250796.1
NP_250800.1	NP_250801.1	NP_250802.1
NP_250805.1	NP_250806.1
NP_250809.1	NP_250810.1	NP_250811.1
NP_250812.1	NP_250813.1	NP_250814.1	NP_250815.1
NP_250816.1	NP_250817.1
NP_250818.1	NP_250819.1	NP_250820.1
NP_250822.1	NP_250823.1	NP_250824.1	NP_250825.1
NP_250831.1	NP_250832.1
NP_250837.1	NP_250838.1
NP_250840.1	NP_250841.1	NP_250842.1	NP_250843.1
NP_250844.1	NP_250845.1	NP_250846.1	NP_250847.1	NP_250848.1	NP_250849.1	NP_250850.1
NP_250852.1	NP_250853.1	NP_250854.1	NP_250855.1
NP_250856.1	NP_250857.1
NP_250858.1	NP_250859.1
NP_250860.1	NP_250861.1	NP_250862.1	NP_250863.1	YP_008719753.1
NP_250864.1	NP_250865.1	NP_250866.1
NP_250868.1	NP_250869.1
NP_250872.1	NP_250873.1
NP_250882.1	NP_250883.1	NP_250884.1	NP_250885.1	NP_250886.1	NP_250887.1
NP_250888.1	NP_250889.1
NP_250890.1	NP_250891.1
NP_250892.1	NP_250893.1	NP_250894.1
NP_250897.1	NP_250898.1	NP_250899.1
NP_250900.1	NP_250901.1	NP_250902.1	NP_250903.1	NP_250904.1
NP_250905.1	NP_250906.1	NP_250907.1
NP_250912.1	NP_250913.1	NP_250914.1	NP_250915.1	NP_250916.1	NP_250917.1	NP_250918.1
NP_250919.1	NP_250920.1	NP_250921.1	NP_250922.1	NP_250923.1
NP_250924.1	NP_250925.1	NP_250926.1	NP_250927.1	NP_250928.1	NP_250929.1	NP_250930.1	NP_250931.1	NP_250932.1
NP_250933.1	NP_250934.1
NP_250937.1	NP_250938.1	NP_250939.1	NP_250940.1
NP_250942.1	NP_250943.1
NP_250944.1	NP_250945.1	NP_250946.1	NP_250947.1
NP_250949.1	NP_250950.1	NP_250951.1
NP_250953.1	NP_250954.1	NP_250955.1	NP_250956.1
NP_250960.1	NP_250961.1	NP_250962.1
NP_250966.1	NP_250967.1
NP_250969.1	NP_250970.1
NP_250972.1	NP_250973.1	NP_250974.1	NP_250975.1	NP_250976.1	NP_250977.1
NP_250979.1	NP_250980.1	NP_250981.1
NP_250982.1	NP_250983.1	NP_250984.1	NP_250985.1	NP_250986.1	NP_250987.1	NP_250988.1	NP_250989.1	NP_250990.1	NP_250991.1	NP_250992.1	NP_250993.1	NP_250994.1	NP_250995.1	NP_250996.1	NP_250997.1	NP_250998.1	NP_250999.1	NP_251000.1
NP_251004.1	NP_251005.1
NP_251006.1	NP_251007.1	NP_251008.1
NP_251012.1	NP_251013.1	NP_251014.1	NP_251015.1
NP_251018.1	NP_251019.1	NP_251020.1
NP_251023.1	NP_251024.1
NP_251025.1	NP_251026.1	NP_251027.1
NP_251028.1	NP_251029.1	NP_251030.1
NP_251031.1	NP_251032.1	NP_251033.1	NP_251034.1
NP_251036.1	NP_251037.1	NP_251038.1	NP_251039.1	NP_251040.1	NP_251041.1
NP_251043.1	NP_251044.1	NP_251045.1	NP_251046.1	NP_251047.1
NP_251049.1	NP_251050.1	NP_251051.1	NP_251052.1	NP_251053.1	NP_251054.1
NP_251055.1	NP_251056.1	NP_251057.1	NP_251058.1	NP_251059.1	NP_251060.1	NP_251061.1	NP_251063.1	NP_251064.1
NP_251066.1	NP_251067.1
NP_251068.1	NP_251069.1
NP_251073.1	NP_251074.1	NP_251075.1	NP_251076.1	NP_251077.1
NP_251078.1	NP_251079.1	NP_251080.1	NP_251081.1
NP_251083.1	NP_251084.1	NP_251085.1
NP_251087.1	NP_251088.1
NP_251089.1	NP_251090.2	NP_251092.1
NP_251093.1	NP_251094.1	NP_251095.1	NP_251096.1
NP_251097.1	NP_251098.1
NP_251103.1	NP_251104.1
NP_251108.1	NP_251109.1
NP_251110.1	NP_251111.1
NP_251112.1	NP_251113.1
NP_251114.1	NP_251115.1
NP_251120.1	NP_251121.1
NP_251122.1	NP_251123.1
NP_251124.1	NP_251125.1
NP_251127.1	NP_251128.1	NP_251129.1
NP_251130.1	NP_251131.1
NP_251132.1	NP_251133.1	NP_251134.1	NP_251135.1	NP_251136.1	NP_251137.1
NP_251143.1	NP_251144.1	NP_251145.1	NP_251147.1	NP_251148.1
NP_251149.1	NP_251150.1
NP_251152.1	NP_251153.1
NP_251154.1	NP_251155.1	NP_251156.1	NP_251157.1	NP_251158.1	NP_251159.1
NP_251160.1	NP_251161.1
NP_251162.1	NP_251163.1
NP_251165.1	NP_251166.1	NP_251167.1	NP_251168.1
NP_251169.1	NP_251170.1
NP_251171.1	NP_251172.1
NP_251173.1	NP_251174.1
NP_251175.1	NP_251176.1
NP_251178.1	NP_251179.1	NP_251180.1
NP_251183.1	NP_251184.1	NP_251185.1
NP_251186.1	NP_251187.1
NP_251188.1	NP_251189.1	NP_251190.1
NP_251197.1	NP_251198.1	NP_251199.1
NP_251202.1	NP_251203.1	NP_251204.1
NP_251205.1	NP_251206.1	NP_251207.1	NP_251208.1
NP_251211.1	NP_251212.1
NP_251213.1	NP_251214.1
NP_251215.1	NP_251216.1	NP_251217.1	NP_251218.1
NP_251219.1	NP_251220.1	NP_251221.1
NP_251226.1	NP_251227.1
NP_251228.1	NP_251229.1	NP_251230.1	NP_251231.1
NP_251232.1	NP_251233.1	NP_251234.1
NP_251237.1	NP_251238.1
NP_251242.1	NP_251243.1
NP_251245.1	NP_251246.1	NP_251247.1
NP_251254.1	NP_251255.1
NP_251258.1	NP_251259.1	NP_251260.1
NP_251263.1	NP_251264.1
NP_251269.1	NP_251270.1
NP_251272.1	NP_251273.1
NP_251274.1	NP_251275.1	NP_251276.1
NP_251279.1	NP_251280.1	NP_251281.1
NP_251284.1	NP_251285.1	NP_251286.1	NP_251287.1	NP_251288.1	NP_251289.1	NP_251290.1	NP_251291.1
NP_251292.1	NP_251293.1
NP_251295.1	NP_251296.1	NP_251297.1	NP_251298.1	NP_251299.1	NP_251300.1
NP_251301.1	NP_251302.1	NP_251303.1
NP_251304.1	NP_251305.1
NP_251307.1	NP_251308.1
NP_251310.1	NP_251311.4
NP_251315.1	NP_251316.1
NP_251320.1	NP_251321.1
NP_251322.1	NP_251323.1	NP_251324.1	NP_251325.1	NP_251326.1
NP_251327.1	NP_251328.1	NP_251329.1	NP_251330.1	NP_251331.1	NP_251332.1	NP_251333.1	NP_251334.1	NP_251335.1	NP_251336.1	NP_251337.1	NP_251338.1	NP_251339.1
NP_251341.1	NP_251342.1
NP_251346.1	NP_251347.1
NP_251348.1	NP_251349.1
NP_251359.1	NP_251360.1	NP_251361.1	NP_251362.1	NP_251363.1	NP_251364.1	NP_251365.1	NP_251366.1	NP_251367.1	NP_251368.1	NP_251369.1
NP_251370.1	NP_251371.1	NP_251372.1
NP_251374.1	NP_251375.1
NP_251376.1	NP_251377.1
NP_251380.1	NP_251381.1
NP_251382.1	NP_251383.1
NP_251385.1	NP_251386.1	NP_251387.1
NP_251390.1	NP_251391.1
NP_251392.1	NP_251393.1
NP_251408.1	NP_251409.1
NP_251411.1	NP_251412.1
NP_251413.1	NP_251414.1	NP_251415.1	NP_251416.1	NP_251419.1
NP_251422.1	NP_251423.1	NP_251424.1	NP_251425.1
NP_251428.1	NP_251429.1	NP_251430.1	NP_251431.1	NP_251432.1
NP_251433.1	NP_251434.1
NP_251436.1	YP_008719756.1
NP_251437.1	YP_008719757.1
NP_251439.1	NP_251440.1
YP_008719760.1	NP_251445.1
NP_251446.1	NP_251447.1
NP_251455.1	NP_251456.1
NP_251457.1	NP_251458.1
NP_251459.1	NP_251460.1
NP_251463.1	NP_251464.1	NP_251465.1
NP_251467.1	NP_251468.1	NP_251469.1
NP_251470.1	NP_251471.1	NP_251472.1	NP_251473.1	NP_251474.1
NP_251476.1	NP_251477.1
NP_251479.1	NP_251480.1
NP_251481.1	NP_251482.1	NP_251483.1
NP_251485.1	NP_251486.1
NP_251487.1	NP_251488.1
NP_251493.1	NP_251494.1	NP_251495.1
NP_251497.1	NP_251498.1
NP_251499.1	NP_251500.1
NP_251503.1	NP_251504.1
NP_251512.1	NP_251513.1
NP_251515.1	NP_251516.1	NP_251517.1
NP_251522.1	NP_251523.1
NP_251524.1	NP_251525.1	NP_251526.1	NP_251527.1	NP_251528.1	NP_251529.1
NP_251538.1	NP_251539.1
NP_251547.1	NP_251548.1	NP_251549.1
NP_251558.1	NP_251559.1	NP_251560.1
NP_251561.1	NP_251562.1	NP_251563.1	NP_251564.1	NP_251565.1	NP_251566.1
NP_251571.1	NP_251572.1
NP_251573.1	NP_251574.1
NP_251576.1	NP_251577.1	NP_251578.1	NP_251579.1
NP_251580.1	NP_251581.1	NP_251582.1	NP_251583.1
NP_251584.1	NP_251585.1
NP_251586.1	NP_251587.1
NP_251589.1	NP_251590.1	NP_251591.1	NP_251592.1	NP_251593.1	NP_251594.1	NP_251595.1
NP_251597.1	NP_251598.1	NP_251599.1
NP_251602.1	NP_251603.1	NP_251604.1
NP_251606.1	NP_251607.1
NP_251610.1	NP_251611.1
NP_251612.1	NP_251613.1
NP_251614.1	NP_251615.1
NP_251622.1	NP_251623.1	NP_251624.1
NP_251631.1	NP_251632.1
NP_251634.1	NP_251635.1
NP_251636.2	NP_251637.1	NP_251638.1
NP_251641.1	NP_251642.1
NP_251644.1	NP_251645.1
NP_251651.1	NP_251652.1	NP_251653.1	NP_251654.1
NP_251657.1	NP_251658.1	NP_251659.1
NP_251663.1	NP_251664.1	NP_251665.1
NP_251667.1	NP_251668.1	NP_251669.1	NP_251670.1	NP_251671.1
NP_251672.1	NP_251673.1
NP_251679.2	NP_251680.1
NP_251682.1	NP_251683.1
NP_251685.1	NP_251686.1
NP_251687.1	NP_251688.1	NP_251689.1
NP_251690.1	NP_251691.1
NP_251694.1	NP_251695.1	NP_251696.1
NP_251699.1	NP_251700.1
NP_251703.1	NP_251704.1
NP_251712.1	NP_251713.1	NP_251714.1	NP_251715.1	NP_251716.1
NP_251718.1	NP_251719.1
NP_251720.1	NP_251721.1
NP_251723.1	NP_251724.1
NP_251725.1	NP_251726.1	NP_251727.1
NP_251730.1	NP_251731.1	NP_251732.1
NP_251734.1	NP_251735.1
NP_251743.1	NP_251744.1
NP_251745.1	NP_251746.1
NP_251748.1	NP_251749.1	NP_251750.1	NP_251751.1	NP_251752.1	NP_251753.1	NP_251754.1	NP_251755.1	NP_251756.1	NP_251757.1	NP_251758.1	NP_251759.2
NP_251760.1	NP_251761.1	NP_251762.1	NP_251763.1	NP_251764.1	NP_251765.1
NP_251769.1	NP_251770.1	NP_251771.1	NP_251772.1
NP_251773.1	NP_251774.1
NP_251775.1	NP_251776.1	NP_251777.1	NP_251778.1
NP_251785.1	NP_251786.1	NP_251787.1	NP_251788.1	NP_251789.1	NP_251790.1	NP_251791.1	NP_251792.1	NP_251793.1
NP_251794.1	NP_251795.1
NP_251796.1	NP_251797.1	NP_251798.1
NP_251801.1	NP_251802.1	NP_251803.1	NP_251804.1	NP_251805.1	NP_251806.1	NP_251807.1	NP_251808.1
NP_251810.1	NP_251811.1
NP_251813.1	NP_251814.1
NP_251819.1	NP_251820.1	NP_251821.1	NP_251822.1	NP_251823.1
NP_251826.1	NP_251827.1
NP_251832.1	YP_008719764.1
NP_251835.1	NP_251836.1	NP_251837.1	NP_251838.1	NP_251839.1	NP_251840.1	NP_251841.1	NP_251842.1	NP_251843.1	NP_251844.1
NP_251845.1	NP_251846.1
NP_251848.1	NP_251849.1
NP_251851.1	NP_251852.1	NP_251853.1	NP_251855.1	NP_251856.1	NP_251857.1	NP_251858.1	NP_251859.1
NP_251860.1	NP_251861.1
NP_251862.1	NP_251863.1	NP_251864.1	NP_251865.1	NP_251866.1	NP_251867.1
NP_251871.1	NP_251872.1	NP_251873.1
NP_251878.1	NP_251879.1	NP_251880.1
NP_251881.1	NP_251882.1	NP_251883.1	NP_251884.1
NP_251887.1	NP_251888.1	NP_251889.1	NP_251890.1
NP_251896.1	NP_251897.1
NP_251898.1	NP_251899.1
NP_251900.1	NP_251901.1	NP_251902.1
NP_251903.1	NP_251904.1
NP_251915.1	NP_251916.1
NP_251922.1	NP_251923.1
NP_251924.1	NP_251925.1
NP_251927.1	NP_251928.1	NP_251929.1	NP_251930.1
NP_251931.1	NP_251932.1
NP_251934.1	NP_251935.1
NP_251936.1	NP_251937.1
NP_251938.1	NP_251939.1
NP_251940.1	NP_251941.1	NP_251942.1	NP_251943.1
NP_251944.1	NP_251945.1
NP_251947.1	NP_251948.1
NP_251949.1	NP_251950.1
NP_251954.1	NP_251955.1
NP_251957.1	NP_251958.1	NP_251959.1	NP_251960.1
NP_251969.1	NP_251970.1
NP_251971.1	NP_251972.1	NP_251973.1
NP_251975.1	NP_251976.1
NP_251981.1	NP_251982.1
NP_251984.1	NP_251985.1
NP_251989.1	NP_251990.1
NP_251991.1	NP_251992.1
YP_008719765.1	NP_251995.1	NP_251996.1
NP_251998.1	NP_251999.1
NP_252004.1	NP_252005.1	NP_252006.1
NP_252007.1	NP_252008.1
NP_252013.1	NP_252014.1	NP_252015.1
NP_252017.1	NP_252018.1	NP_252019.1	NP_252020.1	NP_252021.1	NP_252022.1	NP_252023.1	NP_252024.1	NP_252025.1
NP_252030.1	NP_252031.1
NP_252032.1	NP_252033.1
NP_252034.1	NP_252035.1	NP_252036.1	NP_252037.1	NP_252038.1	NP_252039.1
NP_252040.1	NP_252041.1	NP_252042.1	NP_252043.1
NP_252044.1	NP_252045.1	NP_252046.1
NP_252049.1	NP_252050.1
NP_252053.1	NP_252054.1	NP_252055.1
NP_252057.1	NP_252058.1	NP_252059.1	NP_252060.1	NP_252061.1
NP_252062.1	NP_252063.1	NP_252064.1	NP_252065.1	NP_252066.1
NP_252067.1	NP_252068.1	NP_252069.1	NP_252070.1	NP_252071.1
NP_252077.1	NP_252078.1
NP_252080.1	NP_252081.1	NP_252082.1	NP_252083.1	NP_252084.1	NP_252085.1
NP_252090.1	NP_252091.1	NP_252092.1	NP_252093.1
NP_252094.1	NP_252095.1	NP_252096.1
NP_252097.1	NP_252098.1	NP_252099.1	NP_252100.1
NP_252103.1	NP_252104.1
NP_252105.1	NP_252106.1	NP_252107.1	NP_252108.1
NP_252111.1	NP_252112.1
NP_252113.1	NP_252114.1	NP_252115.1
NP_252116.1	NP_252117.1
NP_252119.1	NP_252120.1
NP_252121.1	NP_252122.1
NP_252124.1	NP_252125.1
NP_252126.1	NP_252127.1
NP_252128.1	NP_252129.1
NP_252134.1	NP_252135.1
NP_252136.1	NP_252137.1	NP_252138.1	NP_252139.1
NP_252149.1	NP_252150.1	NP_252151.1	NP_252152.1
NP_252157.1	NP_252158.1	NP_252159.1	NP_252160.1
NP_252163.1	NP_252164.1	NP_252165.1	NP_252166.1	NP_252167.1	NP_252168.1	NP_252169.1
NP_252173.1	NP_252174.1	NP_252175.1	NP_252176.1
NP_252177.1	NP_252178.2	NP_252179.1	NP_252180.1	NP_252181.1	NP_252182.1	NP_252183.1	NP_252184.1
NP_252188.1	NP_252189.1	NP_252190.1
NP_252191.1	NP_252192.1
NP_252194.1	NP_252195.1	NP_252196.1	NP_252197.1	NP_252198.1	NP_252199.1	NP_252200.1	NP_252201.1	NP_252202.1	NP_252203.1	NP_252204.1	NP_252205.1	NP_252206.1	NP_252207.1	NP_252208.1	NP_252209.1	NP_252210.1	NP_252211.1	NP_252212.1	NP_252213.1
NP_252217.1	NP_252218.1
NP_252227.1	NP_252228.1	NP_252229.1	NP_252230.1
NP_252231.1	NP_252232.1	NP_252233.1	NP_252234.1	NP_252235.1	NP_252236.1	NP_252237.1	NP_252238.1	NP_252239.1	NP_252240.1
NP_252241.1	NP_252242.1	NP_252243.1	NP_252244.1	NP_252245.1	NP_252246.1	NP_252247.1	NP_252248.1	NP_252249.1
NP_252250.1	NP_252251.1	NP_252252.1
NP_252253.1	NP_252254.1
NP_252258.1	NP_252259.1	NP_252260.1
NP_252261.1	NP_252262.1
NP_252265.1	NP_252266.1
NP_252268.1	NP_252269.1	NP_252270.1
NP_252272.1	NP_252273.1	NP_252274.1
NP_252279.1	NP_252280.1	NP_252281.1	NP_252282.1	NP_252283.1
NP_252284.1	NP_252285.1
NP_252286.1	NP_252287.1	NP_252288.1
NP_252297.1	NP_252298.1	NP_252299.1	NP_252300.1
NP_252304.1	NP_252305.1
NP_252314.1	NP_252315.1	NP_252316.1
NP_252317.1	NP_252318.1
NP_252320.1	NP_252321.1
NP_252323.1	NP_252324.1
NP_252325.1	NP_252326.1	NP_252327.1
NP_252329.1	NP_252330.1	NP_252331.1	NP_252332.1	NP_252333.1	NP_252334.1	NP_252335.1	NP_252336.1
NP_252338.1	NP_252339.1	NP_252340.1
NP_252343.1	NP_252344.1	NP_252345.1
NP_252348.1	NP_252349.1
NP_252351.1	NP_252352.1
NP_252357.1	NP_252358.1
NP_252359.1	NP_252360.1
NP_252366.1	NP_252367.1
NP_252370.1	NP_252371.1	NP_252372.1	NP_252373.1
NP_252381.1	NP_252382.1
NP_252385.1	NP_252386.1	NP_252387.1
NP_252388.1	NP_252389.1
YP_003933612.1	YP_003933612.1
NP_252391.1	NP_252392.1	NP_252393.1	NP_252394.1	NP_252395.1	NP_252396.1	NP_252397.1
NP_252398.1	NP_252399.1
NP_252402.1	NP_252403.1
NP_252408.1	NP_252409.2
NP_252415.1	NP_252416.1	NP_252417.1	NP_252418.1	NP_252419.1	NP_252420.1	NP_252421.2
NP_252424.1	NP_252425.1
NP_252432.1	NP_252433.1
NP_252436.1	NP_252437.1
NP_252445.1	NP_252446.1	NP_252447.1	NP_252448.1	NP_252449.1	NP_252450.1
NP_252451.1	NP_252452.1
NP_252456.1	NP_252457.1
NP_252458.1	NP_252459.1
NP_252460.1	NP_252461.1	NP_252462.1
NP_252465.1	NP_252466.1	NP_252467.1	NP_252468.1	NP_252469.1	NP_252470.1
NP_252478.1	NP_252479.1
NP_252482.1	NP_252483.1
NP_252486.1	NP_252487.1	NP_252488.1
NP_252489.1	NP_252490.1	NP_252491.1	NP_252492.1
NP_252493.1	NP_252494.1	NP_252495.1	NP_252496.1
NP_252497.1	NP_252498.1	NP_252499.1	NP_252500.1
NP_252504.1	NP_252505.1	NP_252506.1
NP_252509.1	NP_252510.1	NP_252511.1
NP_252512.1	NP_252513.1
NP_252516.1	NP_252517.1
NP_252518.1	NP_252519.1
NP_252520.1	NP_252521.1
NP_252525.1	NP_252526.1
NP_252528.1	NP_252529.1
NP_252536.1	NP_252537.1
NP_252540.1	NP_252541.1	NP_252542.1	NP_252543.1	NP_252544.1	NP_252545.1	NP_252546.1	NP_252547.1
NP_252551.1	NP_252552.1	NP_252553.1
NP_252556.1	NP_252557.1	NP_252558.1
NP_252559.1	NP_252560.1
NP_252563.1	NP_252564.1	NP_252565.1	NP_252566.1
NP_252567.1	NP_252568.1	NP_252569.1
NP_252571.1	NP_252572.1
NP_252573.1	NP_252574.1	NP_252575.1
NP_252577.1	NP_252578.1	NP_252579.1	NP_252580.1
NP_252581.1	NP_252582.1	NP_252583.1
NP_252584.1	NP_252585.1
NP_252587.1	NP_252588.1	NP_252589.1	NP_252590.1
NP_252593.1	NP_252594.1	NP_252595.1	NP_252596.1	NP_252597.1
NP_252598.1	NP_252599.1	NP_252600.1	NP_252601.1	NP_252602.1	NP_252603.1	NP_252604.1	NP_252605.1	NP_252606.1	NP_252607.1	NP_252608.1
NP_252611.1	NP_252612.1
NP_252618.1	NP_252619.1
NP_252621.1	NP_252622.1
NP_252623.1	NP_252624.1	NP_252625.1	NP_252626.1	NP_252627.1
NP_252630.1	NP_252631.1
NP_252632.1	NP_252633.1	NP_252634.1	NP_252635.1	NP_252636.1
NP_252637.1	NP_252638.1
NP_252639.1	NP_252640.1
NP_252644.1	NP_252645.1
NP_252647.1	NP_252648.1
NP_252659.1	NP_252660.1	NP_252661.1
NP_252662.1	NP_252663.1
NP_252664.1	NP_252665.1
NP_252669.1	NP_252670.1	NP_252671.1	NP_252672.1
NP_252677.1	NP_252678.1
NP_252681.1	NP_252682.1
NP_252685.1	NP_252686.1	NP_252687.1
NP_252689.1	NP_252690.1	NP_252691.1	NP_252692.1	NP_252693.1	NP_252694.1	NP_252695.1	NP_252696.1
NP_252702.1	NP_252703.1
NP_252705.1	NP_252706.1
NP_252708.1	NP_252709.1
NP_252713.1	NP_252714.1	NP_252715.1	NP_252716.1
NP_252718.1	NP_252719.1
NP_252724.1	NP_252725.1	NP_252726.1	NP_252727.1
NP_252728.1	NP_252729.1
NP_252732.1	NP_252733.1
NP_252737.1	NP_252738.1
NP_252739.1	NP_252740.1	NP_252741.1
NP_252743.1	NP_252744.1	NP_252745.1
NP_252753.1	NP_252754.1
NP_252755.1	NP_252756.1
NP_252757.1	NP_252758.1	NP_252759.1	NP_252760.1	NP_252761.1
NP_252767.1	NP_252768.1
NP_252770.1	NP_252771.1	NP_252772.1	NP_252773.1	NP_252774.1	NP_252775.1
NP_252777.1	NP_252778.1
NP_252780.1	NP_252781.1
NP_252782.1	NP_252783.1
NP_252784.1	NP_252785.1	NP_252786.1	NP_252787.1
NP_252790.1	NP_252791.1	NP_252792.1	NP_252793.1
NP_252794.1	NP_252795.1
NP_252805.1	NP_252806.1	NP_252807.1
NP_252808.1	NP_252809.1
NP_252810.1	NP_252811.1
NP_252813.1	NP_252814.1	NP_252815.1	NP_252816.1	NP_252817.1
NP_252818.1	NP_252819.1
NP_252828.1	NP_252829.1	NP_252830.1
NP_252831.1	NP_252832.1	NP_252833.1	NP_252834.1
YP_008719776.1	NP_252836.1
NP_252837.1	NP_252838.1
NP_252839.1	NP_252840.1	NP_252841.1	NP_252842.1
NP_252843.1	NP_252844.1	NP_252845.1
NP_252848.1	NP_252849.1	NP_252850.1
NP_252859.1	NP_252860.1	NP_252861.1
NP_252866.1	NP_252867.1	NP_252868.1
NP_252870.1	NP_252871.1
NP_252872.1	NP_252873.1
NP_252874.1	NP_252875.1	NP_252876.1	NP_252877.1	NP_252878.1
NP_252880.1	NP_252881.1	NP_252882.1	NP_252883.1	NP_252884.1	NP_252885.1	NP_252886.1
NP_252887.1	NP_252888.1	NP_252889.1
NP_252890.1	NP_252891.1
NP_252892.1	NP_252893.1	NP_252894.1	NP_252895.1	NP_252896.1	NP_252897.1
NP_252899.1	NP_252900.1
NP_252901.1	NP_252902.1	NP_252903.1	NP_252904.1	NP_252906.1	NP_252907.1
NP_252908.1	NP_252909.2	NP_252910.1
NP_252911.1	NP_252912.1	NP_252913.1	NP_252914.1	NP_252915.1	NP_252916.1	NP_252917.1
NP_252918.1	NP_252919.1	NP_252920.1	NP_252921.1
NP_252926.1	NP_252927.1	NP_252928.1	NP_252929.1
NP_252930.1	NP_252931.1
NP_252934.1	NP_252935.1	NP_252936.1	NP_252937.1	NP_252938.1	NP_252939.1	NP_252940.1	NP_252941.1	NP_252942.1
NP_252944.1	NP_252945.1
NP_252946.1	NP_252947.1	NP_252948.1	NP_252949.1	NP_252950.1
NP_252951.1	NP_252952.1	NP_252953.1
NP_252955.1	NP_252956.1	NP_252957.1	NP_252958.1
NP_252959.1	NP_252960.1
NP_252962.1	NP_252963.1	NP_252964.1
NP_252966.1	NP_252967.1	NP_252968.1	NP_252969.1	NP_252970.1
NP_252971.1	NP_252972.1
NP_252973.1	NP_252974.1	NP_252975.1	NP_252976.1
NP_252983.1	NP_252984.1
NP_252985.1	NP_252986.1
NP_252987.1	NP_252988.1	NP_252989.1	NP_252990.1	NP_252991.1	NP_252992.1	NP_252993.1	NP_252994.1	NP_252995.1
NP_252999.1	NP_253000.1
NP_253001.1	NP_253002.1	NP_253003.1
NP_253007.1	NP_253008.1	NP_253009.1	NP_253010.1	NP_253011.1
NP_253012.1	NP_253013.1
NP_253014.1	NP_253015.1	NP_253016.1
NP_253017.1	NP_253018.1
NP_253020.1	NP_253021.1	NP_253022.2
NP_253027.1	NP_253028.1	NP_253029.1	NP_253030.1	NP_253031.1
NP_253032.1	NP_253033.1	NP_253034.1	NP_253035.1
NP_253037.1	NP_253038.1
NP_253040.1	NP_253041.1
NP_253042.1	NP_253043.1
NP_253048.1	NP_253049.1
NP_253054.1	NP_253055.1
NP_253060.1	NP_253061.1	NP_253062.1	NP_253063.1	NP_253064.1	NP_253065.1
NP_253068.1	NP_253069.1	NP_253070.1
NP_253075.1	NP_253076.1
NP_253077.1	NP_253078.1
NP_253080.1	NP_253081.1
NP_253082.1	NP_253083.1
NP_253084.1	NP_253085.1
NP_253086.1	NP_253087.1	NP_253088.1	NP_253089.1
NP_253090.1	NP_253091.1
NP_253092.1	NP_253093.1
NP_253096.1	NP_253097.1	NP_253098.1
NP_253099.1	NP_253100.1	NP_253101.1	NP_253102.1	NP_253103.1	NP_253104.1
NP_253105.1	NP_253106.1	NP_253107.1	NP_253108.1	NP_253109.1
NP_253110.1	NP_253111.1	NP_253112.1
NP_253117.1	NP_253118.1	NP_253119.1
NP_253122.1	NP_253123.1
NP_253126.1	NP_253127.1
NP_253128.1	NP_253129.1	NP_253130.1
NP_253132.1	NP_253133.1
NP_253137.1	NP_253138.1	NP_253139.1	NP_253140.1
NP_253141.1	NP_253142.1	NP_253143.1	NP_253144.1	NP_253145.1	NP_253146.1
NP_253147.1	NP_253148.1	NP_253149.1	NP_253150.1
NP_253151.1	NP_253152.1	NP_253153.1	NP_253154.1	NP_253155.1	NP_253156.1
NP_253164.1	NP_253165.1
NP_253167.1	NP_253168.1
NP_253169.1	NP_253170.1
NP_253173.1	NP_253174.1
NP_253175.1	NP_253176.1
NP_253177.1	NP_253178.1	NP_253179.1	NP_253180.1	NP_253181.1	NP_253182.1
NP_253183.1	NP_253184.1
NP_253186.1	NP_253187.1
NP_253193.1	NP_253194.1	NP_253195.1	NP_253196.1
NP_253199.1	NP_253200.1	NP_253201.1
NP_253203.1	NP_253204.1
NP_253206.1	NP_253207.1
NP_253210.1	NP_253211.1
NP_253218.1	NP_253219.1	NP_253220.1
NP_253223.1	NP_253224.1
NP_253226.1	NP_253227.1
NP_253230.1	NP_253231.1
NP_253233.1	NP_253234.1
NP_253236.1	NP_253237.1
NP_253239.1	NP_253240.1	NP_253241.1	NP_253242.1	NP_253243.1	NP_253244.1	NP_253245.1
NP_253249.1	NP_253250.1	NP_253251.1
NP_253255.1	NP_253256.1	NP_253257.1	NP_253258.1
NP_253266.1	NP_253267.1
NP_253268.1	NP_253269.1
NP_253274.1	NP_253275.1
NP_253281.1	NP_253282.1	NP_253283.1	NP_253284.1
NP_253287.1	NP_253288.1	NP_253289.1
NP_253290.1	NP_253291.1
NP_253301.1	NP_253302.1	NP_253303.1
NP_253305.1	NP_253306.1
NP_253308.1	NP_253309.1	NP_253310.1	NP_253311.1
NP_253313.1	NP_253314.1	NP_253315.1
NP_253316.1	NP_253317.1
NP_253318.1	NP_253319.1
YP_008719779.1	YP_008719780.1
NP_253331.1	NP_253332.1
NP_253333.1	NP_253334.1
NP_253337.1	NP_253338.1	NP_253339.1	NP_253340.1	NP_253341.1	NP_253342.1
NP_253343.1	NP_253344.1	NP_253345.1
NP_253346.1	NP_253347.1	NP_253348.1	NP_253349.1
NP_253351.1	NP_253352.1	NP_253353.1	NP_253354.1	NP_253355.1
NP_253356.1	NP_253357.1
NP_253361.1	NP_253362.1
NP_253365.1	NP_253366.1	NP_253367.1
NP_253368.1	NP_253369.1	NP_253370.1	NP_253371.1	NP_253372.1
NP_253373.1	NP_253374.1	NP_253375.1	NP_253376.1	NP_253377.1
NP_253378.1	YP_008719782.1	YP_008719783.1	NP_253379.1
NP_253383.1	NP_253384.1
NP_253390.1	NP_253391.1	NP_253392.1
NP_253394.1	NP_253395.1
NP_253398.1	NP_253399.1
NP_253409.1	NP_253410.1
NP_253413.1	NP_253414.1	NP_253415.1	NP_253416.1	NP_253417.1	NP_253418.1	NP_253419.1	NP_253420.1	NP_253421.1
NP_253423.1	NP_253424.1	NP_253425.2
NP_253426.1	NP_253427.1
NP_253428.1	NP_253429.1	NP_253430.1	NP_253431.1	NP_253432.1	NP_253433.1	NP_253434.1
NP_253435.1	NP_253436.1	NP_253437.1	NP_253438.1	NP_253439.1	NP_253440.1
NP_253443.1	NP_253444.1
NP_253446.1	NP_253447.1	NP_253448.1	NP_253449.1
NP_253454.1	NP_253455.1
NP_253458.1	NP_253459.1	NP_253460.1
NP_253461.1	NP_253462.1	NP_253463.1
NP_253464.1	NP_253465.1	NP_253466.1
NP_253468.1	NP_253469.1
NP_253477.1	NP_253478.1
NP_253481.1	NP_253482.1	NP_253483.1	NP_253484.1
NP_253487.1	NP_253488.1
NP_253492.1	NP_253493.1
NP_253495.1	NP_253496.1	NP_253497.1
NP_253498.1	NP_253499.1	YP_003933614.1	NP_253500.1
NP_253503.1	NP_253504.1
NP_253505.1	NP_253506.1	NP_253507.1
NP_253510.1	NP_253511.1
NP_253517.1	NP_253518.1
NP_253522.1	NP_253523.1
NP_253526.1	NP_253527.1	NP_253528.1
NP_253530.1	NP_253531.1	NP_253532.1
NP_253534.1	NP_253535.1
NP_253537.1	NP_253538.1	NP_253539.1	NP_253540.1	NP_253541.1	NP_253542.1
NP_253543.1	NP_253544.1
NP_253546.2	NP_253547.1	NP_253548.1	NP_253549.1	NP_253550.1	NP_253551.1	NP_253552.1
NP_253553.1	NP_253554.1	NP_253555.1
NP_253569.1	NP_253570.1	NP_253571.1
NP_253572.1	NP_253573.1
NP_253574.1	NP_253575.1	NP_253576.1
NP_253577.1	NP_253578.1	NP_253579.1
NP_253582.1	NP_253583.1
NP_253585.1	NP_253586.1	NP_253587.1	NP_253588.1
NP_253591.1	NP_253592.1
NP_253594.1	NP_253595.1
NP_253596.1	NP_253597.1	NP_253598.1	NP_253599.1	NP_253600.1
NP_253601.1	NP_253602.1
NP_253603.1	NP_253604.1
NP_253605.1	NP_253606.1	NP_253607.1
NP_253611.1	NP_253612.1
NP_253613.1	NP_253614.1
NP_253617.1	NP_253618.1	NP_253619.1
NP_253621.1	NP_253622.1	NP_253623.1	NP_253624.1	NP_253625.1	NP_253626.1	NP_253627.1	NP_253628.1	NP_253629.1	NP_253630.1
NP_253632.1	NP_253633.1	NP_253634.1	NP_253635.1	NP_253636.1
NP_253640.1	NP_253641.1
NP_253643.1	NP_253644.1
NP_253648.1	NP_253649.1
NP_253652.1	NP_253653.1
NP_253655.1	NP_253656.1
NP_253662.1	NP_253663.1	NP_253664.1	NP_253665.1	NP_253666.1	NP_253667.1	NP_253668.1	NP_253669.2	NP_253670.1	NP_253671.1	NP_253672.1
NP_253673.1	NP_253674.1
NP_253675.1	NP_253676.1
NP_253678.1	NP_253679.1
NP_253681.1	NP_253682.1	NP_253683.1	NP_253684.1
NP_253685.1	NP_253686.1
NP_253687.1	NP_253688.1	NP_253689.1	NP_253690.1	NP_253691.1
NP_253693.1	NP_253694.1	NP_253695.1	NP_253696.1	NP_253697.1	NP_253698.1	NP_253699.1	NP_253700.1
NP_253702.1	NP_253703.1
NP_253704.1	NP_253705.1
NP_253707.1	NP_253708.3	NP_253709.1	NP_253710.1
NP_253712.1	NP_253713.1	NP_253714.1
NP_253715.1	NP_253716.1
NP_253719.1	NP_253720.1
NP_253721.1	NP_253722.1	NP_253723.1
NP_253725.1	NP_253726.1	NP_253727.1	NP_253728.1	NP_253729.1	NP_253730.1	NP_253731.1
NP_253734.1	NP_253735.1
NP_253737.1	NP_253738.1
NP_253740.1	NP_253741.1
NP_253742.1	NP_253743.1	NP_253744.1	NP_253745.1	NP_253746.1
NP_253747.1	NP_253748.1
NP_253751.1	NP_253752.1
NP_253753.1	NP_253754.1
NP_253755.1	NP_253756.1
NP_253762.1	NP_253763.1	NP_253764.1	NP_253765.1
NP_253766.1	NP_253767.1
NP_253769.1	NP_253770.1	NP_253771.1
NP_253774.1	NP_253775.1
NP_253777.1	NP_253778.1	NP_253779.1	NP_253780.1	NP_253781.1	NP_253782.1	NP_253783.1	NP_253784.1	NP_253785.1
NP_253788.1	NP_253789.1	NP_253790.1	NP_253791.1
NP_253794.1	NP_253795.1
NP_253798.1	NP_253799.1	NP_253800.1	NP_253801.1
NP_253809.1	NP_253810.1
NP_253811.1	NP_253812.1
NP_253815.1	NP_253816.1	NP_253817.1
NP_253820.1	NP_253821.1	NP_253822.1
NP_253824.1	NP_253825.1	NP_253826.1
NP_253827.1	NP_253828.1
NP_253829.1	NP_253830.1
NP_253831.1	NP_253832.1
NP_253840.1	NP_253841.1	NP_253842.1
NP_253843.2	NP_253844.1	NP_253845.1	NP_253846.1	NP_253847.1	NP_253848.1	NP_253849.1	NP_253850.1	NP_253851.1
NP_253852.1	NP_253853.1
NP_253856.1	NP_253857.1	NP_253858.1	NP_253859.1	NP_253860.1	NP_253861.1
NP_253862.1	NP_253863.1
NP_253866.1	NP_253867.1	NP_253868.1
NP_253869.2	NP_253870.1
NP_253872.1	NP_253873.1	NP_253874.1	NP_253875.1
NP_253886.1	NP_253887.1
NP_253889.1	NP_253890.1
NP_253893.1	NP_253894.1	NP_253895.1
NP_253897.1	NP_253898.1
NP_253900.1	NP_253901.1	NP_253902.1
NP_253903.1	NP_253904.1
NP_253908.1	NP_253909.1	NP_253910.1	NP_253911.1
NP_253914.1	NP_253915.1	NP_253916.1
NP_253917.1	NP_253918.1	NP_253919.1	NP_253920.1
NP_253926.1	NP_253927.1
NP_253929.1	NP_253930.1
NP_253932.1	NP_253933.1
NP_253934.1	NP_253935.1
NP_253936.1	NP_253937.1
NP_253943.1	NP_253944.1	NP_253945.1	NP_253946.1
NP_253947.1	NP_253948.1	NP_253949.1
NP_253951.1	NP_253952.1
NP_253953.1	NP_253954.1
NP_253956.1	NP_253957.1	NP_253958.1	NP_253959.1	NP_253960.1
NP_253961.1	NP_253962.1
NP_253964.1	NP_253965.1	NP_253966.1	NP_253967.1	NP_253968.1
NP_253971.1	NP_253972.1
NP_253976.1	NP_253977.1
NP_253983.1	NP_253984.1	NP_253985.1
NP_253988.1	NP_253989.1	NP_253990.1	NP_253991.1
NP_253995.1	NP_253996.1	NP_253997.1
NP_254007.1	NP_254008.1
NP_254013.1	NP_254014.1	NP_254015.1
NP_254022.1	NP_254023.1
NP_254024.1	NP_254025.1
NP_254028.1	NP_254029.1	NP_254030.1
NP_254031.1	NP_254032.1
NP_254037.1	NP_254038.1
NP_254039.1	NP_254040.1	NP_254041.1	NP_254042.1
NP_254043.1	NP_254044.1
NP_254048.1	NP_254049.1
NP_254050.1	NP_254051.1
NP_254052.1	NP_254053.1
NP_254054.1	NP_254055.1	NP_254056.1
NP_254063.1	NP_254064.1	NP_254065.1
NP_254066.1	NP_254067.1
NP_254071.1	NP_254072.1	NP_254073.1	NP_254074.1	NP_254075.1
NP_254077.1	NP_254078.1
NP_254080.1	NP_254081.1
NP_254083.1	NP_254084.1	NP_254085.1	NP_254086.1	NP_254087.2	NP_254088.1	NP_254089.1
NP_254091.1	NP_254092.1	NP_254093.1	NP_254094.1
NP_254102.1	NP_254103.1
NP_254104.1	NP_254105.1	NP_254106.1	NP_254107.1
NP_254119.1	NP_254120.1
NP_254122.1	NP_254123.1
NP_254126.1	NP_254127.1
NP_254134.1	NP_254135.1	NP_254136.1	NP_254137.1	NP_254138.1
NP_254139.1	NP_254140.1	NP_254141.1
NP_254142.1	NP_254143.1	NP_254144.1	NP_254145.1	NP_254146.1	NP_254147.1	NP_254148.1	NP_254149.1	NP_254150.1
NP_254155.1	NP_254156.1
NP_254157.1	NP_254158.1
NP_254170.1	NP_254171.1
NP_254172.1	NP_254173.1
NP_254174.1	NP_254175.1
NP_254176.1	NP_254177.1	NP_254178.1
NP_254183.1	NP_254184.1
NP_254186.1	NP_254187.1
NP_254193.1	NP_254194.1	NP_254195.1	NP_254196.1	NP_254197.1
NP_254198.1	NP_254199.1
NP_254200.1	NP_254201.1
NP_254204.1	NP_254205.1	NP_254206.1
NP_254208.1	NP_254209.1	NP_254210.1
NP_254211.1	NP_254212.1
NP_254213.1	NP_254214.1
NP_254216.1	NP_254217.1
NP_254222.1	NP_254223.1
NP_254227.1	NP_254228.1
NP_254231.1	NP_254232.1	NP_254233.1
NP_254234.1	NP_254235.1
NP_254236.1	NP_254237.1
NP_254239.1	NP_254240.1
NP_254242.1	NP_254243.1
NP_254244.1	NP_254245.1
NP_254247.1	NP_254248.1
NP_254249.1	NP_254250.1	NP_254251.1	NP_254252.1
NP_254255.1	NP_254256.1
