WP_000235740.1	WP_001165637.1	WP_000858181.1	WP_000642977.1
WP_001175296.1	WP_001264323.1
WP_001040293.1	WP_000671934.1
WP_000601638.1	WP_000721203.1
WP_001272690.1	WP_000584956.1	WP_000890508.1	WP_015056018.1	WP_000785454.1	WP_000760930.1
WP_229311985.1	WP_000157542.1	WP_000726314.1	WP_000476392.1
WP_001023005.1	WP_000784920.1	WP_001051514.1	WP_000142250.1	WP_000347915.1
WP_000468475.1	WP_000786660.1	WP_000660509.1	WP_000694809.1	WP_000659810.1	WP_001002442.1
WP_000378843.1	WP_015056020.1	WP_000827275.1	WP_000614886.1	WP_001106909.1
WP_000664224.1	WP_000895775.1
WP_000510269.1	WP_001169304.1
WP_000849034.1	WP_080474202.1	WP_000536434.1
WP_000258489.1	WP_000988444.1
WP_000092102.1	WP_000852747.1	WP_000447902.1	WP_000491247.1	WP_000567893.1
WP_000357404.1	WP_000583097.1	WP_000901247.1
WP_000724295.1	WP_000779223.1	WP_000921378.1	WP_000688400.1
WP_001273615.1	WP_000025135.1
WP_000755201.1	WP_000748046.1	WP_000644179.1
WP_001227269.1	WP_000167671.1
WP_001168427.1	WP_000061441.1	WP_001268661.1	WP_161595577.1	WP_000250146.1	WP_001199067.1
WP_000788527.1	WP_000233875.1
WP_010875440.1	WP_000874844.1	WP_001125803.1
WP_000033553.1	WP_000905219.1	WP_000853678.1
WP_000922020.1	WP_000971620.1	WP_000737638.1	WP_000856671.1	WP_001242837.1	WP_042964654.1	WP_000521014.1
WP_001862505.1	WP_000010001.1
WP_000681408.1	WP_001040794.1
WP_000446641.1	WP_001144146.1	WP_000446639.1
WP_001271855.1	WP_000089203.1	WP_001125542.1	WP_001264177.1
WP_000731991.1	WP_000821582.1
WP_000135967.1	WP_000046401.1
WP_000412947.1	WP_000032040.1	WP_000417304.1	WP_000867263.1
WP_000398080.1	WP_000889036.1
WP_001157695.1	WP_000490788.1
WP_001862885.1	WP_000670506.1	WP_001221992.1	WP_000660370.1	WP_000506345.1
WP_000963128.1	WP_000955673.1
WP_000146222.1	WP_001862880.1
WP_000532084.1	WP_000476591.1
WP_229311986.1	WP_010875449.1
WP_001862871.1	WP_001127819.1	WP_001077422.1	WP_000191026.1
WP_000371130.1	WP_000622860.1	WP_000883720.1	WP_000244494.1	WP_000458035.1
WP_000739470.1	WP_000960471.1	WP_000974265.1
WP_000941291.1	WP_000588225.1	WP_001237964.1
WP_000492582.1	WP_000323092.1
WP_001282439.1	WP_000706021.1	WP_001183634.1
WP_000160988.1	WP_000506216.1	WP_000777041.1	WP_000655178.1	WP_000813744.1
WP_001159178.1	WP_000290428.1
WP_001862855.1	WP_000397786.1
WP_000473912.1	WP_229311987.1
WP_015056028.1	WP_001155912.1
WP_000901420.1	WP_000339189.1	WP_000238111.1
WP_000427574.1	WP_000656886.1	WP_000260724.1
WP_000941691.1	WP_001051995.1
WP_015056031.1	WP_000866624.1
WP_000603200.1	WP_000743516.1
WP_000538261.1	WP_001235932.1
WP_000527585.1	WP_000899254.1	WP_000418286.1	WP_001156669.1
WP_001004080.1	WP_001206044.1
WP_000846461.1	WP_000748581.1	WP_000609401.1	WP_000832067.1
WP_000422563.1	WP_001121076.1
WP_000889818.1	WP_000116877.1
WP_000712783.1	WP_001226637.1	WP_001863029.1	WP_000382848.1
WP_025444699.1	WP_001160132.1
WP_000806072.1	WP_001048043.1	WP_001863037.1	WP_000924910.1	WP_001155847.1
WP_000870176.1	WP_000053541.1
WP_000911905.1	WP_001212813.1	WP_001863038.1	WP_001150530.1	WP_001025475.1	WP_001155742.1
WP_000055463.1	WP_001074267.1	WP_000684682.1	WP_000221211.1
WP_001156090.1	WP_001218141.1	WP_000758579.1	WP_001116713.1	WP_001210594.1	WP_000713359.1	WP_000713712.1	WP_000483597.1	WP_001171376.1	WP_000461887.1	WP_001863046.1
WP_000119318.1	WP_000940618.1	WP_001066780.1	WP_000947999.1	WP_000443358.1	WP_000599885.1	WP_000770472.1	WP_000497238.1	WP_000819954.1	WP_000738964.1
WP_000743087.1	WP_000336506.1	WP_000850703.1
WP_000271050.1	WP_001134066.1	WP_000716253.1	WP_000934548.1
WP_000557124.1	WP_000508588.1	WP_000551230.1
WP_000709989.1	WP_001201399.1	WP_000742697.1
WP_000833936.1	WP_001168317.1
WP_001207734.1	WP_001019069.1	WP_000051415.1	WP_001862983.1	WP_000599146.1
WP_010875464.1	WP_001862988.1	WP_000699933.1	WP_000032376.1	WP_000599140.1	WP_001862993.1	WP_000393582.1	WP_001862999.1	WP_010875469.1
WP_001117124.1	WP_000810700.1	WP_000373222.1
WP_000364750.1	WP_000201853.1	WP_000056222.1	WP_001863059.1	WP_001863060.1
WP_001203260.1	WP_000589921.1	WP_001084597.1	WP_000453999.1	WP_000657303.1
WP_015056041.1	WP_001053815.1
WP_000364269.1	WP_000492204.1	WP_000793250.1	WP_000487428.1
WP_000289187.1	WP_000176078.1	WP_000884428.1
WP_001191188.1	WP_000051172.1	WP_000499252.1
WP_000655545.1	WP_000494633.1
WP_000070768.1	WP_000342347.1	WP_000818647.1	WP_000894935.1
WP_000888213.1	WP_001204347.1	WP_000285096.1
WP_000034006.1	WP_000403575.1	WP_000570922.1	WP_000777286.1	WP_000557020.1
WP_001100349.1	WP_001147634.1	WP_000352085.1
WP_000903912.1	WP_001158310.1	WP_000237280.1	WP_001158562.1
WP_000506796.1	WP_000923350.1	WP_001124691.1	WP_001062391.1
WP_001863366.1	WP_001863367.1	WP_000418129.1	WP_230372078.1	WP_001863368.1	WP_010875482.1	WP_230372413.1
WP_000044730.1	WP_000655392.1	WP_229311984.1	WP_001173702.1	WP_000850076.1	WP_000323332.1	WP_001158055.1
WP_001862501.1	WP_000691910.1	WP_000394021.1
WP_001862499.1	WP_000599839.1	WP_000543323.1	WP_000362588.1	WP_001862498.1	WP_000189081.1	WP_001177716.1	WP_001168532.1	WP_000893960.1	WP_000789926.1
WP_000005927.1	WP_001146659.1	WP_001116307.1	WP_000402681.1	WP_001861281.1	WP_000114695.1	WP_001188605.1
WP_000662799.1	WP_000431914.1	WP_000595790.1
WP_000798928.1	WP_000349469.1
WP_001167977.1	WP_001139725.1	WP_000557801.1
WP_000768579.1	WP_001115603.1	WP_000775280.1
WP_000967129.1	WP_000703484.1
WP_001138777.1	WP_001203797.1
WP_000526632.1	WP_000514571.1
WP_000704186.1	WP_001182024.1	WP_000231086.1	WP_000119978.1	WP_000945103.1	WP_000886845.1	WP_000690507.1	WP_000849509.1
WP_001862443.1	WP_000461024.1	WP_000040764.1	WP_001862438.1	WP_000757130.1
WP_000785752.1	WP_000488766.1	WP_000462193.1
WP_000389328.1	WP_000133885.1
WP_000529349.1	WP_000481884.1	WP_000900785.1
WP_001000423.1	WP_000776464.1
WP_000069596.1	WP_000938081.1	WP_000466848.1	WP_001863356.1
WP_000879904.1	WP_000835501.1
WP_000855299.1	WP_000649592.1	WP_042960802.1
WP_000855900.1	WP_000814259.1	WP_000495985.1	WP_000609477.1
WP_000668162.1	WP_000428883.1
WP_000180747.1	WP_229311988.1	WP_001111702.1
WP_000690349.1	WP_001004715.1
WP_000715278.1	WP_000965287.1	WP_001149319.1	WP_000437280.1	WP_000792823.1
WP_000312027.1	WP_001252848.1	WP_001163100.1	WP_001160833.1
WP_001148303.1	WP_000232462.1
WP_000524601.1	WP_000912892.1	WP_000393406.1	WP_001006135.1
WP_000495094.1	WP_001037678.1	WP_001159394.1	WP_000670710.1
WP_000839094.1	WP_000909119.1	WP_000433759.1
WP_000406682.1	WP_001114818.1	WP_010875498.1	WP_000004827.1	WP_001863331.1	WP_000174130.1
WP_000208854.1	WP_001096894.1	WP_001206856.1	WP_000885323.1	WP_000388051.1	WP_000575711.1	WP_000394806.1	WP_000356995.1	WP_000890837.1
WP_000913670.1	WP_000491853.1	WP_000467802.1	WP_010875501.1
WP_000885496.1	WP_000887243.1	WP_000577404.1
WP_001092132.1	WP_000619658.1	WP_000278421.1
WP_000625017.1	WP_000399940.1
WP_001256425.1	WP_000811238.1	WP_001047373.1
WP_000981767.1	WP_000501484.1
WP_000894779.1	WP_000142409.1
WP_000608576.1	WP_010875508.1	WP_010875509.1	WP_000387635.1
WP_000499027.1	WP_000038087.1	WP_000359859.1	WP_000078602.1
WP_000373527.1	WP_000943321.1	WP_000577921.1
WP_000346467.1	WP_001217520.1
WP_000487430.1	WP_001170452.1	WP_000949202.1
WP_000346642.1	WP_010875513.1
WP_001862639.1	WP_000714010.1	WP_001862637.1
WP_001225999.1	WP_001163504.1
WP_015056054.1	WP_001094036.1	WP_000413462.1	WP_001193216.1	WP_001004848.1
WP_000633152.1	WP_000715041.1
WP_001862580.1	WP_000355989.1
WP_000381669.1	WP_000016162.1
WP_000822057.1	WP_000659176.1
WP_001006979.1	WP_001045154.1	WP_001206261.1
WP_000479410.1	WP_000650637.1	WP_001285084.1
WP_001862402.1	WP_000162004.1
WP_001279026.1	WP_001153763.1	WP_001863432.1	WP_000684509.1
WP_000996418.1	WP_000353241.1	WP_001202493.1	WP_001197484.1	WP_000498401.1
WP_000542820.1	WP_000532530.1
WP_000346174.1	WP_000636902.1	WP_001016095.1	WP_230372313.1	WP_000787447.1
WP_001197349.1	WP_000559456.1	WP_000924085.1
WP_000357337.1	WP_000393659.1	WP_001129409.1	WP_001191311.1	WP_001164436.1	WP_000647423.1
WP_010875539.1	WP_000453658.1	WP_000429692.1
WP_001174316.1	WP_000731297.1	WP_001119909.1
WP_000111062.1	WP_001094195.1	WP_000277334.1	WP_000245963.1	WP_001199081.1
WP_000562739.1	WP_000892547.1	WP_241033027.1
WP_001220425.1	WP_000481557.1
WP_229311989.1	WP_000392451.1	WP_000892392.1
WP_000795288.1	WP_000796857.1
WP_000255244.1	WP_000435642.1
WP_001002218.1	WP_000712202.1	WP_001148056.1
WP_000725309.1	WP_001145994.1	WP_000911476.1
WP_000588147.1	WP_001133691.1
WP_000548846.1	WP_001158808.1	WP_000611139.1	WP_001185845.1	WP_000540573.1
WP_001037790.1	WP_000646667.1
WP_001131513.1	WP_001193328.1	WP_000912676.1	WP_000230572.1	WP_000825074.1
WP_229311991.1	WP_000601458.1
WP_000579175.1	WP_000797017.1	WP_001132760.1
WP_000404680.1	WP_000952609.1	WP_000366185.1	WP_001085308.1	WP_001875392.1
WP_000901317.1	WP_000659451.1
WP_000437145.1	WP_000774319.1	WP_000746824.1	WP_001211699.1
WP_000020199.1	WP_000564420.1
WP_001221712.1	WP_000631468.1	WP_000243282.1	WP_000265099.1	WP_000480363.1
WP_001097820.1	WP_001029082.1
WP_001268701.1	WP_000787980.1
WP_001863409.1	WP_001009984.1
WP_000458912.1	WP_000708622.1	WP_015056066.1	WP_229311992.1	WP_001863405.1
WP_000898598.1	WP_000397925.1
WP_000566736.1	WP_000723047.1	WP_001268933.1	WP_001095387.1	WP_001178201.1	WP_001111589.1	WP_001039566.1	WP_000023053.1
WP_000694145.1	WP_001031337.1	WP_001142178.1
WP_001206520.1	WP_000829005.1
WP_000913560.1	WP_000471359.1
WP_000242349.1	WP_000921458.1	WP_000504124.1
WP_001134075.1	WP_000753173.1
WP_000109824.1	WP_000335443.1	WP_000003622.1
WP_001139893.1	WP_000963306.1	WP_001000225.1
WP_000427118.1	WP_000894570.1	WP_000592437.1	WP_000812546.1
WP_001248496.1	WP_001229996.1
WP_001126584.1	WP_001240277.1
WP_000874574.1	WP_001160353.1
WP_001099619.1	WP_001052415.1	WP_000180871.1
WP_000427004.1	WP_000098051.1	WP_000722451.1	WP_000236875.1	WP_000775643.1	WP_000153370.1
WP_042960818.1	WP_001862939.1	WP_000756473.1	WP_000917915.1	WP_000447623.1	WP_000712480.1
WP_001862951.1	WP_000524398.1
WP_001213490.1	WP_001203892.1	WP_000505053.1
WP_001862961.1	WP_000669256.1
WP_000476691.1	WP_000670110.1	WP_000995079.1	WP_000409617.1	WP_000472177.1	WP_001091835.1	WP_001229797.1	WP_001150920.1	WP_000401714.1
WP_328287441.1	WP_000244300.1	WP_000271456.1
WP_015056073.1	WP_000816822.1	WP_001212364.1	WP_000555186.1
WP_000057737.1	WP_001165207.1
WP_000574070.1	WP_161595581.1	WP_000233600.1
WP_001101624.1	WP_001169565.1
WP_010875575.1	WP_164930552.1
WP_000006537.1	WP_000009111.1
WP_001120382.1	WP_000930565.1
WP_000587397.1	WP_000394638.1	WP_000665511.1	WP_000065304.1
WP_001862466.1	WP_001078673.1	WP_000967190.1	WP_000680224.1	WP_001159546.1	WP_001014495.1
WP_001862813.1	WP_015056076.1	WP_000052931.1	WP_000697557.1	WP_000556224.1
WP_000045822.1	WP_000332994.1	WP_000060246.1	WP_000824996.1
WP_001241701.1	WP_000964040.1	WP_001150629.1	WP_000763575.1	WP_000602430.1	WP_000868000.1	WP_001064464.1	WP_001862801.1	WP_025444693.1	WP_000677174.1	WP_000699284.1
WP_001262893.1	WP_001862796.1
WP_001264982.1	WP_000908758.1
WP_000162267.1	WP_000991190.1	WP_000016275.1	WP_001232504.1	WP_000261726.1	WP_000417907.1
WP_000921052.1	WP_000423121.1	WP_000911251.1	WP_001862786.1	WP_001862785.1
WP_000062669.1	WP_000664449.1
WP_000461250.1	WP_000657423.1	WP_001068828.1	WP_000944436.1	WP_000906037.1
WP_001122183.1	WP_000664941.1	WP_000648265.1
WP_000763834.1	WP_000616490.1	WP_000716775.1
WP_001235220.1	WP_000931634.1	WP_001239827.1
WP_001047444.1	WP_000837260.1
WP_001069529.1	WP_001179202.1
WP_000892717.1	WP_001152804.1	WP_001124018.1
WP_000883625.1	WP_000542222.1	WP_001126886.1	WP_001265981.1
WP_001129867.1	WP_000238135.1	WP_000893828.1
WP_000540113.1	WP_001254471.1	WP_000508899.1	WP_000260859.1	WP_000512163.1	WP_001863090.1	WP_001088955.1	WP_001179304.1	WP_000825110.1	WP_000831156.1	WP_001269995.1	WP_001105106.1	WP_000887310.1	WP_001863093.1
WP_001863096.1	WP_000002194.1	WP_000080506.1
WP_001153275.1	WP_000498446.1	WP_001027591.1	WP_001107421.1	WP_001873120.1	WP_001248203.1	WP_001223483.1	WP_001087590.1	WP_001157499.1
WP_000797699.1	WP_000672977.1	WP_000254337.1	WP_000545179.1
WP_000216125.1	WP_000484750.1	WP_001862675.1
WP_001105854.1	WP_000666573.1
WP_001179119.1	WP_000591296.1
WP_000404448.1	WP_000549876.1
WP_000889553.1	WP_000516078.1
WP_001090949.1	WP_001071022.1
WP_001162494.1	WP_000538549.1	WP_000111351.1	WP_000855958.1
WP_001174195.1	WP_000505472.1
WP_000187711.1	WP_001172180.1	WP_000577889.1
WP_000473297.1	WP_000312855.1
WP_000542869.1	WP_000905722.1	WP_000973595.1
WP_000860874.1	WP_000632518.1
WP_000101814.1	WP_001254357.1	WP_001142321.1	WP_000037869.1
WP_001018245.1	WP_001171739.1	WP_001085839.1	WP_001085997.1	WP_001846772.1	WP_000362121.1
WP_000865159.1	WP_001040579.1
WP_001162995.1	WP_001106543.1	WP_000886346.1	WP_000669967.1	WP_000345816.1	WP_001862417.1	WP_000556006.1	WP_000654350.1	WP_000959606.1	WP_000370674.1	WP_015056088.1
WP_000888834.1	WP_001862414.1	WP_001011988.1
WP_000902563.1	WP_000909679.1
WP_000788231.1	WP_000798416.1	WP_000636048.1
WP_001246343.1	WP_001177367.1	WP_001237418.1
WP_000254171.1	WP_000534771.1
WP_000420308.1	WP_000354754.1
WP_000440196.1	WP_000482414.1	WP_001216713.1	WP_000285823.1	WP_001161318.1	WP_000769617.1	WP_000846067.1
WP_000562619.1	WP_000231350.1	WP_001862742.1	WP_000376795.1
WP_000938332.1	WP_000351558.1	WP_000201774.1	WP_001183543.1	WP_001183511.1
WP_000819168.1	WP_000012749.1	WP_000632151.1
WP_001118555.1	WP_000464208.1	WP_000579761.1	WP_001200192.1	WP_001159928.1	WP_000904307.1	WP_000266337.1	WP_000355104.1
WP_001270319.1	WP_001034280.1	WP_001141446.1	WP_000658921.1	WP_000688223.1	WP_000624398.1	WP_000838751.1	WP_000345564.1	WP_025444690.1
WP_064661277.1	WP_001101319.1
WP_000909307.1	WP_001149282.1
WP_001216119.1	WP_000864547.1	WP_000135250.1	WP_001129287.1	WP_000090809.1
WP_000090248.1	WP_001018129.1	WP_001030187.1	WP_000522167.1	WP_001860543.1	WP_000991853.1	WP_000086592.1	WP_000245805.1	WP_001085694.1	WP_000467399.1	WP_000834232.1	WP_000616110.1	WP_001092746.1	WP_000877884.1	WP_000928961.1	WP_000529962.1	WP_000030375.1	WP_000091384.1	WP_000985807.1	WP_000763613.1	WP_000030195.1	WP_000395313.1	WP_000411561.1
WP_001862713.1	WP_000992725.1
WP_000731617.1	WP_000948089.1	WP_000822204.1	WP_000570460.1
WP_000928535.1	WP_000544243.1	WP_000423848.1
WP_001210151.1	WP_000039550.1
WP_015056091.1	WP_000380787.1
WP_001862479.1	WP_000836350.1	WP_000703807.1
WP_000395259.1	WP_000248522.1	WP_000880064.1	WP_001122605.1	WP_000764827.1	WP_000841286.1	WP_000506091.1
WP_042960860.1	WP_229311993.1	WP_010875614.1	WP_000405980.1	WP_001141770.1	WP_000226149.1	WP_000953192.1	WP_001862592.1
WP_229311982.1	WP_000653622.1	WP_000349722.1	WP_000954017.1	WP_000951935.1	WP_001169789.1
WP_025444687.1	WP_001024629.1
WP_000577765.1	WP_001006287.1	WP_000034151.1	WP_000438056.1	WP_001862609.1
WP_001237316.1	WP_000133787.1	WP_025444688.1
WP_001862625.1	WP_001862626.1
WP_001294251.1	WP_000539103.1	WP_000667832.1	WP_001204425.1	WP_000655300.1
WP_000604403.1	WP_015056095.1
WP_000995184.1	WP_000845650.1
WP_000985413.1	WP_001155649.1	WP_001208606.1
WP_001062391.1	WP_000923350.1	WP_000506796.1
WP_001076151.1	WP_080012158.1	WP_000380989.1	WP_000415499.1	WP_025444706.1
WP_000445741.1	WP_001128709.1	WP_000854872.1	WP_000393434.1	WP_001217155.1
WP_000647798.1	WP_001121932.1	WP_000131629.1	WP_000259453.1
WP_000889170.1	WP_000269537.1
WP_000752241.1	WP_001863131.1	WP_000465600.1	WP_001863130.1	WP_229311983.1
WP_001863198.1	WP_000906447.1	WP_000150052.1
WP_000766480.1	WP_000661840.1	WP_000755082.1
WP_001112484.1	WP_001245509.1
WP_000360153.1	WP_001178843.1	WP_001863194.1
WP_000720409.1	WP_001863192.1	WP_000795978.1	WP_000925186.1	WP_001293258.1	WP_000398405.1	WP_000662171.1
WP_000603368.1	WP_001202825.1	WP_000439508.1	WP_000994578.1	WP_000845765.1
WP_000437576.1	WP_162481332.1	WP_001045361.1	WP_001203580.1	WP_000289698.1	WP_001169234.1	WP_000780126.1	WP_000697639.1	WP_000968580.1	WP_000931070.1
WP_000567145.1	WP_001262107.1	WP_001150347.1	WP_000711694.1	WP_000506456.1	WP_000854221.1	WP_001008922.1	WP_000489051.1	WP_000071821.1	WP_000753982.1	WP_000533332.1	WP_000403632.1
WP_000569296.1	WP_001168588.1
WP_000768790.1	WP_001155041.1	WP_000889331.1	WP_000173978.1	WP_001236083.1
WP_000650233.1	WP_000375247.1	WP_001242020.1
WP_000446716.1	WP_000850887.1
WP_000643733.1	WP_000945747.1	WP_001051152.1	WP_000411646.1
WP_000413023.1	WP_000384831.1	WP_000617669.1	WP_000693702.1	WP_000990468.1	WP_001179835.1	WP_001158370.1
WP_000837022.1	WP_000765634.1
WP_000923009.1	WP_000461837.1
WP_000334435.1	WP_000451918.1
WP_000807891.1	WP_000763654.1	WP_000616334.1	WP_025444684.1	WP_000478084.1	WP_001136019.1	WP_000798455.1	WP_001202125.1	WP_000345715.1	WP_000383778.1	WP_000418663.1	WP_000765381.1	WP_000529779.1	WP_001049644.1	WP_000380097.1
WP_000258283.1	WP_000014397.1
WP_001147918.1	WP_000480097.1	WP_000347783.1
WP_000961734.1	WP_000961773.1
WP_000961643.1	WP_001862559.1
WP_000949882.1	WP_000635404.1	WP_001267771.1	WP_000831002.1	WP_000593725.1
WP_000521815.1	WP_000044457.1	WP_000469349.1
WP_000491029.1	WP_001044050.1	WP_000259757.1	WP_000625456.1
WP_001163406.1	WP_000914282.1	WP_015056103.1	WP_010875640.1
WP_001210849.1	WP_001075036.1	WP_000603684.1
