WP_004596708.1	WP_004596706.1	WP_004596705.1
WP_004596702.1	WP_004596700.1	WP_004596698.1
WP_014411626.1	WP_004599698.1
WP_004596691.1	WP_004599700.1	WP_004596689.1
WP_004599701.1	WP_004599702.1	WP_004599704.1
WP_004596675.1	WP_004596669.1	WP_004596668.1	WP_004596667.1	WP_004599705.1
WP_004599706.1	WP_004596661.1	WP_004596659.1
WP_004599712.1	WP_004596650.1
WP_004596647.1	WP_004599713.1
WP_004596645.1	WP_004596642.1	WP_004596640.1	WP_004596638.1	WP_004596636.1
WP_004599715.1	WP_014411631.1
WP_004596628.1	WP_004596627.1	WP_004596626.1	WP_004599716.1
WP_004596623.1	WP_010886199.1
WP_004596602.1	WP_004599718.1	WP_004596593.1
WP_004599719.1	WP_004599720.1
WP_004596578.1	WP_004599723.1	WP_004599724.1	WP_004599725.1
WP_004596559.1	WP_004596558.1
WP_004596556.1	WP_004596554.1
WP_004596551.1	WP_010886203.1	WP_014411635.1
WP_004596538.1	WP_010886204.1	WP_004599732.1	WP_004596525.1	WP_004599734.1
WP_004599735.1	WP_004596512.1
WP_004596508.1	WP_004599738.1	WP_004599739.1
WP_004596488.1	WP_004599741.1
WP_004596475.1	WP_004596473.1
WP_004599742.1	WP_004599743.1	WP_004599744.1	WP_010886211.1	WP_004599747.1	WP_004597139.1
WP_004597142.1	WP_004597143.1
WP_004597144.1	WP_004597145.1
WP_004599750.1	WP_004599751.1	WP_004597149.1	WP_014607184.1	WP_004597151.1	WP_004597152.1
WP_004599753.1	WP_004597156.1
WP_004599754.1	WP_004597160.1
WP_004597166.1	WP_004597167.1	WP_004597170.1
WP_004597174.1	WP_004597175.1	WP_004599757.1
WP_004597177.1	WP_004597178.1	WP_004597179.1	WP_004599759.1
WP_004597181.1	WP_004597183.1
WP_010886216.1	WP_004597190.1
WP_004597207.1	WP_004597209.1	WP_010886218.1
WP_004597215.1	WP_004597217.1	WP_004597219.1
WP_004595870.1	WP_004598633.1	WP_010886219.1
WP_010886220.1	WP_004595877.1
WP_014411647.1	WP_004595881.1
WP_014411648.1	WP_004598629.1	WP_004598627.1	WP_010886221.1
WP_004598623.1	WP_014411736.1
WP_004595898.1	WP_004598618.1	WP_004598617.1
WP_004595912.1	WP_037215526.1	WP_004595914.1
WP_004595915.1	WP_004598613.1	WP_010886227.1	WP_004598609.1
WP_004595923.1	WP_004595925.1	WP_014411770.1
WP_004598601.1	WP_004598599.1	WP_004598596.1	WP_010886229.1	WP_004595949.1
WP_004595953.1	WP_014607191.1
WP_004598587.1	WP_010886231.1	WP_004595967.1	WP_004598585.1	WP_004595975.1
WP_004595982.1	WP_004598580.1	WP_004595986.1
WP_004595989.1	WP_010886235.1
WP_010886236.1	WP_004595999.1	WP_004596005.1
WP_004598577.1	WP_010886238.1
WP_004598575.1	WP_004596018.1	WP_004596020.1	WP_004598574.1
WP_010886239.1	WP_004598572.1
WP_004598570.1	WP_010886240.1	WP_004598568.1
WP_004598566.1	WP_004596041.1
WP_010886242.1	WP_004598561.1	WP_004598559.1
WP_004596047.1	WP_004598550.1
WP_004598539.1	WP_004598537.1
WP_004596051.1	WP_004598535.1
WP_004598533.1	WP_004596055.1	WP_004596056.1
WP_004596058.1	WP_010886244.1
WP_004598531.1	WP_004598530.1	WP_004596068.1
WP_004596070.1	WP_004598523.1
WP_014411666.1	WP_004598522.1	WP_004596080.1	WP_010886247.1
WP_010886248.1	WP_004596089.1
WP_004596096.1	WP_004596097.1
WP_004597332.1	WP_004599366.1	WP_004597336.1
WP_004597339.1	WP_004599371.1	WP_004599373.1
WP_010886252.1	WP_010886252.1
WP_004597348.1	WP_004599378.1
WP_004597355.1	WP_004597357.1	WP_010886255.1	WP_014411671.1
WP_004597362.1	WP_004597364.1
WP_010886258.1	WP_004597368.1	WP_004597369.1	WP_004597370.1
WP_014411740.1	WP_004597385.1
WP_004597387.1	WP_004597389.1	WP_004597391.1
WP_004597398.1	WP_004599391.1
WP_004597402.1	WP_004597405.1	WP_004597407.1	WP_014411677.1
WP_004599396.1	WP_004599398.1
WP_004599400.1	WP_004597422.1	WP_004599402.1
WP_004597428.1	WP_004599404.1
WP_004597431.1	WP_004599407.1
WP_004597434.1	WP_010886266.1
WP_004597439.1	WP_004599409.1	WP_004597447.1	WP_004597449.1	WP_004599410.1
WP_004597457.1	WP_004597459.1	WP_004597460.1
WP_004597462.1	WP_004597463.1	WP_010886267.1	WP_004599412.1	WP_004597466.1
WP_014411683.1	WP_004599414.1	WP_010886270.1
WP_004599418.1	WP_004599419.1
WP_004597477.1	WP_004597479.1
WP_004597486.1	WP_010886274.1	WP_004597490.1	WP_004597491.1	WP_004597494.1
WP_004597496.1	WP_004597499.1
WP_004597501.1	WP_004599426.1	WP_004599427.1	WP_004599429.1
WP_004599431.1	WP_004599433.1	WP_014607210.1
WP_004597521.1	WP_004599434.1	WP_004599436.1	WP_004599437.1	WP_004599438.1
WP_004599439.1	WP_004597537.1	WP_004599440.1
WP_004597557.1	WP_004597559.1
WP_004597561.1	WP_004597563.1	WP_004599441.1
WP_004597565.1	WP_004599443.1
WP_004599446.1	WP_004599447.1	WP_004597576.1
WP_004597577.1	WP_004597578.1
WP_004597579.1	WP_004597580.1	WP_004597581.1
WP_004599450.1	WP_004597588.1	WP_014411742.1	WP_010886286.1
WP_004597599.1	WP_004599455.1	WP_004599457.1
WP_010886289.1	WP_010886290.1
WP_004597612.1	WP_004599463.1	WP_004597616.1
WP_004597618.1	WP_004599464.1
WP_004597621.1	WP_004599465.1	WP_010886291.1	WP_004597627.1
WP_014411700.1	WP_004599468.1
WP_010886293.1	WP_004597637.1	WP_004599469.1	WP_004597640.1
WP_004599470.1	WP_004597644.1
WP_004599471.1	WP_004597648.1	WP_004597649.1
WP_004597650.1	WP_004597652.1	WP_004599472.1
WP_004597660.1	WP_004599474.1	WP_004599475.1
WP_004597666.1	WP_004599476.1	WP_004599478.1	WP_004599479.1
WP_004599482.1	WP_014411776.1
WP_004599487.1	WP_004599488.1	WP_004599489.1	WP_004597685.1
WP_268966454.1	WP_004597690.1	WP_004597691.1
WP_004597692.1	WP_014411744.1
WP_004597696.1	WP_004599494.1	WP_004597702.1
WP_014411708.1	WP_004597708.1	WP_004597710.1
WP_010886302.1	WP_004599496.1	WP_004597715.1	WP_004599497.1
WP_004597718.1	WP_004599498.1	WP_010886304.1	WP_004597722.1
WP_004599501.1	WP_004599503.1
WP_004597725.1	WP_004599506.1	WP_004597728.1	WP_004597730.1
WP_004597734.1	WP_004599090.1
WP_004599086.1	WP_004597746.1
WP_004597747.1	WP_004597748.1	WP_014411747.1
WP_004597752.1	WP_010886310.1	WP_004597758.1	WP_004597760.1
WP_004599081.1	WP_004599080.1	WP_004599079.1
WP_004599078.1	WP_187145826.1
WP_004597783.1	WP_004597786.1
WP_004599077.1	WP_004597789.1
WP_004599075.1	WP_004597801.1	WP_004599072.1	WP_014607234.1
WP_010886315.1	WP_004597820.1
WP_004597824.1	WP_004599058.1	WP_004597830.1
WP_004597832.1	WP_004597833.1	WP_004597835.1	WP_004597837.1	WP_014607237.1
WP_004599050.1	WP_004597842.1
WP_004599046.1	WP_004597846.1	WP_004597847.1
WP_004597848.1	WP_004597849.1
WP_004599039.1	WP_004599037.1	WP_010886323.1
WP_004599035.1	WP_004599033.1
WP_014607242.1	WP_004597869.1
WP_010886327.1	WP_014411724.1	WP_004599021.1
WP_004597881.1	WP_004599019.1
WP_004597883.1	WP_004599016.1	WP_004597885.1	WP_004599014.1
WP_004597890.1	WP_004597892.1	WP_004597894.1	WP_014607243.1
WP_004597898.1	WP_004599011.1	WP_004597905.1
WP_004599005.1	WP_004597913.1
WP_004597914.1	WP_010886330.1
WP_004598998.1	WP_004597928.1	WP_004597930.1	WP_268966455.1
WP_004598992.1	WP_004597938.1
WP_010886332.1	WP_004597944.1	WP_004598988.1
WP_004598984.1	WP_014607248.1	WP_004597954.1	WP_004597956.1
WP_004597958.1	WP_004597959.1	WP_004597961.1	WP_004597963.1
WP_014411752.1	WP_004599164.1	WP_004599167.1
WP_004596292.1	WP_004596290.1
WP_004599170.1	WP_004596285.1
WP_004596283.1	WP_004599173.1
WP_004596275.1	WP_004599177.1	WP_004596269.1
WP_004596267.1	WP_004596265.1	WP_004596263.1	WP_004596258.1
WP_004596256.1	WP_004599181.1	WP_004596252.1
WP_004596246.1	WP_004599184.1	WP_004596242.1	WP_004596237.1
WP_010886338.1	WP_004596229.1	WP_004596227.1	WP_004596225.1	WP_004596224.1	WP_004596222.1
WP_004596221.1	WP_004599192.1	WP_004596219.1	WP_004596218.1
WP_004596215.1	WP_004596213.1	WP_004596206.1
WP_004596205.1	WP_004596204.1	WP_004596203.1	WP_004596202.1	WP_004596201.1	WP_004596200.1	WP_004596199.1	WP_004596198.1	WP_004596195.1
WP_004596193.1	WP_004596191.1	WP_004599196.1
WP_004596187.1	WP_010886340.1	WP_004599197.1	WP_004596176.1
WP_004599528.1	WP_004596344.1	WP_004599527.1
WP_004596348.1	WP_004599526.1	WP_014411594.1	WP_004599524.1
WP_004599523.1	WP_004599522.1	WP_010886344.1
WP_004596361.1	WP_004596363.1	WP_004596365.1
WP_004599517.1	WP_331369591.1	WP_408005615.1
WP_010886349.1	WP_004598091.1
WP_010886350.1	WP_004598086.1
WP_004598082.1	WP_004598885.1
WP_004598076.1	WP_004598073.1
WP_004598891.1	WP_004598892.1	WP_010886354.1	WP_010886355.1
WP_014411603.1	WP_004598897.1	WP_230453771.1	WP_004598899.1	WP_230453766.1
WP_230453767.1	WP_014607269.1	WP_014411760.1	WP_004598910.1
WP_004598914.1	WP_004598916.1	WP_010886358.1
WP_004597052.1	WP_004597050.1
WP_004597048.1	WP_004599626.1	WP_004597042.1
WP_004597040.1	WP_004597038.1	WP_004597036.1
WP_004597032.1	WP_004597030.1
WP_004599628.1	WP_004599629.1
WP_004599630.1	WP_004597020.1	WP_004597018.1	WP_004597016.1
WP_004597002.1	WP_004597000.1	WP_004596998.1
WP_004599636.1	WP_004596991.1	WP_004599638.1	WP_004599639.1	WP_004596985.1
WP_004596984.1	WP_004599643.1	WP_004596976.1
WP_014607275.1	WP_004596970.1
WP_004596967.1	WP_004596966.1
WP_010886367.1	WP_004596964.1
WP_004596963.1	WP_004596961.1
WP_004596959.1	WP_004596957.1	WP_004596955.1	WP_004596953.1
WP_004599648.1	WP_004596947.1
WP_004596944.1	WP_004599650.1	WP_004596938.1
WP_004596936.1	WP_004599651.1
WP_004596926.1	WP_010886372.1	WP_004596922.1	WP_014607281.1	WP_004596917.1
WP_010886374.1	WP_010886375.1	WP_004599656.1
WP_004596905.1	WP_004599657.1	WP_004596901.1	WP_004599658.1	WP_004596896.1
WP_004599662.1	WP_004599663.1
WP_004596876.1	WP_004596875.1	WP_004596873.1
WP_004596871.1	WP_004596870.1
WP_004596866.1	WP_004599665.1	WP_004599666.1	WP_004596858.1
WP_004596855.1	WP_010886379.1
WP_004599671.1	WP_004599672.1	WP_004596839.1
WP_004596837.1	WP_004596835.1
WP_010886381.1	WP_004596831.1	WP_004596828.1	WP_004596826.1
WP_004596824.1	WP_004596821.1
WP_004596809.1	WP_004599674.1	WP_004596804.1	WP_004599675.1
WP_004599676.1	WP_004596795.1	WP_004596792.1
WP_004596790.1	WP_004599678.1
WP_004596784.1	WP_004599680.1	WP_004596781.1
WP_004599683.1	WP_004596770.1
WP_004596764.1	WP_004596762.1	WP_004596761.1	WP_004596759.1
WP_004596754.1	WP_004596753.1
WP_004599686.1	WP_408005627.1	WP_004596750.1
WP_004596749.1	WP_004599689.1	WP_004596744.1
WP_014607299.1	WP_004596741.1
WP_010886385.1	WP_004596737.1
WP_004596735.1	WP_010886386.1	WP_004596731.1	WP_004596729.1
WP_004599691.1	WP_004596725.1
WP_010886387.1	WP_004596721.1
WP_004599693.1	WP_015508361.1	WP_004596714.1
