NP_387882.1	NP_387883.1
NP_387884.1	NP_387885.1
NP_387886.2	NP_387887.1	NP_387888.1
NP_387892.1	NP_387893.1	NP_387894.1
NP_387895.1	NP_387896.1	NP_387897.1	NP_387898.1
NP_387899.1	NP_387900.2	NP_387901.1	NP_387902.1
NP_387903.1	NP_387904.2
NP_387906.1	NP_387907.1
NP_387910.1	NP_387911.1	NP_387912.1	NP_387913.1	NP_387914.1	NP_387915.1	NP_387916.1
NP_387919.1	NP_387920.1
NP_387921.1	NP_387922.1	NP_387923.1
NP_387928.1	NP_387929.1
NP_387930.1	NP_387931.1	NP_387932.1	NP_387933.1	NP_387934.1
NP_387938.1	NP_387939.1	NP_387940.1
NP_387941.1	NP_387942.1
NP_387943.1	NP_387944.1
NP_387948.1	NP_387949.1	NP_387950.1
NP_387951.2	NP_387952.1
NP_387955.1	NP_387956.1
NP_387957.1	NP_387958.1	NP_387959.1	NP_387960.1
NP_387962.1	NP_387963.1
NP_387965.1	NP_387966.1
NP_387969.1	NP_387970.1
NP_387971.1	NP_387972.1	NP_387973.1
NP_387974.1	NP_387975.1	NP_387976.1	NP_387977.1	NP_387978.1
NP_387981.1	NP_387982.1	NP_387983.2	NP_387984.2	NP_387985.2	NP_387986.1
NP_387988.2	NP_387989.2
NP_387991.2	NP_387992.2	NP_387993.2	NP_387994.1
NP_387996.1	NP_387997.1	NP_387998.1	NP_387999.2	NP_388000.2	NP_388001.1	NP_388002.1	NP_388003.2	NP_388004.1	NP_388005.1	NP_388006.1	NP_388007.1	NP_388008.1	NP_388009.1
NP_388011.2	NP_388012.1	NP_388013.2	NP_388014.1
NP_388015.1	NP_388016.1
NP_388022.2	NP_388023.1	NP_388024.1	NP_388025.1
NP_388026.2	NP_388027.1	NP_388028.2	NP_388029.2
NP_388030.2	NP_388031.1
NP_388034.1	NP_388035.1
NP_388039.1	NP_388040.2
NP_388041.2	NP_388042.2	NP_388043.1	NP_388044.1
NP_388049.3	NP_388050.1	NP_388051.1	NP_388052.2
NP_388054.1	NP_388055.1
NP_388056.2	NP_388057.2
NP_388058.1	NP_388059.1	YP_009513939.1
NP_388064.1	NP_388065.2
NP_388073.2	YP_003097671.1	NP_388077.1	NP_388078.2
NP_388082.1	NP_388083.1
NP_388085.1	NP_388086.1
NP_388087.1	NP_388088.1
NP_388089.1	NP_388090.1
NP_388095.1	NP_388096.1
NP_388097.1	NP_388098.1	NP_388099.1
NP_388101.1	NP_388102.1	NP_388103.1	NP_388104.1
NP_388105.1	NP_388106.1
NP_388113.1	NP_388114.1
NP_388116.1	NP_388117.1	NP_388118.1
NP_388119.1	NP_388120.1	NP_388121.1
NP_388124.2	NP_388125.1
NP_388126.2	NP_388127.1
NP_388128.2	NP_388129.1	NP_388130.2	NP_388131.2
NP_388132.2	NP_388133.2
NP_388137.2	NP_388138.2
NP_388139.2	NP_388140.3
YP_009513940.1	NP_388141.1
NP_388142.2	NP_388143.2	YP_003097673.1
NP_388145.2	NP_388146.2
NP_388149.1	NP_388150.1
NP_388151.1	NP_388152.1
NP_388155.1	NP_388156.1
NP_388157.1	NP_388158.1	NP_388159.1
NP_388160.1	YP_009513941.1
NP_388161.1	NP_388162.1
NP_388164.1	NP_388165.1
NP_388167.1	NP_388168.1	NP_388169.1
NP_388171.1	NP_388172.1	NP_388173.1
NP_388175.1	NP_388176.1
NP_388178.1	NP_388179.1
NP_388180.2	NP_388181.1	NP_388182.1
NP_388184.2	NP_388185.2
NP_388187.2	NP_388188.2
NP_388190.2	NP_388191.1	NP_388192.2
NP_388194.3	NP_388195.1
NP_388199.2	NP_388200.1
NP_388201.1	NP_388202.1
NP_388204.2	NP_388205.2
NP_388206.1	NP_388207.1	NP_388208.1
NP_388211.1	NP_388212.1	NP_388213.2	NP_388214.2
NP_388215.2	NP_388216.2	NP_388217.2
YP_003097674.1	NP_388218.1
NP_388219.1	NP_388220.1
YP_009513942.1	NP_388221.1
NP_388222.1	NP_388223.1
NP_388226.2	NP_388227.1	NP_388228.1
NP_388229.2	NP_388230.2	NP_388231.2	NP_388232.1	NP_388233.2	NP_388234.1	NP_388235.2
NP_388236.1	NP_388237.2
NP_388241.2	NP_388242.1	NP_388243.2
NP_388245.1	NP_388246.1
NP_388247.2	NP_388248.2
NP_388252.1	NP_388253.1	NP_388254.1
NP_388255.1	NP_388256.2
NP_388257.1	NP_388258.1	NP_388259.1	NP_388260.1
YP_003097676.1	YP_003097677.1	NP_388261.1
NP_388262.1	NP_388263.1	NP_388264.1	NP_388265.1
NP_388266.1	NP_388267.2	NP_388268.1	NP_388269.1
NP_388272.1	NP_388273.1	NP_388274.1	NP_388275.1
NP_388276.1	NP_388277.2	NP_388278.1
NP_388279.1	NP_388280.2	YP_003097678.1	NP_388281.2
NP_388289.3	NP_388290.2	YP_054571.2
NP_388295.1	NP_388296.1	NP_388297.1	NP_388298.2
NP_388300.1	NP_388301.1	NP_388302.1	NP_388303.1	NP_388304.1
NP_388306.1	NP_388307.1
NP_388309.1	NP_388310.1	NP_388311.1	NP_388312.1
YP_009513943.1	YP_003097680.1	NP_388317.1	NP_388318.1
NP_388320.1	NP_388321.1
NP_388322.1	NP_388323.1
NP_388324.1	NP_388325.1
NP_388326.1	NP_388327.1
NP_388328.1	NP_388329.1
NP_388330.1	NP_388331.1
NP_388334.1	YP_009513944.1
NP_388337.1	NP_388338.1	NP_388339.2	NP_388340.1	NP_388341.1
NP_388343.1	NP_388344.2	NP_388345.1
NP_388346.1	NP_388347.1
NP_388348.1	NP_388349.1	NP_388350.1	NP_388351.1	NP_388352.1	NP_388353.1	NP_388354.2
NP_388361.1	NP_388362.1	NP_388363.1
NP_388366.1	NP_388367.1	NP_388368.1
NP_388372.1	NP_388373.1	NP_388374.1	NP_388375.3	NP_388376.1
NP_388377.1	NP_388378.1
NP_388379.1	NP_388380.1
NP_388382.1	NP_388383.1	NP_388384.1
NP_388388.1	NP_388389.1	NP_388390.1
NP_388394.1	NP_388395.1	NP_388396.1
NP_388399.2	NP_388400.1	NP_388401.1	NP_388402.1
NP_388403.1	NP_388404.1
NP_388405.1	NP_388406.1
NP_388407.1	NP_388408.1
YP_003097684.1	NP_388414.1	NP_388415.1	NP_388416.1
NP_388421.1	YP_003097685.1	YP_003097686.1
NP_388422.1	NP_388423.1	NP_388424.1
NP_388425.1	NP_388426.1	NP_388427.1
NP_388429.1	NP_388430.1	NP_388431.1	NP_388432.1
NP_388433.1	YP_003097687.1	NP_388434.1
NP_388436.1	NP_388437.1	NP_388438.1
NP_388439.1	NP_388440.1	NP_388441.1
NP_388442.1	NP_388443.1	NP_388444.1
NP_388445.1	NP_388446.1
NP_388447.1	NP_388448.1
NP_388451.1	NP_388452.2	NP_388453.2
NP_388454.1	NP_388455.2
NP_388457.1	NP_388458.1
NP_388459.1	NP_388460.1
NP_388462.1	NP_388463.2	NP_388464.1	NP_388465.1
NP_388467.1	NP_388468.1
NP_388471.1	NP_388472.1	NP_388473.1	NP_388474.1	NP_388475.1
NP_388477.1	NP_388478.1
NP_388479.1	NP_388480.1
NP_388481.1	NP_388482.1
NP_388483.2	NP_388484.1
NP_388487.1	NP_388488.1
NP_388491.1	NP_388492.1
NP_388493.1	NP_388494.1
NP_388499.1	NP_388500.1	NP_388501.1
NP_388506.1	NP_388507.1
NP_388509.1	NP_388510.1
NP_388514.2	NP_388515.2	NP_388516.2
NP_388517.2	NP_388518.1
NP_388524.1	NP_388525.2
NP_388527.1	NP_388528.1	NP_388529.1
NP_388531.2	NP_388532.2	NP_388533.2	NP_388534.2	NP_388535.1
NP_388538.1	NP_388539.1	NP_388540.1
NP_388542.1	NP_388543.1	NP_388544.1
NP_388547.1	NP_388548.1
NP_388549.1	NP_388550.1	NP_388551.2
NP_388553.2	NP_388554.1	NP_388555.1
NP_388558.1	NP_388559.2	NP_388560.2
NP_388561.1	NP_388562.1	YP_003097692.1	NP_388563.2
NP_388570.1	NP_388571.2	NP_388572.1
NP_388576.1	NP_388577.1
NP_388578.2	NP_388579.1	NP_388580.1
NP_388589.1	NP_388590.2	NP_388591.1	NP_388592.1	NP_388593.1	NP_388594.1	NP_388595.1
NP_388596.2	NP_388597.1
NP_388600.1	NP_388601.1	NP_388602.1
NP_388606.1	NP_388607.2
NP_388608.1	NP_388609.2	NP_388610.1	NP_388611.1	NP_388612.1
NP_388613.1	NP_388614.1	NP_388615.1
NP_388616.1	NP_388617.1
NP_388624.1	NP_388625.1
NP_388626.1	NP_388627.1
NP_388630.1	NP_388631.1	NP_388632.1	NP_388633.1
NP_388639.1	NP_388640.1
NP_388647.1	NP_388648.1
NP_388649.1	NP_388650.1
NP_388653.1	NP_388655.2	NP_388656.1
NP_388657.1	NP_388658.1	NP_388659.1	NP_388660.1
NP_388661.1	NP_388662.1	NP_388663.1	NP_388664.1
NP_388667.1	NP_388668.1
NP_388669.1	NP_388670.1	NP_388671.1
NP_388673.1	NP_388674.1
NP_388675.1	NP_388677.2
NP_388678.1	NP_388679.1
NP_388680.2	NP_388681.1
NP_388682.1	NP_388683.1
NP_388687.1	NP_388688.1	NP_388689.1	NP_388690.1
NP_388693.1	NP_388694.1
NP_388696.1	NP_388697.1	NP_388698.1
NP_388702.1	NP_388703.1
NP_388710.1	NP_388711.1
NP_388712.2	NP_388713.1	NP_388714.1
NP_388716.1	NP_388717.1
NP_388718.1	NP_388719.1
NP_388721.1	NP_388722.1
NP_388726.1	NP_388727.1	NP_388728.1	NP_388729.1
NP_388730.1	NP_388731.1	NP_388732.1
NP_388733.1	NP_388734.1	NP_388735.1
NP_388736.1	NP_388737.1
NP_388738.1	NP_388739.1	NP_388740.1	NP_388741.2
NP_388747.1	NP_388748.3	NP_388749.2
NP_388750.1	NP_388751.3
YP_054574.1	NP_388753.1
NP_388758.2	NP_388759.2
NP_388764.1	NP_388765.1	NP_388766.2
NP_388769.1	YP_003097697.1	NP_388771.1
NP_388776.1	NP_388777.2
NP_388778.1	NP_388779.1
NP_388781.1	NP_388782.1
NP_388787.1	NP_388788.1
NP_388789.1	NP_388790.1
NP_388796.2	NP_388797.2
NP_388800.1	NP_388801.1
NP_388809.1	NP_388810.2	NP_388811.2	NP_388812.2
NP_388813.1	NP_388814.1
NP_388818.2	NP_388819.1	NP_388820.1
NP_388825.2	NP_388826.1	NP_388827.1
NP_388831.1	NP_388832.1	NP_388833.1
NP_388834.1	NP_388835.1
NP_388836.1	NP_388837.1
NP_388838.1	NP_388840.1
NP_388841.1	NP_388842.1	NP_388843.1
NP_388844.1	NP_388845.1	NP_388846.1
NP_388849.1	NP_388850.2
NP_388851.1	NP_388852.1	NP_388853.1
NP_388856.1	NP_388857.1
NP_388858.2	NP_388859.1
NP_388860.1	NP_388861.1
NP_388864.2	NP_388865.1
NP_388866.2	NP_388867.1	NP_388868.1
NP_388870.2	NP_388871.2
NP_388872.1	NP_388873.1	NP_388874.1	NP_388875.1
YP_003097699.1	YP_009513948.1
NP_388880.1	NP_388881.1
NP_388882.2	NP_388883.1	NP_388884.1
NP_388885.1	NP_388886.1	NP_388887.1
NP_388888.2	NP_388889.1	NP_388890.1	NP_388891.1
NP_388892.2	NP_388893.1	NP_388894.1	NP_388895.1
NP_388896.1	NP_388897.1
NP_388899.1	NP_388901.1	NP_388902.1
NP_388903.1	NP_388904.1
NP_388905.1	NP_388906.1
NP_388907.1	NP_388908.2
NP_388912.1	NP_388913.1	NP_388914.2
NP_388915.1	NP_388916.1	NP_388917.1	NP_388918.1
NP_388919.1	NP_388920.1
NP_388926.1	NP_388927.1	NP_388928.1
NP_388929.1	NP_388930.1	NP_388931.1	NP_388932.1
NP_388933.1	NP_388934.2	NP_388935.2	NP_388936.1
NP_388938.1	NP_388939.1
NP_388941.1	NP_388942.1
NP_388943.2	NP_388944.2
NP_388945.3	NP_388946.2
NP_388948.2	NP_388949.1	NP_388950.1
NP_388952.2	NP_388953.1	NP_388954.1
NP_388956.1	NP_388957.1	NP_388958.1
NP_388964.1	NP_388965.1
NP_388966.2	NP_388967.1
NP_388972.1	NP_388973.2	NP_388974.2
NP_388975.1	NP_388976.1
NP_388982.1	NP_388983.1
NP_388985.1	NP_388987.2	NP_388988.1
YP_003097701.1	NP_388989.2	NP_388990.1
NP_388993.1	NP_388994.1
YP_003097702.1	NP_388995.1
NP_389001.2	NP_389002.2	NP_389003.1	NP_389004.2
NP_389005.2	NP_389006.3
NP_389010.1	NP_389011.2	NP_389012.2
NP_389015.1	NP_389016.1	NP_389017.1
NP_389018.1	NP_389019.2	NP_389021.2	NP_389022.1
NP_389025.1	NP_389026.1	NP_389027.1	NP_389028.1	NP_389029.1
NP_389031.2	NP_389032.1
YP_009513949.1	NP_389034.1
NP_389035.1	NP_389036.2
NP_389037.2	NP_389038.1
NP_389039.1	NP_389040.1
NP_389041.1	NP_389042.1	NP_389043.1	NP_389044.1
NP_389048.1	NP_389049.1	NP_389050.1	NP_389051.1
NP_389056.1	NP_389057.1	NP_389058.1	NP_389059.1	NP_389060.1
NP_389061.1	YP_003097704.1	YP_009513951.1
YP_003097705.1	NP_389063.2
NP_389066.1	NP_389067.1	NP_389068.1
NP_389069.1	NP_389070.1
NP_389071.1	NP_389072.1	NP_389073.1
YP_003097707.1	YP_003097708.1
NP_389082.2	NP_389083.2	NP_389084.1
NP_389086.1	NP_389087.2
YP_003097709.1	NP_389089.1	NP_389090.2	NP_389091.2
NP_389093.1	NP_389094.1
NP_389096.1	NP_389097.1
NP_389098.1	NP_389099.1	NP_389100.1	NP_389101.2
NP_389103.1	NP_389104.1
NP_389106.1	NP_389107.1	NP_389108.1
NP_389110.1	NP_389111.1
NP_389114.1	NP_389115.1
NP_389116.1	NP_389117.1
NP_389120.1	NP_389121.2
NP_389122.1	NP_389123.1
NP_389124.1	NP_389125.1	NP_389126.1
NP_389130.1	NP_389131.2
NP_389132.3	NP_389133.1
YP_003097711.1	NP_389134.2	NP_389135.2
NP_389140.1	NP_389141.2	NP_389142.2	NP_389143.1	YP_003097713.1	NP_389144.1	NP_389145.1	NP_389146.1	YP_003097714.1	NP_389147.2	NP_389148.1	NP_389149.2	YP_003097715.1	NP_389150.2	NP_389151.2	NP_389152.1	NP_389153.1	NP_389154.1	NP_389155.1	NP_389156.1
NP_389158.1	NP_389159.1	NP_389160.1	NP_389161.2	NP_389162.1	NP_389163.1
NP_389167.2	NP_389168.1	NP_389169.1
NP_389171.2	NP_389172.2
NP_389174.1	NP_389175.2
NP_389176.1	NP_389177.1	NP_389178.1	NP_389179.2
NP_389181.1	NP_389182.2
NP_389184.1	NP_389185.2
NP_389186.2	NP_389187.1
NP_389192.1	NP_389193.1
NP_389195.2	NP_389196.2	NP_389197.1
NP_389199.1	YP_003097717.1
NP_389200.1	NP_389201.2	NP_389202.1
NP_389204.1	NP_389205.2	NP_389206.2
NP_389208.1	NP_389209.1
NP_389210.1	NP_389211.1
NP_389212.1	NP_389213.1
NP_389215.1	NP_389216.1	NP_389217.1
NP_389221.1	NP_389222.1
NP_389223.1	NP_389224.1	YP_054577.2
NP_389227.1	NP_389228.1	NP_389229.1
NP_389230.1	NP_389231.1
NP_389232.1	NP_389233.1	YP_003097718.1	NP_389234.1
NP_389236.1	NP_389237.1	YP_009513954.1
NP_389238.1	NP_389239.2	NP_389240.1
NP_389241.1	NP_389242.2	NP_389243.1
NP_389244.1	NP_389245.1
NP_389247.1	NP_389248.1
NP_389251.1	NP_389252.1	NP_389253.1
NP_389255.1	NP_389256.1	NP_389257.1	NP_389258.1
NP_389260.1	NP_389261.1	YP_003097719.1	NP_389263.1
NP_389267.1	NP_389268.1
NP_389271.2	NP_389272.1	NP_389273.1	NP_389274.2
NP_389278.2	NP_389279.1
NP_389281.2	NP_389282.1
NP_389283.2	YP_003097722.1
NP_389285.1	NP_389286.2	NP_389287.1	NP_389288.2
NP_389301.2	NP_389302.1	NP_389303.1
NP_389305.1	NP_389306.2	NP_389307.1
NP_389309.1	NP_389310.1	NP_389311.1	NP_389312.1	NP_389313.1	NP_389314.1
NP_389315.1	NP_389316.1
NP_389318.1	NP_389319.1	NP_389320.1
NP_389321.1	NP_389322.1	NP_389323.1
NP_389326.1	NP_389327.1
NP_389328.1	NP_389329.1
NP_389332.1	NP_389333.1	NP_389334.1	NP_389335.2
NP_389336.1	NP_389337.1
NP_389339.1	YP_003097725.1	YP_009513955.1
NP_389341.1	NP_389342.1	NP_389343.1	NP_389344.1
NP_389349.1	NP_389350.1	NP_389351.1
NP_389352.1	NP_389353.1
NP_389354.1	NP_389355.1
NP_389356.1	NP_389357.1
NP_389358.1	NP_389359.1
NP_389360.1	NP_389361.1
NP_389362.1	NP_389363.1
NP_389366.1	NP_389367.1
NP_389368.1	NP_389369.1
NP_389371.1	NP_389372.1	NP_389373.2	NP_389374.1	NP_389375.1	NP_389376.1
NP_389380.1	NP_389381.1	NP_389382.1	NP_389383.1
NP_389384.2	NP_389385.1
NP_389387.1	NP_389388.2
NP_389389.1	YP_003097727.1
NP_389390.1	NP_389391.1	NP_389392.1
NP_389394.1	NP_389395.2
NP_389397.1	NP_389398.1
NP_389402.2	NP_389403.1
NP_389404.1	NP_389405.2	NP_389406.1
NP_389408.2	NP_389409.2	NP_389410.1
NP_389411.2	NP_389412.2
NP_389414.1	NP_389415.2
NP_389422.3	NP_389423.1	NP_389424.1
NP_389432.2	NP_389433.2	NP_389434.1	NP_389435.1
NP_389436.1	NP_389437.1	NP_389438.1	NP_389439.1
NP_389442.1	NP_389443.1
NP_389444.1	NP_389445.1	NP_389446.1
NP_389449.1	NP_570902.1
NP_389450.2	NP_389451.1	NP_389452.1
NP_389453.1	NP_389454.1	NP_389455.1	NP_389456.1
NP_389457.1	NP_389458.1	NP_389459.1	NP_389460.1	NP_389461.1
NP_389462.1	NP_389463.1
NP_389465.1	NP_389466.1
NP_389467.1	NP_389468.1
NP_389470.1	NP_389471.1	NP_389472.1	NP_389473.1
NP_389476.2	NP_389477.1
NP_389479.1	NP_389480.1	NP_389481.1	NP_389482.1
NP_389483.1	NP_389484.1	NP_389485.1	NP_389486.2	NP_389487.1	NP_389488.1	NP_389489.1	NP_389490.1
NP_389491.1	NP_389492.1
NP_389493.1	NP_389494.1	NP_389495.1	NP_389496.1	NP_389497.1	NP_389498.1
NP_389500.1	NP_389501.1	NP_389502.1	NP_389503.1	NP_389504.1
NP_389505.2	NP_389506.2	NP_389507.1	NP_389508.2	NP_389509.2	NP_389510.1	NP_389511.2	YP_003097728.1	NP_389512.1
NP_389513.1	NP_389514.1	NP_389515.1
NP_389516.1	NP_389517.1	NP_389518.1	NP_389519.2	NP_389520.1
NP_389522.1	NP_389523.1
NP_389524.2	NP_389525.2	NP_389526.1	NP_389527.1
NP_389528.1	NP_389529.1
NP_389531.1	NP_389532.1
NP_389533.2	NP_389534.1
NP_389535.1	NP_389536.1	NP_389537.2	NP_389538.1
NP_389542.1	NP_389543.1	NP_389544.1
NP_389547.1	NP_389548.1	NP_389549.1
NP_389550.1	NP_389551.1
NP_389555.1	NP_389556.1
NP_389558.2	NP_389559.1
NP_389566.2	NP_389568.2	NP_389569.2	NP_389570.1
NP_389574.2	NP_389575.2
NP_389576.2	NP_389577.1
NP_389578.1	NP_389579.2
NP_389581.1	NP_389582.1
NP_389584.1	NP_389585.1
NP_389586.2	NP_389587.1
YP_054578.1	NP_389588.1
NP_570904.1	NP_389594.2	NP_389595.2	NP_389596.1
NP_389597.2	NP_389598.3	NP_389600.3	NP_389601.3	NP_389602.3	NP_389604.2
NP_389605.2	NP_389606.3	NP_389607.2	NP_389608.1
NP_389609.1	NP_389610.1
NP_389611.1	NP_389612.1	NP_389613.2
NP_389614.2	NP_389615.2	NP_389616.1
NP_389619.1	NP_389620.1	NP_389621.1
NP_389624.2	NP_389625.2	NP_389626.2	NP_389627.1
NP_389632.2	NP_389633.1
NP_389634.1	NP_389635.1	NP_389636.1
NP_389639.2	NP_389640.2
NP_389642.2	NP_389643.1
NP_389648.2	NP_389649.1
YP_009513957.1	NP_389651.1
YP_003097731.1	NP_389653.2	NP_389654.1
YP_009513959.1	NP_389655.1
NP_389657.2	NP_389658.1	NP_389659.1	NP_389660.1
NP_389662.1	NP_389663.1
NP_389664.1	NP_389665.1
NP_389667.1	YP_009513960.1
NP_389669.1	NP_389670.1
NP_389671.1	NP_389672.1
NP_389673.1	NP_389674.1
NP_389676.1	NP_389677.1	NP_389678.1
NP_389679.1	NP_389680.1	NP_389681.1	NP_389682.1
NP_389683.1	NP_389684.1
YP_003097732.1	YP_054579.2
NP_389685.1	YP_054580.1	NP_389687.1
NP_389688.1	NP_389689.1
NP_389690.1	NP_389691.2	NP_389692.2
NP_389695.2	NP_389696.1
NP_389697.1	NP_389698.1
NP_389699.1	NP_389700.1	NP_389701.1
NP_389703.2	NP_389704.1	NP_389705.1	YP_003097733.1	NP_389706.1
NP_389711.1	NP_389712.1	NP_389713.2	NP_389714.1	NP_389715.1	NP_389716.2
NP_389721.2	NP_389722.1
NP_389726.2	NP_389727.2
NP_389729.1	NP_389730.2	NP_389731.1
NP_389733.1	NP_389734.1	NP_389735.2
NP_389736.1	NP_389737.1	NP_389738.1
NP_389739.2	NP_389740.1
NP_389741.1	YP_009513962.1
YP_009513963.1	YP_054581.1
NP_389744.1	NP_389745.1
NP_389746.1	NP_389747.1
YP_009513964.1	NP_389750.1
YP_003097735.1	NP_389752.2	NP_389753.1
NP_389754.1	NP_389755.1	NP_389756.1
NP_389759.1	NP_389760.1
NP_389764.1	NP_389765.1	YP_003097736.1
NP_389768.1	NP_389769.1
NP_389770.1	YP_003097737.1
YP_003097739.1	NP_389772.1	NP_389773.1
NP_389779.1	NP_389780.1	NP_389781.1	NP_389782.3
NP_389783.2	NP_389784.1
NP_389785.1	NP_389786.1
NP_389788.1	NP_389789.1	NP_389790.1
NP_389795.1	NP_389796.1
NP_389797.1	NP_389798.1	NP_389799.1
NP_389800.1	NP_389801.1
NP_389802.1	NP_389803.1
NP_389804.1	NP_389805.2	NP_389806.1
NP_389809.1	NP_389810.1
NP_389811.1	NP_389812.1
NP_389813.1	NP_389814.2	NP_389815.1
NP_389818.2	NP_389819.3
NP_389820.2	NP_389821.1
NP_389826.1	NP_389827.1
YP_054582.2	NP_389829.1	YP_003097741.1
NP_389832.1	NP_389833.1
NP_389837.1	NP_389838.1
YP_003097742.1	NP_389839.1
NP_389841.1	NP_389842.1
NP_389843.1	NP_389844.1
NP_389845.2	NP_389846.1	NP_389847.1
NP_389853.1	NP_389854.1
NP_389859.1	NP_389860.2
NP_389863.1	NP_389864.1
NP_389867.1	NP_389868.1
NP_389869.1	NP_389870.1
NP_389873.1	NP_389874.1	NP_389875.1
NP_389878.1	NP_389879.1	NP_389880.1
NP_389883.1	NP_389886.2
NP_389886.2	NP_389888.2	NP_389888.2	NP_389889.2
NP_389917.1	NP_389918.1	NP_389919.1	NP_389920.1
NP_389921.1	NP_389922.1
NP_389931.1	NP_389932.1
NP_389935.1	NP_389936.1	NP_389937.1
NP_389961.2	NP_389962.1	NP_389963.1	NP_389964.1
YP_003097748.1	YP_003097749.1
NP_389976.1	NP_389977.1
NP_389980.1	NP_389981.1
NP_389986.1	NP_389987.1	NP_389988.1
NP_389989.1	NP_389990.2
NP_389993.1	NP_389994.1	NP_389995.1	NP_389996.1	NP_389997.1	NP_389998.1	NP_389999.1
NP_390003.1	NP_390004.1	NP_390005.1
NP_390011.1	NP_390012.1
NP_390014.1	NP_390015.1	YP_003097752.1
NP_390017.1	NP_390018.2	NP_390019.1	NP_390020.1	NP_390021.1
NP_390025.1	NP_390026.1
NP_390029.1	NP_390030.1	NP_390031.1
NP_390033.2	NP_390034.1
NP_390036.1	NP_390037.1
NP_390038.1	NP_390039.1
NP_390040.1	NP_390041.2	NP_390042.1
NP_390044.1	NP_390045.1	NP_390046.1
YP_009513971.1	YP_009513972.1	NP_390047.1	NP_390048.1
NP_390051.1	NP_390052.1
NP_390056.1	NP_390057.1
NP_390061.1	NP_390062.1
NP_390064.1	NP_390065.1
NP_390072.1	NP_390073.1
NP_390074.2	NP_390075.1	YP_009513973.1
NP_390079.1	NP_390080.2
NP_390081.1	NP_390082.1	YP_054584.1
NP_390086.1	NP_390087.1
NP_390088.1	NP_390089.1
NP_390092.1	NP_390093.1	NP_390094.1
NP_390095.1	NP_390096.1
NP_390097.1	NP_390098.1
NP_390103.1	NP_390104.1	NP_390105.1
NP_390109.1	NP_390110.1
NP_390112.1	NP_390113.1
NP_390115.1	NP_390116.1
NP_390122.1	NP_390123.1	NP_390124.1	NP_390125.1
NP_390127.1	NP_390128.2	NP_390129.1
NP_390130.1	NP_390131.1
NP_390135.1	NP_390136.1	NP_390137.1
NP_390141.1	NP_390142.1	NP_390143.2
NP_390144.1	NP_390145.2	NP_390146.3	NP_390148.2	NP_390149.1
NP_390150.1	NP_390151.1	NP_390152.3
NP_390160.1	NP_390161.1
NP_390162.1	NP_390163.1	NP_390164.1	NP_390165.1
YP_003097755.1	NP_390166.1	NP_390167.1
NP_390168.3	NP_390169.1	NP_390170.1
NP_390176.2	NP_390177.2
NP_390183.1	NP_390184.1
NP_390190.2	NP_390191.2
NP_390192.1	NP_390193.2
NP_390194.2	NP_390195.1	NP_390196.2
NP_390198.2	NP_390199.1
NP_390202.1	NP_390203.1
NP_390206.1	NP_390207.1	NP_390208.1	NP_390209.1
NP_390211.1	NP_390212.1
YP_003097757.1	NP_390215.1
YP_003097759.1	NP_390222.1	NP_390223.1	NP_390224.1	NP_390225.2
NP_390226.1	NP_390227.1	NP_390228.1
NP_390230.1	NP_390231.2	NP_390232.2	YP_003097760.1
NP_390233.2	NP_390234.1
NP_390237.1	NP_390238.2
NP_390241.2	NP_390242.1
YP_009513976.1	NP_390243.1
NP_390246.1	NP_390247.1	NP_390248.1
NP_390251.1	NP_390252.1
NP_390253.1	NP_390254.2	NP_390255.2
NP_390256.1	NP_390257.2	NP_390258.2	NP_390259.1	NP_390260.1
NP_390263.1	NP_390264.1
NP_390267.2	NP_390268.2
YP_054586.1	NP_390269.1	NP_390270.3
NP_390271.2	NP_390272.2	NP_390273.2
NP_390276.1	NP_390277.1	NP_390278.1
NP_390280.2	NP_390281.2	NP_390282.2
NP_390283.1	NP_390284.1	NP_390285.1
NP_390287.2	NP_390288.1	NP_390289.2
NP_390292.1	NP_390293.2	NP_390294.1
NP_390295.2	NP_390296.2	NP_390297.1
YP_009513977.1	NP_390301.1
NP_390302.1	NP_390303.2
NP_390307.1	NP_390308.2	NP_390309.2	NP_390310.2	NP_390311.1
NP_390314.2	NP_390315.1
NP_390316.2	NP_390317.2	NP_390318.1	NP_390319.2	NP_390320.1	NP_390321.1	NP_390322.1	NP_390323.1
NP_390325.2	NP_390326.1	NP_390327.1
NP_390329.2	NP_390330.1
NP_390331.1	NP_390332.2	NP_390333.1
NP_390335.1	NP_390336.2	NP_390337.2
NP_390338.1	NP_390339.1	NP_390340.1
NP_390342.1	NP_390343.1	NP_390344.1
NP_390347.1	NP_390348.1	NP_390349.1	NP_390350.1	NP_390351.1	NP_390352.1	NP_390353.1
NP_390356.2	NP_390357.2
NP_390369.1	NP_570908.2
NP_390372.1	NP_390373.2
NP_390374.1	NP_390375.1	NP_390376.2	NP_390377.2
NP_390379.1	NP_390380.2	NP_390381.3
NP_390385.1	NP_390386.1
NP_390389.2	NP_390390.2
NP_390392.1	NP_390393.1
NP_390394.1	NP_390395.2
NP_390396.1	NP_390397.1
NP_390399.2	NP_390400.2
NP_390404.2	NP_390405.1
NP_390413.2	NP_390414.1
NP_390416.1	NP_390417.1
NP_390418.1	NP_390419.1
NP_390421.1	NP_390422.1	NP_390423.2
NP_390425.1	NP_390426.1	NP_390427.1
NP_390428.2	NP_390429.1
NP_390431.1	NP_390432.1
NP_390434.1	YP_009513978.1
NP_390435.1	NP_390436.1
NP_390439.1	NP_390440.1	NP_390441.1	NP_390442.1	NP_390443.1	NP_390444.2
NP_390447.1	NP_390448.1
NP_390452.1	NP_390454.2
NP_390455.1	NP_390456.2
NP_390457.2	NP_390458.1
NP_390460.2	NP_390461.1	NP_390462.1
NP_390463.1	NP_390464.1
NP_390467.1	NP_390468.1	NP_390469.1	NP_390470.1	NP_390471.1	NP_390472.2
NP_390474.2	NP_390475.1	NP_390476.1	NP_390477.1	NP_390478.1	NP_390479.1	NP_390480.2
NP_390482.1	YP_009513980.1
NP_390483.2	NP_390485.2
NP_390486.2	NP_390487.1	NP_390488.1	NP_390489.2
NP_390490.1	NP_390491.2	NP_390492.2
NP_390494.1	NP_390495.1	NP_390496.1	NP_390497.1
NP_390501.1	NP_390502.1	YP_003097764.1
NP_390503.3	NP_390504.2
NP_390505.1	NP_390506.1
NP_390513.1	NP_390514.1
NP_390515.1	YP_009513982.1
NP_390518.2	NP_390519.1	NP_390520.1
NP_390521.1	YP_009513983.1	NP_390522.1
NP_390527.1	NP_390528.2	NP_390530.1	NP_390531.1	NP_390532.1
NP_390536.1	NP_390537.1
NP_390538.1	YP_003097765.1	NP_390539.1
NP_390541.1	NP_390542.1	NP_390543.1
NP_390545.3	NP_390546.1
NP_390547.1	NP_390548.1
NP_390551.1	NP_390553.1
NP_390555.1	NP_390556.1
NP_390557.1	NP_390558.1	NP_390559.1
YP_009513986.1	NP_390560.1	NP_390561.1
NP_390563.1	NP_390564.1
NP_390567.1	NP_390568.2
NP_390569.2	NP_390570.2
YP_009513987.1	NP_390571.1
NP_390572.1	NP_390573.1	NP_390574.2	NP_390575.1	NP_390576.1
YP_009513988.1	NP_390579.2	NP_390580.2
NP_390582.1	NP_390583.1	NP_390584.1	NP_390585.1
YP_009513990.1	NP_390587.2
NP_390589.1	NP_390590.1	NP_390591.1	NP_390592.1	NP_390593.1
NP_390594.1	NP_390595.1
NP_390598.1	NP_390599.1
NP_390600.1	NP_390601.1
NP_390603.1	NP_390604.1	NP_390605.1	NP_390606.1
NP_390611.1	NP_390612.1	NP_390613.1	NP_390614.1
NP_390616.1	NP_390617.1	YP_054589.1
NP_390620.1	NP_390621.1	NP_390622.1	NP_390623.1
YP_003097767.1	NP_390624.1
NP_390627.3	NP_390629.2	NP_390630.2
NP_390632.3	NP_390633.1	NP_390634.1	NP_390635.1
NP_390638.2	NP_390639.1	NP_390640.1
NP_390642.1	NP_390643.1	NP_390644.1
NP_390648.2	NP_390649.1	NP_390650.1
YP_054590.1	NP_390652.1
NP_390654.2	NP_390655.1
NP_390658.2	YP_003097769.1	NP_390659.2
NP_390663.1	NP_390664.1	NP_390665.1
NP_390666.1	NP_390667.2
NP_390668.1	NP_390669.1	NP_390670.1	NP_390671.1
NP_390672.1	NP_390673.2	NP_390674.1
NP_390677.1	NP_390678.1	NP_390679.1	NP_390680.2	NP_390681.2
NP_390682.1	NP_390683.1
NP_390684.1	NP_390685.2
NP_390686.1	NP_390687.2
NP_390688.1	NP_390689.1
NP_390690.1	NP_390691.1	NP_390692.1	NP_390693.1	NP_390694.2
NP_390697.1	NP_390698.1
NP_390699.1	NP_390700.2	NP_390701.1	NP_390702.2
NP_390703.1	NP_390704.1	NP_390705.2
NP_390707.1	NP_390708.2	NP_390709.1
NP_390710.1	NP_390711.1	NP_390712.3
NP_390713.2	NP_390714.1	NP_390715.1
NP_390717.2	NP_390718.1
NP_390721.1	NP_390722.2	NP_390723.1
NP_390725.1	YP_009513994.1
NP_390730.1	NP_390731.1	NP_390732.1
NP_390736.1	NP_390737.1	NP_390738.1
NP_390741.1	NP_390742.1
NP_390744.1	NP_390745.2
NP_390746.1	NP_390747.1
NP_390748.1	YP_009513996.1
NP_390751.2	NP_390752.1	NP_390753.2
NP_390756.1	NP_390757.1	NP_390758.2	NP_390759.2
NP_390762.1	NP_390763.1	NP_390764.1	NP_390765.1
NP_390768.1	NP_390769.1	NP_390770.1	NP_390771.1
NP_390776.1	NP_390777.1	NP_390778.1
NP_390779.2	NP_390780.1	NP_390781.1
NP_390782.1	NP_390783.1
NP_390785.2	NP_390786.2	NP_390787.1	NP_390788.1	NP_390789.2
NP_390790.1	NP_390791.1	NP_390792.1	NP_390793.1
NP_390796.1	NP_390797.1	NP_390798.1	NP_390799.2
YP_003097771.1	NP_390802.3	YP_003097772.1
NP_390807.1	NP_390808.1
NP_390812.1	NP_390813.1	NP_390814.1	NP_390815.1
NP_390822.1	NP_390823.1
NP_390828.1	NP_390829.1
NP_390833.1	NP_390834.2
NP_390836.2	NP_390837.1
NP_390845.1	NP_390846.1
NP_390847.1	NP_390848.1	NP_390849.1
NP_390850.1	NP_390851.1
NP_390854.1	NP_390855.2	NP_390856.2
NP_390861.1	NP_390862.1	YP_009513998.1
NP_390866.1	NP_390867.1	NP_390868.1
NP_390871.2	NP_390872.1	NP_390873.1	NP_390874.1
NP_390878.1	NP_390879.1
NP_390882.2	NP_390883.1
NP_390884.2	NP_390885.1
NP_390887.1	NP_390888.1
NP_390890.3	NP_390892.2
NP_390894.3	NP_390895.1	NP_390896.2
NP_390899.1	NP_390900.1	NP_390901.1
NP_390905.1	NP_390906.1	NP_390907.1	NP_390908.1
NP_390909.2	NP_390910.1	NP_390911.3
NP_390915.1	NP_390916.1
NP_390917.1	NP_390918.1
NP_390919.1	NP_390920.1
NP_390922.1	NP_390923.1	NP_390924.1
YP_009513999.1	NP_390925.1
NP_390926.1	NP_390927.1
NP_390928.1	NP_390929.1
NP_390931.1	NP_390932.1	NP_390933.1
NP_390935.1	NP_390936.1
NP_390937.2	NP_390939.1	NP_390940.1
NP_390941.1	NP_390942.1	NP_390943.1
NP_390944.1	NP_390945.1
NP_390947.1	NP_390948.1
NP_390949.2	NP_390950.1	YP_003097775.1
NP_390952.1	NP_390953.1	NP_390954.1	NP_390955.1
NP_390958.1	NP_390959.1	NP_390960.1	NP_390961.1
NP_390964.1	NP_390965.1	NP_390966.1
NP_390967.1	NP_390968.1	NP_390969.1
NP_390970.1	NP_390971.1
NP_390972.1	NP_390973.1	NP_390974.1	NP_390975.1	NP_390976.1
NP_390978.1	NP_390979.1	NP_390980.1
NP_390982.1	NP_390983.2	NP_390984.1
NP_390985.1	NP_390986.1	NP_390987.1	NP_390988.1
NP_390989.1	NP_390990.1	NP_390991.1
NP_390993.1	NP_390994.1
NP_390996.1	NP_390997.1	NP_390998.1	NP_390999.1
NP_391001.1	NP_391002.2	NP_391003.1	NP_391004.2
YP_003097776.1	NP_391006.2
YP_009514000.1	NP_391007.2	NP_391008.2
YP_003097778.1	NP_391010.3
NP_391012.1	NP_391013.2	NP_391014.1	NP_391015.1
NP_391017.1	NP_391018.2	NP_391019.1
NP_391022.1	NP_391023.2	NP_391024.1
NP_391026.2	NP_391027.2	NP_391028.1
NP_391032.2	NP_391033.1	NP_391034.1	NP_391035.1	NP_391036.1
NP_391039.1	NP_391040.2	NP_391041.3	YP_054591.2	NP_391043.2	NP_391044.1
NP_391046.1	NP_391047.2
YP_009514001.1	NP_391051.2
NP_391053.1	NP_391054.1	NP_391055.1
NP_391063.1	NP_391064.1	NP_391066.2
NP_391067.1	NP_391068.1	NP_391069.2
NP_391070.2	NP_391071.1	NP_391073.2
YP_003097779.1	NP_391076.3	NP_391077.1	NP_391078.1
NP_391079.2	NP_391080.2
NP_391084.1	NP_391085.1
NP_391088.1	NP_391089.1	NP_391090.1
NP_391096.1	NP_391097.1	NP_391098.1	NP_391099.1
NP_391104.1	NP_391105.1	NP_391106.1	NP_391107.1
NP_391109.1	NP_391110.1	NP_391111.2
NP_391115.1	NP_391116.1	NP_391117.1	NP_391118.1
NP_391122.1	NP_391123.1	NP_391124.1	NP_391125.1	NP_391126.2	YP_003097780.1
NP_391127.1	NP_391128.1	NP_391129.1
NP_391132.1	NP_391133.1
YP_009514002.1	NP_391134.1
NP_391137.1	NP_391138.1	NP_391139.1	NP_391140.1
NP_391141.1	NP_391142.1
YP_054592.1	NP_391144.1
NP_391145.1	YP_003097781.1
NP_391147.1	NP_391148.1
NP_391149.1	NP_391150.1
NP_391152.1	NP_391153.1	NP_391154.1
NP_391157.1	NP_391158.1	NP_391159.1	NP_391160.1
NP_391161.1	NP_391162.1	NP_391163.2
YP_003097784.1	NP_391165.1	NP_391166.1	NP_391167.1
NP_391168.1	NP_391169.1	NP_391170.1
NP_391172.1	NP_391173.1	NP_391174.1
NP_391177.1	NP_391178.1
NP_391181.1	NP_391182.2
NP_391184.1	YP_003097786.1
NP_391185.2	NP_391186.1	NP_391187.1
NP_391188.1	NP_391189.1
NP_391192.1	NP_391193.1
NP_391196.1	NP_391197.1	NP_391198.1
NP_391200.1	NP_391201.2	NP_391202.2
YP_003097787.1	NP_391203.2
YP_003097788.1	NP_391204.1	NP_391205.1
NP_391207.3	NP_391208.2	NP_391209.1
NP_391210.1	NP_391211.1	NP_391212.1
NP_391214.1	YP_054593.1
NP_391215.1	NP_391216.1
NP_391218.1	NP_391219.3
NP_391223.1	NP_391224.1	NP_391225.1	NP_391226.1
NP_391227.1	NP_391228.1
NP_391229.3	NP_391230.2
NP_391240.1	NP_391241.1	NP_391242.2	NP_391243.1
NP_391246.1	NP_391247.1
NP_391248.2	NP_391249.1
NP_391251.1	NP_391252.1	NP_391253.1
NP_391254.2	NP_391255.1	NP_391256.1	NP_391257.1
NP_391258.1	NP_391259.1
NP_391262.1	NP_391263.1
NP_391266.1	NP_391267.1
NP_391270.1	NP_391271.1	NP_391272.1	NP_391273.1	NP_391274.1	NP_391275.1
NP_391278.1	NP_391279.1
NP_391283.1	NP_391284.1	NP_391285.1
NP_391286.1	NP_391287.2
NP_391288.1	NP_391289.1
NP_391290.1	NP_391291.1
NP_391293.1	NP_391294.1	NP_391295.1	NP_391296.1
NP_391303.2	NP_391304.1	NP_391305.1
NP_391308.1	NP_391309.1	NP_391310.1	NP_391311.1
NP_391312.1	NP_391313.2	NP_391314.1	NP_391315.1	NP_391316.1	NP_391317.1
NP_391318.1	NP_391319.1	YP_009514003.1
NP_391320.1	NP_391323.1	NP_391324.1
NP_391325.1	NP_391326.1
NP_391328.2	NP_391329.1	NP_391330.1
NP_391331.1	NP_391332.1
NP_391333.1	NP_391334.1
NP_391336.1	NP_391337.1	NP_391338.1
NP_391339.1	NP_391340.1	NP_391341.1
NP_391346.1	NP_391347.1
NP_391349.1	NP_391350.1	NP_391351.1	NP_391352.1
NP_391354.1	NP_391355.1	NP_391356.2	NP_391357.1
NP_391366.1	NP_391367.1	NP_391368.1	NP_391369.1	NP_391370.1	NP_391371.1	NP_391372.1	NP_391373.1
NP_391374.1	NP_391375.1
NP_391376.1	NP_391377.1	NP_391378.1
NP_391379.1	NP_391380.1
NP_391381.1	NP_391382.1	NP_391383.1
NP_391386.1	NP_391387.1
NP_391388.1	NP_391389.1
NP_391390.1	NP_391391.1	NP_391392.1	NP_391393.1
NP_391396.1	NP_391397.1	NP_391398.1
NP_391399.1	NP_391400.1	NP_391401.1
NP_391402.1	NP_391404.1	NP_391405.1	NP_391406.1	NP_391407.1
NP_391408.2	NP_391409.1
NP_391409.1	NP_391410.1
NP_391412.1	NP_391413.1	NP_391414.1	NP_391415.1
NP_391416.1	NP_391417.1	NP_391418.1
NP_391419.1	NP_391420.1	NP_391421.1	NP_391422.1	NP_391423.1
NP_391424.1	NP_391425.2	NP_391426.1	NP_391427.1
NP_391429.1	NP_391430.1
NP_391431.1	NP_391432.1
NP_391433.1	NP_391434.1	NP_391435.1	NP_391436.1	NP_391437.1
NP_391439.1	NP_391440.1
NP_391442.1	NP_391443.1
NP_391447.1	YP_009514004.1
NP_391448.1	NP_391451.1	NP_391452.1	NP_391453.1	NP_391454.1
NP_391456.1	NP_391457.1	NP_391458.1
NP_391459.1	NP_391460.1
NP_391461.2	NP_391462.2	NP_391463.1
NP_391465.2	NP_391466.1
NP_391467.1	NP_391468.1	NP_391469.1	NP_391470.1	NP_391471.2
NP_391472.1	NP_391473.1	NP_391474.1	NP_391475.1	NP_391476.1	NP_391477.1
NP_391480.1	NP_391481.1	NP_391482.2
NP_391483.1	NP_391484.1
NP_391485.1	NP_391486.1	NP_391487.1
NP_391488.1	YP_009514005.1	NP_391489.1	NP_391490.1
NP_391492.1	NP_391493.1	NP_391494.1
NP_391495.1	NP_391496.1
NP_391499.1	NP_391500.1	NP_391501.1	NP_391502.1
NP_391505.1	NP_391506.1	NP_391507.1
NP_391508.2	NP_391509.1
NP_391510.1	NP_391511.1
NP_391512.2	NP_391513.1
NP_391517.1	NP_391518.2
NP_391520.2	NP_391521.1	NP_391522.2	NP_391523.1	NP_391524.1
NP_391525.1	NP_391526.1
NP_391528.1	NP_391529.1	NP_391530.2	NP_391531.1
NP_391532.1	NP_391533.1	NP_391534.1
NP_391535.1	NP_391536.1
NP_391537.1	NP_391538.1	YP_009514007.1
NP_391543.1	NP_391544.1	NP_391545.1	NP_391546.1	NP_391547.1
NP_391556.1	NP_391557.1	NP_391558.1	NP_391559.1
NP_391561.1	NP_391562.1	NP_391563.1	NP_391564.1	NP_391565.1	NP_391566.1	NP_391567.1	NP_391568.1
NP_391570.1	NP_391571.1	NP_391572.1	NP_391573.1	NP_391574.1
NP_391576.1	NP_391577.1
NP_391580.1	NP_391581.1	NP_391582.1
NP_391583.1	NP_391584.1
NP_391590.1	NP_391591.2	NP_391592.3	NP_391593.1	NP_391594.1
NP_391596.1	NP_391597.1
NP_391598.1	NP_391599.1
NP_391600.1	NP_391601.1	NP_391602.1
NP_391603.1	NP_391604.1	NP_391605.1
NP_391606.1	NP_391607.1	NP_391608.1	NP_391609.2
NP_391612.1	NP_391613.2
NP_391614.1	NP_391615.1
NP_391619.1	NP_391620.1
NP_391621.1	NP_391622.1
NP_391624.1	NP_391625.1
NP_391626.1	NP_391627.1	NP_391628.1
NP_391629.1	NP_391630.1
NP_391632.1	NP_391633.1
NP_391637.1	NP_391638.1
NP_391644.1	NP_391645.1	NP_391646.1
NP_391647.3	NP_391648.1
NP_391652.2	NP_391653.1
NP_391656.1	NP_391657.1
YP_054595.1	NP_391661.3	NP_391662.1	NP_391663.1
NP_391665.2	NP_391666.1	NP_391667.1	NP_391668.1
NP_391669.2	NP_391670.1
NP_391672.2	NP_391673.2	NP_391674.3
NP_391676.1	NP_391677.1	NP_391678.1
NP_391679.2	YP_003097793.1
NP_391682.1	NP_391683.2	NP_391684.3
NP_391686.1	NP_391687.2
NP_391689.1	NP_391690.1	NP_391691.1
NP_391693.1	NP_391694.1	NP_391695.1	NP_391696.2
NP_391698.2	NP_391699.1
NP_391700.1	NP_391701.2
YP_003097794.1	NP_391702.1	NP_391703.2
NP_391704.1	NP_391705.1	NP_391706.1	NP_391707.2
NP_391708.1	NP_391709.1	NP_391710.1
NP_391711.1	NP_391712.2	NP_391713.1	NP_391714.1
NP_391717.1	NP_391718.1
NP_391719.1	NP_391720.1	NP_391721.1
NP_391722.1	NP_391723.1
NP_391724.1	NP_391725.1	NP_391726.1
NP_391727.1	NP_391728.1	YP_009514012.1
YP_003097795.1	NP_391729.1	NP_391730.1	NP_391731.1
NP_391735.1	NP_391736.1	NP_391737.1
NP_391742.1	NP_391743.1
NP_391744.2	NP_391745.1	NP_391746.1
NP_391748.1	NP_391749.1
NP_391751.1	NP_391752.1	NP_391753.1
NP_391754.1	NP_391755.1
NP_391756.1	NP_391757.1	NP_391758.1
NP_391759.1	NP_391760.1	NP_391761.1
NP_391765.1	NP_391766.1
NP_391769.1	NP_391770.1
NP_391774.2	NP_391775.3
NP_391776.2	NP_391777.1	NP_391778.1
NP_391783.2	NP_391784.2
NP_391786.1	NP_391787.2	NP_391788.1
NP_391797.1	NP_391798.1	NP_391799.1	NP_391800.1	NP_391801.1
NP_391805.2	NP_391806.2
NP_391809.2	NP_391810.1	NP_391811.1
NP_391814.1	NP_391815.1	NP_391816.1	NP_391817.1
NP_391819.2	NP_391820.2	NP_391821.2	NP_391822.1
NP_391827.1	NP_391828.1	NP_391829.1
NP_391837.1	NP_391838.2
NP_391842.2	NP_391843.2
NP_391847.1	NP_391848.1	NP_391849.2
NP_391851.1	NP_391852.2	NP_391853.1	NP_391854.2	NP_391855.1
NP_391856.1	NP_391857.1
NP_391858.1	NP_391859.1	NP_391860.1
NP_391861.1	NP_391862.1
NP_391866.2	NP_391867.1
NP_391868.1	NP_391869.1	NP_391870.1	NP_391871.2
NP_391873.2	NP_391875.2
NP_391877.2	NP_391878.2	NP_391879.2
YP_003097798.1	NP_391882.3
NP_391883.3	NP_391884.2
NP_391885.1	NP_391886.1	NP_391887.1
NP_391889.1	NP_391890.1
NP_391891.1	NP_391892.1
NP_391893.1	YP_003097799.1
NP_391894.1	NP_391895.1	NP_391896.2
NP_391900.1	NP_391901.1
NP_391903.1	YP_003097800.1
NP_391905.1	YP_003097801.1
NP_391907.2	NP_391908.1	NP_391909.1
NP_391910.1	NP_391911.1
NP_391912.1	NP_391913.1	NP_391914.1
YP_009514013.1	NP_391916.1	NP_391917.2
NP_391918.1	NP_391919.1	NP_391920.1	NP_391921.1
NP_391927.1	NP_391928.1	NP_391929.2
NP_391930.1	NP_391931.1	NP_391932.1	YP_003097802.1
NP_391938.1	NP_391939.1	NP_391940.1	NP_391941.1	NP_391942.1
NP_391943.1	NP_391944.1
NP_391947.2	NP_391948.1	NP_391949.1
NP_391950.1	NP_391951.1
NP_391952.1	NP_391953.1
NP_391955.1	NP_391956.1
NP_391957.1	NP_391958.1
NP_391959.1	NP_391960.1	NP_391961.1	NP_391962.1
NP_391969.2	NP_391970.1	NP_391971.1
NP_391973.1	YP_003097803.1	NP_391974.1
NP_391976.1	NP_391977.1
NP_391979.1	NP_391980.1	NP_391981.1	NP_391982.1
NP_391984.1	NP_391985.1	NP_391986.1
