WP_010869498.1	WP_010869499.1
WP_010869500.1	WP_064496364.1	WP_010869502.1	WP_010869503.1	WP_010869504.1
WP_064496365.1	WP_162484775.1
WP_010869509.1	WP_010869510.1
WP_010869511.1	WP_010869512.1
WP_010869513.1	WP_010869514.1
WP_010869517.1	WP_064496367.1	WP_244409431.1	WP_010869520.1
WP_083774535.1	WP_064496369.1	WP_064496370.1	WP_064496371.1	WP_010869524.1
WP_010869525.1	WP_064496372.1
WP_010869529.1	WP_064496373.1	WP_010869531.1
WP_064496374.1	WP_010869533.1
WP_010869536.1	WP_010869537.1	WP_010869538.1
WP_064496375.1	WP_209320031.1	WP_064496376.1	WP_064496377.1
WP_010869544.1	WP_064496378.1	WP_010869546.1
WP_064496379.1	WP_010869549.1	WP_064496380.1
WP_010869551.1	WP_010869552.1	WP_010869553.1	WP_010869554.1	WP_064496381.1	WP_064496382.1
WP_010869557.1	WP_064496383.1
WP_010869562.1	WP_010869563.1
WP_010869566.1	WP_064496384.1	WP_010869568.1
WP_010869570.1	WP_064496385.1	WP_010869572.1
WP_010869573.1	WP_010869574.1	WP_010869575.1
WP_010869576.1	WP_010869577.1
WP_064496386.1	WP_064496387.1	WP_010869583.1	WP_010869584.1
WP_010869585.1	WP_064496388.1	WP_010869587.1	WP_010869588.1
WP_010869590.1	WP_162484740.1
WP_010869591.1	WP_064496390.1	WP_010869593.1	WP_010869594.1
WP_010869595.1	WP_064496391.1
WP_010869601.1	WP_064496395.1
WP_010869604.1	WP_010869605.1
WP_010869607.1	WP_010869608.1	WP_064496398.1	WP_064496399.1
WP_010869613.1	WP_010869614.1	WP_064496898.1	WP_010869616.1	WP_341871963.1
WP_010869618.1	WP_010869619.1	WP_010869620.1	WP_010869621.1
WP_010869625.1	WP_280109650.1	WP_064496404.1	WP_010869627.1	WP_010869628.1
WP_010869632.1	WP_010869633.1
WP_010869635.1	WP_010869636.1	WP_244409434.1	WP_010869638.1
WP_010869639.1	WP_010869640.1
WP_010869641.1	WP_064496406.1
WP_010869643.1	WP_010869644.1
WP_064496407.1	WP_010869646.1	WP_083774537.1	WP_010869648.1	WP_010869649.1	WP_010869650.1	WP_010869651.1	WP_064496408.1	WP_010869653.1
WP_064496410.1	WP_064496411.1
WP_244409436.1	WP_064496412.1	WP_010869660.1
WP_064496414.1	WP_010869666.1	WP_010869667.1
WP_064496415.1	WP_010869669.1
WP_010869671.1	WP_010869672.1	WP_010869673.1	WP_010869674.1	WP_010869675.1
WP_010869676.1	WP_010869678.1
WP_064496417.1	WP_280109651.1
WP_010869682.1	WP_010869683.1
WP_010869684.1	WP_010869685.1	WP_010869686.1	WP_010869687.1	WP_010869688.1	WP_010869689.1	WP_010869690.1	WP_010869691.1	WP_010869692.1
WP_010869695.1	WP_010869696.1
WP_010869698.1	WP_010869699.1
WP_064496421.1	WP_064496422.1
WP_010869707.1	WP_010869708.1
WP_010869712.1	WP_064496424.1	WP_010869714.1	WP_010869715.1	WP_064496425.1
WP_010869717.1	WP_064496426.1	WP_010869719.1
WP_064496427.1	WP_064496428.1
WP_010869723.1	WP_162484743.1	WP_064496429.1
WP_010869727.1	WP_064496431.1	WP_010869729.1	WP_064496902.1
WP_010869733.1	WP_064496432.1
WP_010869735.1	WP_010869736.1
WP_010869738.1	WP_010869739.1
WP_010869747.1	WP_012981369.1
WP_064496436.1	WP_010869751.1	WP_010869752.1
WP_064496437.1	WP_064496438.1	WP_010869754.1
WP_064496439.1	WP_010869756.1	WP_010869757.1	WP_064496441.1
WP_010869760.1	WP_064496442.1	WP_064496443.1
WP_064496444.1	WP_064496445.1	WP_010869765.1	WP_010869766.1
WP_244409529.1	WP_064496905.1
WP_064496906.1	WP_064496449.1	WP_244409439.1
WP_010869774.1	WP_010869775.1	WP_064496908.1
WP_064496452.1	WP_010869781.1
WP_010869782.1	WP_010869783.1	WP_010869784.1	WP_010869785.1	WP_010869786.1	WP_064496453.1	WP_010869788.1
WP_010869792.1	WP_010869793.1
WP_010869799.1	WP_010869800.1	WP_064496458.1	WP_010869802.1
WP_010869807.1	WP_010869808.1	WP_010869809.1	WP_010869810.1
WP_010869814.1	WP_010869815.1	WP_010869816.1
WP_010869817.1	WP_064496462.1	WP_010869819.1
WP_048201890.1	WP_010869821.1
WP_010869825.1	WP_010869826.1	WP_064496465.1	WP_010869828.1	WP_244409446.1	WP_244409448.1	WP_244409450.1
WP_064496466.1	WP_010869833.1	WP_010869834.1	WP_064496467.1	WP_244409452.1	WP_010869837.1	WP_010869838.1	WP_010869839.1	WP_010869840.1
WP_244409454.1	WP_010869842.1	WP_244409456.1	WP_209320032.1	WP_010869845.1	WP_010869846.1	WP_162484744.1
WP_010869848.1	WP_010869849.1	WP_162484745.1	WP_010869851.1	WP_010869852.1	WP_010869853.1	WP_010869854.1	WP_244409457.1
WP_010869857.1	WP_010869858.1
WP_280109653.1	WP_010869860.1
WP_010869861.1	WP_010869862.1	WP_064496473.1	WP_010869864.1	WP_064496474.1	WP_010869866.1	WP_244409459.1
WP_010869869.1	WP_010869870.1	WP_010869871.1	WP_010869872.1
WP_064496476.1	WP_394296059.1	WP_010869876.1	WP_010869877.1
WP_244409461.1	WP_010869880.1	WP_064496478.1	WP_010869882.1	WP_064496479.1	WP_244409463.1
WP_064496911.1	WP_010869886.1	WP_010869887.1
WP_010869892.1	WP_010869893.1	WP_010869894.1	WP_010869895.1	WP_010869896.1
WP_010869900.1	WP_010869901.1
WP_010869903.1	WP_064496484.1
WP_064496485.1	WP_064496486.1
WP_010869907.1	WP_010869908.1	WP_010869909.1
WP_064496912.1	WP_064496487.1
WP_010869914.1	WP_010869915.1
WP_064496489.1	WP_010869918.1	WP_010869919.1	WP_010869920.1
WP_244409466.1	WP_010869923.1	WP_209320033.1
WP_244409468.1	WP_064496493.1
WP_010869929.1	WP_064496494.1	WP_244409470.1	WP_010869931.1	WP_010869932.1	WP_064496915.1
WP_010869934.1	WP_010869936.1
WP_064496496.1	WP_244409530.1
WP_010869941.1	WP_064496497.1	WP_162484747.1	WP_010869944.1
WP_010869947.1	WP_010869948.1
WP_010869949.1	WP_064496500.1
WP_010869951.1	WP_010869952.1
WP_010869953.1	WP_010869954.1
WP_010869955.1	WP_010869956.1	WP_010869957.1	WP_012981301.1
WP_010869959.1	WP_064496502.1	WP_010869961.1	WP_010869962.1	WP_064496503.1	WP_010869964.1	WP_010869965.1	WP_010869966.1	WP_010869967.1	WP_010869968.1	WP_010869969.1	WP_010869970.1	WP_010869971.1	WP_010869972.1	WP_010869973.1	WP_064496504.1	WP_010869975.1	WP_010869976.1	WP_010869977.1	WP_010869978.1	WP_010869979.1	WP_064496506.1
WP_064496916.1	WP_010869986.1
WP_064496510.1	WP_064496511.1
WP_064496513.1	WP_064496917.1	WP_244409471.1
WP_010869998.1	WP_064496514.1
WP_064496515.1	WP_064496516.1
WP_064496517.1	WP_064496518.1
WP_010870005.1	WP_064496918.1
WP_064496519.1	WP_048202361.1
WP_010870009.1	WP_010870010.1	WP_064496520.1	WP_083774539.1	WP_394296060.1	WP_010870012.1	WP_064496522.1	WP_064496523.1	WP_010870015.1	WP_010870016.1	WP_064496524.1
WP_064496525.1	WP_010870019.1
WP_064496526.1	WP_010870021.1	WP_064496527.1	WP_064496528.1	WP_064496529.1	WP_010870025.1	WP_064496530.1	WP_064496531.1	WP_010870029.1	WP_064496532.1	WP_010870031.1	WP_010870032.1	WP_064496533.1
WP_010870036.1	WP_010870037.1
WP_064496536.1	WP_064496537.1	WP_010870041.1
WP_010870045.1	WP_064496538.1
WP_010870047.1	WP_010870048.1	WP_064496539.1	WP_010870050.1	WP_209320034.1
WP_010870054.1	WP_064496540.1	WP_010870056.1	WP_010870057.1
WP_064496541.1	WP_010870061.1	WP_010870062.1
WP_010870067.1	WP_010870068.1
WP_010870070.1	WP_010870071.1
WP_010870073.1	WP_010870074.1
WP_010870075.1	WP_010870076.1	WP_010870077.1	WP_010870078.1
WP_010870080.1	WP_064496545.1
WP_064496546.1	WP_064496547.1	WP_244409478.1
WP_010870086.1	WP_010870087.1
WP_064496549.1	WP_010870089.1
WP_064496550.1	WP_280109654.1
WP_010870091.1	WP_010870092.1
WP_010870095.1	WP_064496552.1	WP_010870097.1	WP_064496553.1
WP_010870098.1	WP_064496554.1	WP_010870099.1	WP_010870100.1	WP_064496555.1
WP_010870104.1	WP_064496556.1
WP_064496557.1	WP_010870108.1	WP_010870109.1
WP_010870110.1	WP_010870111.1	WP_280109655.1
WP_010870112.1	WP_010870113.1
WP_064496558.1	WP_010870115.1	WP_244409480.1	WP_280109656.1
WP_010870120.1	WP_010870121.1
WP_010870123.1	WP_010870124.1
WP_010870126.1	WP_064496560.1
WP_064496561.1	WP_010870129.1	WP_010870130.1	WP_064496562.1	WP_010870132.1	WP_244409482.1	WP_010870134.1	WP_010870135.1	WP_010870136.1	WP_010870137.1	WP_064496564.1	WP_010870139.1	WP_244409484.1	WP_064496565.1
WP_010870142.1	WP_010870143.1	WP_064496566.1	WP_010870145.1	WP_064496567.1
WP_064496568.1	WP_064496569.1	WP_010870150.1
WP_244409488.1	WP_010870153.1
WP_010870156.1	WP_064496572.1
WP_010870161.1	WP_010870162.1	WP_010870163.1	WP_010870164.1
WP_010870165.1	WP_083774541.1	WP_010870167.1
WP_209320035.1	WP_064496574.1
WP_064496575.1	WP_010870171.1
WP_083774542.1	WP_064496577.1	WP_064496578.1	WP_010870177.1
WP_010870178.1	WP_010870179.1
WP_010870181.1	WP_010870182.1	WP_010870183.1	WP_010870184.1	WP_010870185.1	WP_010870186.1
WP_010870187.1	WP_010870188.1	WP_010870189.1
WP_010870191.1	WP_010870192.1
WP_064496580.1	WP_064496581.1
WP_010870196.1	WP_010870197.1
WP_010870200.1	WP_162484749.1	WP_010870201.1
WP_010870202.1	WP_064496583.1
WP_010870206.1	WP_010870207.1	WP_010870208.1
WP_064496585.1	WP_010870210.1
WP_010870215.1	WP_010870216.1	WP_010870217.1
WP_209320041.1	WP_064496588.1
WP_010870221.1	WP_244409492.1	WP_280109659.1
WP_010870222.1	WP_244409494.1	WP_064496592.1	WP_010870225.1
WP_064496597.1	WP_010870230.1	WP_010870231.1	WP_010870232.1
WP_010870235.1	WP_010870236.1	WP_064496601.1	WP_064496603.1	WP_064496605.1	WP_010870240.1
WP_010870242.1	WP_064496607.1	WP_010870244.1
WP_010870246.1	WP_010870247.1	WP_010870248.1	WP_010870249.1	WP_083774543.1
WP_010870251.1	WP_064496610.1	WP_064496612.1	WP_010870255.1	WP_244409536.1	WP_162484750.1	WP_064496614.1
WP_064496615.1	WP_010870260.1	WP_010870261.1	WP_064496617.1	WP_064496618.1	WP_064496619.1	WP_064496620.1	WP_010870266.1	WP_010870267.1
WP_010870268.1	WP_010870269.1
WP_010870271.1	WP_244409495.1	WP_010870272.1
WP_010870274.1	WP_244409499.1
WP_010870279.1	WP_064496622.1	WP_244409505.1	WP_064496623.1	WP_010870283.1
WP_010870284.1	WP_010870285.1	WP_064496624.1
WP_010870290.1	WP_064496625.1	WP_244409507.1	WP_064496626.1	WP_010870294.1	WP_244409508.1	WP_010870296.1	WP_010870297.1
WP_010870299.1	WP_010870300.1	WP_010870301.1	WP_244409509.1	WP_010870303.1	WP_010870304.1
WP_064496627.1	WP_010870307.1	WP_244409510.1	WP_064496628.1	WP_064496629.1
WP_010870311.1	WP_010870312.1	WP_010870313.1	WP_010870314.1	WP_064496630.1
WP_010870319.1	WP_064496633.1
WP_064496634.1	WP_064496635.1
WP_010870322.1	WP_010870323.1	WP_010870324.1	WP_064496932.1	WP_064496636.1	WP_010870327.1
WP_010870328.1	WP_010870329.1	WP_010870333.1
WP_010870335.1	WP_010870336.1
WP_010870342.1	WP_010870343.1
WP_010870344.1	WP_244409516.1	WP_244409517.1	WP_010870347.1	WP_064496638.1	WP_010870349.1	WP_010870350.1
WP_010870351.1	WP_010870352.1
WP_064496639.1	WP_209320037.1	WP_010870358.1	WP_010870359.1	WP_010870360.1	WP_010870361.1	WP_010870362.1	WP_010870363.1	WP_010870364.1	WP_064496640.1	WP_010870366.1	WP_010870367.1	WP_010870368.1	WP_010870369.1
WP_064496641.1	WP_341871964.1	WP_010870372.1	WP_010870373.1	WP_064496642.1
WP_064496935.1	WP_010870376.1	WP_010870377.1	WP_010870378.1	WP_010870379.1
WP_064496936.1	WP_010870381.1
WP_064496643.1	WP_010870383.1
WP_010870392.1	WP_010870393.1	WP_010870394.1
WP_010870396.1	WP_010870397.1	WP_010870398.1
WP_064496646.1	WP_010870400.1	WP_064496647.1	WP_010870402.1
WP_010870405.1	WP_010870406.1	WP_209320038.1	WP_010870408.1	WP_010870409.1	WP_064496650.1	WP_010870411.1	WP_064496651.1	WP_064496652.1	WP_064496653.1	WP_064496654.1	WP_064496655.1	WP_244409518.1	WP_010870418.1	WP_010870419.1	WP_010870420.1
WP_064496657.1	WP_064496658.1	WP_010870423.1	WP_083774544.1
WP_010870424.1	WP_064496660.1
WP_064496663.1	WP_010870428.1	WP_064496664.1	WP_162828715.1
WP_010870429.1	WP_010870430.1
WP_010870432.1	WP_010870433.1	WP_010870434.1	WP_010870435.1
WP_064496666.1	WP_010870439.1
WP_064496667.1	WP_010870442.1
WP_064496668.1	WP_010870444.1	WP_064496669.1
WP_064496670.1	WP_010870449.1
WP_010870450.1	WP_010870451.1
WP_010870454.1	WP_064496672.1
WP_064496674.1	WP_010870460.1	WP_010870461.1
WP_064496675.1	WP_010870463.1	WP_064496676.1	WP_010870465.1	WP_064496678.1
WP_010870470.1	WP_010870471.1	WP_010870472.1
WP_010870473.1	WP_010870474.1
WP_010870475.1	WP_010870476.1
WP_010870477.1	WP_010870478.1
WP_010870483.1	WP_010870484.1
WP_064496683.1	WP_064496684.1
WP_010870487.1	WP_064496685.1	WP_064496686.1
WP_010870490.1	WP_010870491.1
WP_010870493.1	WP_010870494.1	WP_064496687.1
WP_010870496.1	WP_010870497.1
WP_244409369.1	WP_064496689.1
WP_010870503.1	WP_064496691.1
WP_064496692.1	WP_010870506.1
WP_010870507.1	WP_010870508.1
WP_064496693.1	WP_162484754.1
WP_064496694.1	WP_064496695.1	WP_010870515.1	WP_010870516.1
WP_010870517.1	WP_010870518.1	WP_064496696.1
WP_010870521.1	WP_010870522.1	WP_064496697.1	WP_064496698.1
WP_010870526.1	WP_064496699.1	WP_064496700.1
WP_010870529.1	WP_010870530.1
WP_010870532.1	WP_064496701.1
WP_010870534.1	WP_010870535.1
WP_010870536.1	WP_064496702.1
WP_064496703.1	WP_010870539.1
WP_064496704.1	WP_064496705.1	WP_010870542.1	WP_010870543.1	WP_064496706.1
WP_010870545.1	WP_010870546.1
WP_064496708.1	WP_064496709.1	WP_010870552.1	WP_064496710.1	WP_010870554.1	WP_010870555.1	WP_010870556.1	WP_010870557.1	WP_010870558.1	WP_010870559.1	WP_010870560.1	WP_010870561.1
WP_010870562.1	WP_010870563.1
WP_010870564.1	WP_064496712.1
WP_010870567.1	WP_010870568.1	WP_064496714.1	WP_010870571.1	WP_010870572.1	WP_010870573.1
WP_010870574.1	WP_010870575.1	WP_010870576.1	WP_064496715.1	WP_010870578.1	WP_010870579.1
WP_010870580.1	WP_010870581.1	WP_010870582.1	WP_010870583.1	WP_064496717.1	WP_083774546.1	WP_010870586.1	WP_010870587.1	WP_010870588.1	WP_010870589.1	WP_010870590.1	WP_064496718.1	WP_010870591.1	WP_064496719.1
WP_010870594.1	WP_010870595.1	WP_010870596.1
WP_244409375.1	WP_010870598.1
WP_010870600.1	WP_064496721.1	WP_010870602.1	WP_010870603.1
WP_010870604.1	WP_010870605.1
WP_010870606.1	WP_064496722.1
WP_010870608.1	WP_064496723.1
WP_010870612.1	WP_010870613.1	WP_064496724.1
WP_010870615.1	WP_162484755.1
WP_064496725.1	WP_010870617.1
WP_010870618.1	WP_064496726.1	WP_010870620.1
WP_010870622.1	WP_010870623.1	WP_010870624.1	WP_010870625.1
WP_064496728.1	WP_064496729.1
WP_010870628.1	WP_010870629.1	WP_010870630.1	WP_010870631.1
WP_010870632.1	WP_064496730.1
WP_010870634.1	WP_010870635.1
WP_010870637.1	WP_010870638.1
WP_010870640.1	WP_010870641.1	WP_010870642.1
WP_010870650.1	WP_064496734.1
WP_010870652.1	WP_010870653.1	WP_010870654.1
WP_010870659.1	WP_010870660.1
WP_064496737.1	WP_064496738.1	WP_244409381.1	WP_162484756.1
WP_010870665.1	WP_010870666.1
WP_010870667.1	WP_010870668.1
WP_010870669.1	WP_064496739.1
WP_064496740.1	WP_010870672.1	WP_010870673.1
WP_010870674.1	WP_280109645.1
WP_010870676.1	WP_449405446.1
WP_010870678.1	WP_010870679.1	WP_010870680.1	WP_010870681.1	WP_010870682.1
WP_064496744.1	WP_010870684.1	WP_064496745.1	WP_010870686.1
WP_064496746.1	WP_064496747.1	WP_010870689.1	WP_064496748.1
WP_010870691.1	WP_010870692.1	WP_010870695.1	WP_064496749.1
WP_162484757.1	WP_244409384.1	WP_010870704.1	WP_010870705.1	WP_012980417.1	WP_064496751.1
WP_064496752.1	WP_010870710.1
WP_064496753.1	WP_209320024.1	WP_010870713.1	WP_012980426.1	WP_010870715.1	WP_010870716.1
WP_010870717.1	WP_064496755.1
WP_064496756.1	WP_064496757.1	WP_010870724.1	WP_010870725.1	WP_064496758.1
WP_064496759.1	WP_010870728.1	WP_010870729.1	WP_083774549.1	WP_064496760.1	WP_449405447.1
WP_010870735.1	WP_244409389.1	WP_162828716.1	WP_010870736.1
WP_010870737.1	WP_064496762.1	WP_010870739.1
WP_010870740.1	WP_010870741.1	WP_064496763.1	WP_010870743.1
WP_010870747.1	WP_010870748.1	WP_010870749.1	WP_010870750.1
WP_010870752.1	WP_064496765.1	WP_064496766.1	WP_010870755.1	WP_010870756.1	WP_010870757.1
WP_244409393.1	WP_064496769.1	WP_244409394.1	WP_010870770.1	WP_010870771.1
WP_064496770.1	WP_064496771.1	WP_010870773.1
WP_010870777.1	WP_010870778.1
WP_010870779.1	WP_064496773.1	WP_064496774.1	WP_010870783.1	WP_010870784.1	WP_010870785.1
WP_010870791.1	WP_064496776.1
WP_010870793.1	WP_064496777.1	WP_010870795.1
WP_010870796.1	WP_244409396.1	WP_010870798.1	WP_010870799.1	WP_010870800.1	WP_244409543.1	WP_010870802.1	WP_244409398.1	WP_010870804.1	WP_010870805.1	WP_010870806.1	WP_010870807.1
WP_010870808.1	WP_010870809.1	WP_010870810.1
WP_010870811.1	WP_010870812.1	WP_209320026.1
WP_010870815.1	WP_064496780.1	WP_064496781.1
WP_064496782.1	WP_244409544.1	WP_064496783.1	WP_010870821.1	WP_010870822.1	WP_010870823.1	WP_010870824.1	WP_064496784.1	WP_010870826.1	WP_064496785.1
WP_064496786.1	WP_010870829.1	WP_010870830.1	WP_010870831.1
WP_064496787.1	WP_064496788.1
WP_064496790.1	WP_162484761.1
WP_064496791.1	WP_010870840.1
WP_010870841.1	WP_010870842.1	WP_064496792.1
WP_064496793.1	WP_064496794.1	WP_162484762.1	WP_010870846.1
WP_010870851.1	WP_010870852.1
WP_010870857.1	WP_010870858.1
WP_064496799.1	WP_064496800.1	WP_064496801.1
WP_064496803.1	WP_064496804.1	WP_010870869.1	WP_064496805.1	WP_064496806.1	WP_083774551.1
WP_010870871.1	WP_010870872.1	WP_010870873.1
WP_010870881.1	WP_010870882.1
WP_209320027.1	WP_010870884.1	WP_010870885.1
WP_064496811.1	WP_010870887.1	WP_064496812.1
WP_010870890.1	WP_010870891.1
WP_010870896.1	WP_010870898.1
WP_010870899.1	WP_010870900.1	WP_064496814.1	WP_010870902.1
WP_280109647.1	WP_162484765.1
WP_010870906.1	WP_244409401.1
WP_010870910.1	WP_064496815.1
WP_244409403.1	WP_010870912.1	WP_010870913.1	WP_064496816.1	WP_244409405.1	WP_010870915.1
WP_010870916.1	WP_010870917.1
WP_010870919.1	WP_244409407.1
WP_064496818.1	WP_010870924.1	WP_010870925.1
WP_064496820.1	WP_010870927.1
WP_064496821.1	WP_244409408.1
WP_010870934.1	WP_162484767.1	WP_064496824.1
WP_162484768.1	WP_010870941.1
WP_010870943.1	WP_064496828.1	WP_010870945.1	WP_010870946.1	WP_064496829.1	WP_010870948.1	WP_010870949.1	WP_010870950.1
WP_010870952.1	WP_010870953.1	WP_010870954.1
WP_010870955.1	WP_064496830.1	WP_244409410.1	WP_010870958.1	WP_010870959.1	WP_064496831.1
WP_064496832.1	WP_010870964.1	WP_244409412.1	WP_010870966.1
WP_010870967.1	WP_010870968.1	WP_010870969.1	WP_010870970.1	WP_010870971.1	WP_010870972.1	WP_010870973.1
WP_244409414.1	WP_010870978.1	WP_010870979.1
WP_064496834.1	WP_010870981.1	WP_064496835.1	WP_010870983.1
WP_064496837.1	WP_010870988.1	WP_010870989.1	WP_010870990.1	WP_010870991.1	WP_010870992.1	WP_010870993.1
WP_064496839.1	WP_010870996.1	WP_064496840.1	WP_244409416.1
WP_010871003.1	WP_010871004.1
WP_064496843.1	WP_010871006.1
WP_010871009.1	WP_010871010.1	WP_064496845.1
WP_064496846.1	WP_010871015.1	WP_064496847.1
WP_064496848.1	WP_209320028.1	WP_010871020.1	WP_010871021.1
WP_010871022.1	WP_010871023.1
WP_010871024.1	WP_064496849.1	WP_010871026.1
WP_010871027.1	WP_010871028.1	WP_244409420.1
WP_064496851.1	WP_010871031.1
WP_010871034.1	WP_010871035.1
WP_010871037.1	WP_010871038.1	WP_064496854.1	WP_064496855.1	WP_064496856.1	WP_162484769.1	WP_010871042.1	WP_010871043.1
WP_010871045.1	WP_010871046.1	WP_010871047.1	WP_010871048.1
WP_010871050.1	WP_064496859.1	WP_010871052.1
WP_010871053.1	WP_010871054.1	WP_162484770.1	WP_010871056.1
WP_064496861.1	WP_064496862.1	WP_010871064.1
WP_064496864.1	WP_010871070.1
WP_010871071.1	WP_280109649.1	WP_244409425.1
WP_064496865.1	WP_010871074.1	WP_010871075.1
WP_010871077.1	WP_010871078.1
WP_064496978.1	WP_010871081.1
WP_010871084.1	WP_010871085.1	WP_064496868.1	WP_064496869.1
WP_010871088.1	WP_010871089.1
WP_010871090.1	WP_064496870.1
WP_010871092.1	WP_083774554.1
WP_010871093.1	WP_010871094.1	WP_064496871.1	WP_010871096.1
WP_209320029.1	WP_010871099.1
WP_010871100.1	WP_010871101.1
WP_010871106.1	WP_010871107.1	WP_010871108.1
WP_064496873.1	WP_010871114.1	WP_083774555.1	WP_010871116.1	WP_010871117.1	WP_010871118.1
WP_064496874.1	WP_010871120.1
WP_010871123.1	WP_010871124.1
WP_010871125.1	WP_010871126.1	WP_010871127.1	WP_010871128.1
WP_010871130.1	WP_010871131.1
WP_010871132.1	WP_010871133.1	WP_010871134.1	WP_064496876.1	WP_010871136.1	WP_010871137.1
WP_064496878.1	WP_010871144.1
WP_244409523.1	WP_010871147.1
WP_064496879.1	WP_083774556.1
WP_010871151.1	WP_010871152.1	WP_010871153.1	WP_064496881.1
WP_010871155.1	WP_064496883.1
WP_064496884.1	WP_010871158.1
WP_010871159.1	WP_010871160.1
WP_010871164.1	WP_064496886.1
WP_010871166.1	WP_010871167.1
WP_064496887.1	WP_010871169.1	WP_064496888.1	WP_010871171.1
WP_064496891.1	WP_010871177.1	WP_064496892.1
WP_010871180.1	WP_010871181.1	WP_010871182.1	WP_064496893.1	WP_064496988.1
WP_010871185.1	WP_010871186.1
WP_010871187.1	WP_010871188.1
WP_010871190.1	WP_064496894.1	WP_010871192.1	WP_010871193.1	WP_010871194.1	WP_010871195.1	WP_010871196.1	WP_010871197.1	WP_010871198.1
WP_010871199.1	WP_010871200.1
WP_010871202.1	WP_010871203.1	WP_162484774.1
WP_244409557.1	WP_010890050.1
WP_010890053.1	WP_162484781.1	WP_244409559.1	WP_244409562.1
WP_064496991.1	WP_010890056.1	WP_244409564.1	WP_010890059.1	WP_244409565.1
WP_010890063.1	WP_162484782.1
WP_244409567.1	WP_010890066.1	WP_010890067.1
WP_010890069.1	WP_244409571.1
WP_064496998.1	WP_244409548.1	WP_010890075.1	WP_010890076.1	WP_010890077.1	WP_064496999.1	WP_010890079.1	WP_064497000.1	WP_244409550.1	WP_010890082.1	WP_064497001.1
WP_162484783.1	WP_010890084.1
WP_064497002.1	WP_244409552.1	WP_162484784.1	WP_010890086.1
WP_064497003.1	WP_064497004.1
WP_010890090.1	WP_010890091.1	WP_244409553.1
WP_064497006.1	WP_010890094.1	WP_244409577.1	WP_010890096.1	WP_010890097.1
WP_280109661.1	WP_010890099.1	WP_244409581.1	WP_010890101.1	WP_244409572.1	WP_244409575.1
