WP_010881451.1	WP_010881452.1	WP_014342226.1	WP_010881454.1
WP_010881460.1	WP_010881464.1	WP_010881465.1
WP_010881472.1	WP_010881473.1
WP_010881474.1	WP_010881475.1
WP_014342761.1	WP_235214062.1	WP_010881478.1	WP_010881479.1
WP_010881481.1	WP_014342238.1	WP_010881483.1
WP_010881484.1	WP_010881485.1
WP_010881486.1	WP_010881487.1
WP_014342241.1	WP_014342242.1	WP_010881491.1	WP_375162271.1	WP_010881493.1
WP_010881494.1	WP_237249921.1	WP_010881496.1
WP_010881497.1	WP_010881499.1
WP_010881500.1	WP_014342246.1
WP_010881504.1	WP_010881505.1	WP_010881506.1
WP_010881508.1	WP_010881509.1	WP_010881510.1	WP_010881511.1	WP_010881512.1
WP_010881513.1	WP_010881514.1	WP_010881515.1	WP_010881516.1	WP_010881517.1
WP_014342765.1	WP_010881519.1	WP_010881520.1
WP_014505399.1	WP_010881524.1	WP_010881525.1
WP_010881526.1	WP_010881527.1	WP_010881528.1	WP_010881529.1	WP_010881530.1
WP_353743195.1	WP_010881533.1	WP_010881534.1
WP_014342264.1	WP_010881537.1	WP_010881538.1	WP_010881539.1
WP_010881540.1	WP_010881541.1	WP_237249922.1	WP_010881543.1	WP_010881544.1
WP_010881547.1	WP_010881548.1
WP_010881549.1	WP_010881550.1
WP_010881552.1	WP_010881553.1	WP_010881554.1
WP_010881555.1	WP_014505410.1	WP_010881557.1	WP_010881558.1
WP_010881559.1	WP_010881560.1
WP_010881562.1	WP_010881563.1
WP_010881567.1	WP_010881568.1	WP_010881569.1
WP_010881572.1	WP_010881573.1	WP_010881574.1
WP_158296017.1	WP_010881577.1	WP_010881578.1
WP_010881566.1	WP_175393423.1	WP_010881582.1
WP_010881586.1	WP_010881587.1	WP_010881588.1
WP_010881590.1	WP_237249924.1	WP_010881592.1
WP_010881593.1	WP_025267561.1	WP_025267562.1
WP_010881594.1	WP_010881595.1	WP_010881596.1
WP_010881597.1	WP_010881598.1	WP_014342780.1	WP_010881600.1
WP_041610072.1	WP_010881602.1
WP_010881603.1	WP_010881604.1	WP_010881605.1
WP_010881606.1	WP_010881607.1	WP_010881609.1
WP_010881610.1	WP_010881611.1	WP_010881612.1	WP_010881613.1
WP_010881615.1	WP_010881617.1	WP_010881618.1
WP_010881620.1	WP_187145722.1	WP_010881622.1
WP_010881628.1	WP_014342316.1
WP_010881630.1	WP_010881631.1
WP_237249926.1	WP_014342317.1
WP_010881635.1	WP_010881636.1	WP_010881637.1	WP_010881638.1	WP_010881639.1	WP_010881640.1
WP_010881643.1	WP_010881644.1	WP_010881645.1
WP_010881646.1	WP_010881647.1	WP_010881648.1
WP_010881650.1	WP_010881651.1	WP_010881652.1
WP_010881654.1	WP_010881655.1	WP_010881656.1
WP_010881658.1	WP_010881659.1	WP_010881660.1	WP_010881661.1	WP_010881662.1
WP_010881663.1	WP_010881664.1
WP_010881667.1	WP_010881668.1
WP_010881674.1	WP_010881675.1	WP_010881676.1
WP_014342334.1	WP_010881678.1	WP_010881679.1
WP_010881681.1	WP_010881682.1	WP_010881683.1	WP_010881684.1	WP_010881685.1	WP_010881686.1	WP_010881687.1	WP_010881688.1
WP_010881689.1	WP_010881690.1
WP_010881691.1	WP_010881692.1
WP_235214077.1	WP_010881694.1
WP_010881697.1	WP_010881699.1	WP_010881700.1
WP_010881705.1	WP_235214078.1
WP_010881710.1	WP_014342784.1	WP_252507612.1	WP_010881713.1
WP_010881716.1	WP_010881717.1	WP_010881718.1	WP_014342350.1
WP_010881720.1	WP_010881721.1
WP_010881723.1	WP_010881724.1	WP_014342352.1	WP_010881726.1
WP_010881728.1	WP_010881731.1
WP_010881732.1	WP_010881733.1
WP_252507617.1	WP_010881750.1	WP_010881751.1
WP_010881752.1	WP_010881753.1
WP_010881754.1	WP_010881755.1	WP_010881756.1
WP_014505457.1	WP_235214085.1	WP_042491858.1	WP_010881761.1	WP_010881762.1
WP_175393427.1	WP_010881764.1	WP_235214118.1
WP_010881765.1	WP_010881766.1
WP_010881769.1	WP_010881770.1	WP_010881771.1
WP_010881772.1	WP_010881773.1	WP_014342788.1	WP_010881775.1
WP_010881778.1	WP_010881779.1
WP_010881781.1	WP_010881782.1
WP_375162270.1	WP_010881785.1
WP_010881786.1	WP_010881787.1
WP_010881789.1	WP_010881790.1	WP_010881791.1
WP_010881793.1	WP_010881794.1	WP_014505469.1
WP_010881798.1	WP_010881799.1	WP_010881800.1
WP_013945017.1	WP_013945018.1
WP_010881806.1	WP_010881807.1
WP_010881810.1	WP_014505476.1	WP_010881812.1	WP_010881813.1	WP_010881814.1
WP_010881815.1	WP_010881816.1
WP_010881819.1	WP_010881820.1	WP_010881821.1	WP_010881822.1
WP_010881827.1	WP_010881828.1	WP_010881829.1
WP_010881831.1	WP_010881832.1	WP_014505483.1	WP_010881834.1	WP_010881835.1
WP_010881836.1	WP_010881837.1	WP_010881838.1
WP_010881841.1	WP_010881842.1
WP_010881844.1	WP_010881846.1
WP_010881847.1	WP_010881848.1	WP_010881849.1
WP_010881850.1	WP_010881851.1
WP_010881852.1	WP_237249931.1
WP_235214098.1	WP_252507619.1	WP_010881856.1
WP_010881857.1	WP_235214121.1	WP_010881858.1	WP_010881859.1
WP_010881860.1	WP_010881861.1
WP_235214099.1	WP_010881863.1
WP_010881864.1	WP_010881865.1
WP_010881868.1	WP_010881869.1	WP_010881870.1
WP_010881873.1	WP_010881874.1	WP_010881875.1	WP_010881876.1	WP_235214102.1
WP_010881883.1	WP_010881884.1	WP_235214103.1
WP_010881886.1	WP_014505499.1	WP_010881888.1
WP_010881889.1	WP_010881890.1
WP_010881893.1	WP_010881894.1
WP_010881897.1	WP_010881898.1
WP_010881901.1	WP_010881902.1	WP_014342432.1
WP_010881903.1	WP_014342433.1	WP_010881905.1
WP_010881906.1	WP_010881907.1	WP_014342436.1	WP_010881909.1
WP_010881913.1	WP_010881914.1	WP_010881915.1
WP_252507625.1	WP_252507631.1	WP_010881919.1
WP_010881922.1	WP_010881923.1
WP_010881925.1	WP_010881926.1	WP_010881927.1	WP_010881928.1
WP_010881929.1	WP_010881930.1	WP_010881931.1
WP_010881932.1	WP_010881933.1	WP_010881934.1	WP_010881935.1	WP_010881936.1
WP_010881941.1	WP_010881942.1
WP_010881943.1	WP_014505522.1
WP_010881946.1	WP_010881947.1	WP_010881948.1	WP_010881949.1	WP_010881950.1
WP_010881955.1	WP_010881956.1	WP_010881957.1
WP_025267583.1	WP_012460564.1	WP_010881962.1
WP_010881963.1	WP_010881964.1
WP_010881965.1	WP_010881966.1	WP_010881967.1
WP_010881969.1	WP_010881970.1	WP_010881971.1	WP_010881972.1
WP_010881973.1	WP_010881974.1
WP_010881975.1	WP_010881976.1	WP_010881977.1	WP_010881978.1	WP_014342462.1	WP_013945170.1
WP_010881980.1	WP_010881981.1
WP_010881983.1	WP_010881984.1	WP_010881985.1
WP_013945178.1	WP_010881988.1
WP_010881989.1	WP_010881990.1	WP_010881991.1	WP_010881992.1	WP_014342474.1	WP_010881994.1
WP_010881995.1	WP_010881996.1
WP_010881997.1	WP_010881998.1	WP_010881999.1
WP_010882000.1	WP_010882001.1
WP_010882002.1	WP_010882003.1
WP_010882004.1	WP_010882005.1	WP_010882006.1
WP_010882007.1	WP_235214003.1
WP_010882009.1	WP_010882010.1	WP_010882011.1
WP_014342806.1	WP_010882013.1	WP_013945205.1
WP_010882015.1	WP_010882016.1
WP_235214007.1	WP_010882018.1
WP_099156385.1	WP_099156385.1
WP_010882026.1	WP_010882027.1	WP_010882028.1
WP_010882031.1	WP_010882032.1
WP_010882033.1	WP_010882034.1	WP_010882035.1	WP_010882037.1
WP_010882038.1	WP_010882039.1
WP_010882041.1	WP_010882042.1
WP_010882043.1	WP_010882044.1
WP_010882046.1	WP_013945233.1	WP_010882048.1	WP_010882049.1	WP_010882050.1	WP_010882051.1	WP_010882052.1
WP_010882057.1	WP_010882058.1
WP_010882059.1	WP_010882060.1	WP_010882061.1
WP_158296018.1	WP_010882064.1	WP_310794688.1	WP_010882066.1	WP_010882067.1	WP_010882068.1
WP_235214010.1	WP_010882070.1
WP_010882072.1	WP_010882073.1
WP_010882076.1	WP_010882077.1
WP_010882081.1	WP_010882082.1	WP_010882083.1
WP_041610089.1	WP_010882085.1
WP_010882087.1	WP_010882088.1
WP_010882089.1	WP_235214012.1	WP_010882092.1
WP_010882094.1	WP_010882095.1	WP_010882096.1
WP_010882097.1	WP_010882098.1	WP_010882099.1
WP_010882102.1	WP_010882103.1	WP_010882104.1	WP_010882105.1	WP_010882106.1
WP_010882108.1	WP_010882109.1
WP_010882110.1	WP_010882111.1
WP_010882113.1	WP_010882114.1	WP_010882115.1	WP_014342533.1
WP_010882119.1	WP_010882120.1
WP_010882121.1	WP_010882122.1
WP_010882123.1	WP_010882124.1
WP_010882125.1	WP_012460586.1	WP_010882127.1
WP_010882128.1	WP_010882129.1	WP_010882130.1	WP_010882131.1
WP_010882132.1	WP_010882133.1
WP_237249910.1	WP_010882136.1	WP_010882137.1
WP_010882139.1	WP_010882140.1
WP_010882146.1	WP_010882147.1
WP_010882149.1	WP_010882150.1	WP_010882151.1	WP_010882152.1
WP_010882153.1	WP_010882154.1	WP_010882155.1	WP_010882156.1
WP_010882157.1	WP_010882158.1
WP_010882160.1	WP_010882161.1	WP_010882162.1	WP_010882163.1	WP_237250228.1
WP_010882165.1	WP_010882166.1	WP_010882167.1
WP_010882169.1	WP_010882170.1
WP_010882171.1	WP_010882172.1	WP_010882173.1	WP_010882174.1
WP_235214021.1	WP_252507596.1
WP_010882179.1	WP_010882180.1	WP_010882181.1
WP_010882183.1	WP_010882184.1	WP_237250196.1	WP_010882186.1	WP_010882187.1	WP_010882188.1	WP_010882189.1	WP_010882190.1
WP_010882195.1	WP_010882196.1
WP_010882198.1	WP_010882199.1	WP_013945354.1	WP_010882201.1	WP_010882202.1	WP_010882203.1
WP_010882205.1	WP_010882206.1	WP_010882207.1
WP_010882211.1	WP_010882212.1
WP_010882213.1	WP_010882214.1	WP_010882215.1
WP_010882219.1	WP_010882220.1
WP_235214026.1	WP_010882222.1
WP_235214027.1	WP_010882224.1	WP_010882225.1
WP_010882226.1	WP_010882227.1	WP_010882228.1
WP_010882229.1	WP_237249911.1	WP_010882231.1
WP_010882234.1	WP_247213439.1	WP_010882236.1
WP_010882237.1	WP_010882238.1
WP_010882239.1	WP_010882241.1	WP_010882242.1	WP_010882243.1
WP_010882247.1	WP_010882248.1	WP_010882249.1
WP_010882252.1	WP_010882253.1	WP_010882254.1
WP_010882258.1	WP_235214036.1
WP_010882260.1	WP_010882261.1
WP_010882268.1	WP_010882269.1	WP_010882270.1	WP_014342597.1	WP_010882272.1
WP_010882275.1	WP_010882276.1
WP_014342602.1	WP_010882279.1	WP_010882280.1
WP_014342829.1	WP_010882283.1
WP_014342830.1	WP_010882286.1	WP_014505625.1
WP_014342608.1	WP_010882290.1	WP_010882291.1
WP_010882292.1	WP_010882293.1	WP_010882294.1
WP_010882297.1	WP_010882298.1	WP_010882299.1
WP_010882305.1	WP_010882306.1
WP_010882308.1	WP_010882309.1
WP_010882313.1	WP_010882315.1
WP_010882317.1	WP_010882318.1	WP_010882319.1	WP_010882320.1
WP_010882321.1	WP_010882322.1	WP_237249912.1
WP_014505642.1	WP_013945460.1	WP_014342629.1
WP_010882329.1	WP_010882330.1
WP_010882331.1	WP_010882332.1	WP_010882333.1
WP_010882334.1	WP_010882335.1	WP_010882336.1
WP_010882341.1	WP_010882342.1
WP_010882343.1	WP_010882344.1
WP_010882349.1	WP_010882350.1	WP_010882351.1	WP_010882352.1
WP_010882353.1	WP_010882354.1
WP_010882363.1	WP_010882364.1
WP_010882365.1	WP_010882366.1
WP_010882367.1	WP_010882368.1
WP_010882370.1	WP_010882371.1	WP_010882372.1	WP_235214048.1
WP_010882374.1	WP_010882376.1
WP_010882378.1	WP_010882379.1	WP_010882380.1
WP_010882385.1	WP_010882386.1
WP_010882391.1	WP_014342847.1	WP_010882393.1	WP_010882395.1
WP_010882398.1	WP_235214130.1
WP_235214131.1	WP_010882400.1	WP_010882401.1	WP_010882402.1
WP_010882403.1	WP_010882404.1	WP_010882405.1
WP_010882406.1	WP_010882407.1	WP_010882408.1
WP_010882412.1	WP_010882413.1
WP_010882415.1	WP_010882416.1
WP_010882418.1	WP_010882419.1
WP_010882420.1	WP_010882421.1
WP_010882423.1	WP_010882424.1	WP_014505666.1
WP_010882426.1	WP_235214054.1
WP_010882429.1	WP_010882430.1
WP_010882434.1	WP_010882435.1	WP_010882436.1
WP_235214132.1	WP_041610090.1
WP_010882440.1	WP_010882441.1	WP_014342854.1
WP_010882443.1	WP_010882444.1
WP_010882445.1	WP_014342691.1
WP_010882448.1	WP_010882449.1
WP_010882451.1	WP_010882452.1	WP_010882453.1
WP_010882454.1	WP_010882455.1	WP_010882456.1
WP_010882458.1	WP_010882459.1	WP_010882460.1	WP_010882461.1
WP_010882462.1	WP_014505682.1	WP_010882464.1	WP_010882465.1
WP_010882466.1	WP_010882467.1	WP_010882468.1	WP_010882469.1
WP_010882470.1	WP_010882471.1
WP_010882472.1	WP_010882473.1
WP_010882476.1	WP_010882477.1
WP_010882481.1	WP_010882482.1
WP_010882484.1	WP_014342706.1
