NP_214515.1	NP_214516.1	NP_214517.1	NP_214518.1	NP_214519.2	NP_214520.1
NP_214524.1	NP_214525.1
NP_214526.1	YP_177615.1
NP_214528.1	NP_214529.1	NP_214530.1	NP_214531.1
NP_214532.1	NP_214533.1	NP_214534.1	NP_214535.1	NP_214536.1
NP_214538.1	NP_214539.1	NP_214540.1	NP_214541.1	NP_214542.1	NP_214543.1
NP_214544.1	NP_214546.1	NP_214547.1	NP_214548.1	YP_177686.1
NP_214550.1	NP_214551.1
NP_214553.1	NP_214554.2
NP_214558.1	NP_214559.1	NP_214560.1	NP_214561.1
NP_214563.1	YP_177687.1	NP_214565.1
NP_214566.3	NP_214567.1	NP_214568.1	YP_177688.1	NP_214570.1	NP_214571.1
NP_214573.1	NP_214574.1
NP_214577.1	YP_009030026.1
YP_007408701.1	NP_214579.1
NP_214580.1	NP_214581.1
NP_214583.1	NP_214584.1
NP_214585.1	NP_214586.1	NP_214587.1	NP_214588.1	NP_214589.1
NP_214590.1	NP_214591.1
YP_177616.1	YP_007408717.1
NP_214593.1	NP_214594.1
NP_214596.2	NP_214597.1	NP_214598.1	NP_214599.1	NP_214600.1	NP_214601.1
NP_214602.1	NP_214603.1
NP_214605.1	NP_214606.1
NP_214607.1	NP_214608.1	NP_214609.1
NP_214611.1	NP_214612.1	NP_214613.1	NP_214614.1	NP_214615.1	NP_214616.1
NP_214621.1	NP_214622.1
NP_214624.1	NP_214625.1
NP_214626.1	NP_214627.1	NP_214628.1	NP_214629.1	YP_009030027.1
NP_214634.1	NP_214635.1
NP_214636.1	NP_214637.1
YP_177693.1	NP_214639.1
NP_214640.1	NP_214641.1	NP_214642.1
NP_214645.1	NP_214646.1
NP_214647.1	NP_214648.1
NP_214652.1	NP_214653.1	NP_214654.1
NP_214658.1	NP_214659.1	NP_214660.1	NP_214661.1	NP_214662.1	NP_214663.1
NP_214664.1	YP_177695.1	YP_177696.1	NP_214667.1	NP_214668.1
NP_214669.1	NP_214670.1	NP_214671.1
YP_177697.1	YP_177698.1
NP_214677.1	YP_177617.1
NP_214680.1	NP_214681.1	NP_214682.1	YP_177701.1	NP_214684.1	NP_214685.1	NP_214686.1	NP_214687.1	NP_214688.1
NP_214691.1	NP_214692.1
NP_214693.1	NP_214694.1
NP_214695.1	NP_214696.1
NP_214697.2	NP_214698.1	NP_214699.1	NP_214700.1
NP_214701.1	NP_214702.1
NP_214704.1	NP_214705.1	NP_214706.1
NP_214708.1	NP_214709.1	NP_214710.1	NP_214711.1
NP_214713.1	NP_214714.1
NP_214715.1	NP_214716.1
NP_214720.1	NP_214721.1	NP_214722.1
NP_214723.1	NP_214724.1	NP_214725.1
NP_214726.1	NP_214727.1
NP_214728.1	NP_214730.1
NP_214732.1	NP_214733.1	NP_214734.1	NP_214735.1	NP_214736.1
NP_214737.1	NP_214738.1
NP_214740.1	NP_214741.1
NP_214743.2	NP_214744.1
NP_214745.1	NP_214746.1	NP_214747.1
NP_216247.2	NP_214749.1
YP_177702.1	NP_214752.1
NP_214753.1	NP_214754.1
NP_214755.1	NP_214756.1
NP_214759.1	NP_214760.1
NP_214761.1	NP_214762.1	NP_214763.1	NP_214764.1	NP_214765.1
NP_214766.1	NP_214767.1
NP_214768.1	YP_177703.1	YP_177704.1
NP_214773.1	NP_214774.1
NP_214776.1	NP_214777.1	NP_214778.1	YP_177705.1
NP_214782.1	NP_214783.1
NP_214785.1	NP_214786.1	NP_214787.1
NP_214791.1	YP_177707.1	YP_177708.1
NP_214795.1	NP_214796.1
NP_214798.1	YP_177710.1
NP_214801.1	NP_214802.1	NP_214803.1
NP_214805.1	NP_214806.1
NP_214809.1	YP_177712.1
NP_214812.1	NP_214813.1	NP_214814.1	NP_214815.1	NP_214816.1	NP_214817.1
YP_177714.1	YP_177715.1
NP_214822.1	NP_214823.1
NP_214825.1	NP_214826.1	NP_214827.1
NP_214829.1	NP_214830.1
NP_214831.1	YP_177716.1
NP_214834.1	NP_214835.1	NP_214836.1
NP_214838.1	NP_214839.1	NP_214840.1
NP_214843.1	NP_214844.1
NP_214845.1	NP_214846.1	NP_214847.1
NP_214851.1	NP_214852.1	NP_214853.1
NP_214854.1	NP_214855.1	NP_214856.1	NP_214857.1
NP_214861.1	NP_214862.1	NP_214863.1
NP_214864.1	NP_214865.1	YP_177719.1	NP_214867.1
YP_177720.1	YP_177721.2	NP_214870.1	NP_214871.1
NP_214872.1	NP_214873.1
NP_214875.1	NP_214876.1
NP_214880.1	NP_214881.1
NP_214885.1	NP_214886.1	NP_214887.1	NP_214888.1	NP_214889.1
NP_214891.1	NP_214892.1	YP_177722.1
NP_214895.1	YP_177723.1	NP_214897.1	NP_214898.1
NP_214899.1	NP_214900.1	NP_214903.1	NP_214904.1	NP_214905.1
NP_214909.1	NP_214910.1	NP_214911.1	YP_004837048.2
NP_214912.1	NP_214913.1	NP_214914.1
NP_214916.1	NP_214917.1
NP_214918.1	NP_214919.1
NP_214921.1	NP_214922.1	NP_214923.1
NP_214924.1	NP_214925.1	NP_214926.1
NP_214929.1	NP_214930.1	NP_214931.1
NP_214935.1	NP_214936.1	NP_214937.1
NP_214941.1	NP_214942.1
NP_214944.1	NP_214945.1	NP_214946.1
NP_214947.1	NP_214948.1
NP_214949.1	NP_214950.1	NP_214951.1	YP_177725.1	NP_214953.1
NP_214955.1	YP_177726.2
NP_214958.1	NP_214959.1	NP_214960.1	NP_214961.1	NP_214962.1	NP_214963.1	NP_214964.1	NP_214965.1
NP_214966.1	YP_177727.1
NP_214969.1	NP_214970.1	YP_177621.1	YP_007409102.1	NP_214971.1
NP_214972.1	NP_214973.1	NP_214974.1	NP_214975.1	NP_214976.1	NP_214977.1
NP_214978.1	NP_214979.1
NP_214980.1	YP_177728.1	NP_214982.1	YP_177729.1
YP_177730.1	YP_177622.1	NP_214985.1	NP_214986.1
NP_214988.1	NP_214989.1	NP_214990.1
NP_214991.1	NP_214992.1
NP_214993.1	NP_214994.2	NP_214995.1
NP_214996.1	NP_214997.1
NP_214999.1	NP_215000.1	NP_215001.1
YP_177731.1	NP_215004.1	NP_215005.1
NP_215006.2	YP_177623.1	NP_215007.1
NP_215011.1	NP_215012.1	NP_215013.1	NP_215014.1
NP_215050.2	NP_215016.1
NP_215017.1	NP_215018.1	YP_177732.1
NP_215023.1	NP_215024.1	YP_177733.1	NP_215026.1	NP_215027.1	NP_215028.1	NP_215029.1
NP_215031.1	NP_215032.1
NP_215040.1	YP_177735.1	NP_215042.1	NP_215041.2
NP_215045.1	YP_177736.1
NP_215047.1	NP_215048.1
NP_215049.1	YP_177737.1
NP_215052.1	NP_215053.1	NP_215054.1
NP_215055.1	NP_215056.1
NP_215057.1	NP_215058.1
NP_215059.1	NP_215060.1
NP_215061.1	NP_215062.1
NP_215063.1	NP_215064.1
NP_215067.1	NP_215068.1	NP_215069.1
NP_215071.1	YP_177738.1
NP_215073.1	NP_215074.1	NP_215075.1
NP_215076.1	NP_215077.1
NP_215078.1	NP_215079.1	NP_215080.1
NP_215081.1	NP_215082.1	NP_215083.1	NP_215084.1
NP_215085.1	NP_215086.1	NP_215087.1	NP_215088.1	NP_215089.1
NP_215090.1	NP_215091.1
NP_215095.1	NP_215096.1
NP_215100.1	NP_215101.1	NP_215102.1
YP_177740.1	NP_215105.1	NP_215106.1	NP_215107.1	NP_215108.1
NP_215110.1	NP_215111.1
NP_215112.1	NP_215113.1
NP_215114.2	NP_215115.1	NP_215116.1
NP_215117.1	NP_215118.1	NP_215119.2	NP_215121.1	NP_215122.1	NP_215123.1	YP_177628.1
NP_215124.1	NP_215125.2
NP_215128.2	NP_215129.1
YP_007409270.1	NP_215131.1	NP_215134.1	NP_215135.1	NP_215136.2
NP_215140.1	NP_215141.1
NP_215142.1	NP_215143.1	NP_215144.1	NP_215145.1
YP_177629.1	YP_177630.1	NP_215149.1	NP_215150.1	NP_215151.1
YP_177743.1	NP_215153.1	NP_215154.1	NP_215155.1
NP_215158.1	NP_215159.1	NP_215160.1	NP_215161.1
NP_215162.1	YP_177744.1	NP_215164.1
NP_215165.1	NP_215166.1
NP_215168.1	NP_215169.1
NP_215170.1	NP_215171.1
NP_215172.1	NP_215173.1	NP_215174.1	NP_215175.1	NP_215176.2
NP_215179.1	NP_215180.1
NP_215181.1	NP_215182.1
NP_215186.1	NP_215187.1
NP_215190.1	NP_215191.1
NP_215193.1	NP_215194.1
NP_215196.1	NP_215197.1	YP_177746.1	NP_215199.1
NP_215201.1	NP_215202.1
NP_215203.1	NP_215204.1	NP_215205.1
NP_215214.1	NP_215215.1	NP_215216.1	NP_215217.1	NP_215218.1	NP_215219.1
NP_215220.1	NP_215221.1
NP_215222.1	NP_215223.1	NP_215224.1
NP_215228.1	NP_215229.1	NP_215230.1
NP_215232.1	NP_215233.1	NP_215234.1	NP_215235.1	NP_215236.1	NP_215237.1	NP_215238.1
NP_215239.1	NP_215240.1
NP_215241.1	NP_215242.1
NP_215243.1	NP_215244.1
NP_215246.1	NP_215247.1	YP_177748.1
NP_215249.1	NP_215250.1
NP_215251.1	NP_215252.1
NP_215253.1	NP_215254.1	YP_177749.1
NP_215257.1	NP_215258.1
NP_215259.1	YP_177750.1	YP_177751.1
NP_215262.1	NP_215263.1
NP_215265.1	NP_215266.1	NP_215267.1
YP_177753.1	NP_215270.1
NP_215271.1	NP_215272.1
NP_215273.3	NP_215274.1
YP_177754.1	NP_215276.1
NP_215277.1	NP_215278.1
NP_215279.1	NP_215280.1
NP_215282.1	NP_215283.1	NP_215284.1	NP_215285.1	NP_215286.1
NP_215287.1	NP_215288.2
NP_215291.1	NP_215292.1
NP_215298.1	NP_215299.1
YP_177755.1	NP_215303.1
NP_215304.1	NP_215305.1	NP_215306.1	NP_215307.1
NP_215313.1	NP_215314.1
NP_215315.1	NP_215316.1
NP_215318.1	NP_215319.1	NP_215320.1
NP_215322.1	NP_215323.1	NP_215324.1
NP_215325.1	NP_215326.1
NP_215328.1	NP_215329.1	NP_215330.1	NP_215331.1	NP_215332.1
NP_215333.1	NP_215334.1	NP_215335.1
NP_215336.1	NP_215337.1	NP_215338.1	YP_177758.1	NP_215340.1
NP_215342.1	NP_215343.1
YP_177759.1	YP_177760.1
NP_215351.1	NP_215352.1
NP_215353.1	NP_215354.1
YP_177634.1	NP_215357.1	NP_215358.1
NP_215362.1	YP_177762.1	NP_215364.1
NP_215369.1	NP_215370.1	NP_215371.1	NP_215372.2
NP_215374.1	NP_215375.1
NP_215376.3	NP_215377.1
NP_215378.2	NP_215379.1	NP_215380.1	NP_215381.1
NP_215382.1	NP_215383.1	NP_215384.1	NP_215385.1
NP_215389.1	NP_215390.1	NP_215391.1
YP_177764.1	NP_215394.1
NP_215395.1	NP_215396.1	NP_215397.1
NP_215398.1	NP_215399.1
NP_215400.1	NP_215401.1
NP_215404.1	NP_215405.1	NP_215406.1
NP_215409.1	NP_215410.1	NP_215411.1
NP_215412.1	NP_215413.1
NP_215414.1	NP_215415.1	NP_215416.1
NP_215417.1	NP_215418.1	NP_215419.1
NP_215420.1	NP_215421.1	NP_215422.1
NP_215423.1	NP_215424.1
NP_215428.1	NP_215429.1	YP_177765.1	YP_177766.1
NP_215432.1	NP_215433.1	NP_215434.1
NP_215436.1	NP_215437.1
NP_215438.1	YP_177767.1
NP_215440.1	NP_215441.1	NP_215442.1
YP_177768.1	NP_215444.1	NP_215445.2
NP_215446.1	YP_177769.1
NP_215448.1	YP_177770.1	YP_177771.1	NP_215451.1
NP_215453.1	NP_215454.1
NP_215455.1	NP_215456.1
NP_215459.1	NP_215460.1
NP_215461.1	NP_215463.1
NP_215466.1	NP_215467.1
NP_215469.1	NP_215470.1	NP_215471.1	NP_215472.1	NP_215473.1	NP_215474.1
YP_007409620.1	NP_215475.1
NP_215477.1	NP_215478.1	NP_215479.1	NP_215480.1	NP_215481.2
NP_215482.1	NP_215483.1	NP_215484.3	NP_215485.1
NP_215486.1	NP_215487.1	NP_215488.1	NP_215489.1
YP_177774.1	NP_215494.2
NP_215496.2	NP_215497.1	NP_215498.1	NP_215499.1
NP_215501.1	NP_215502.1	NP_215503.1
NP_215504.1	NP_215505.1	NP_215506.1	NP_215507.1
NP_215508.1	YP_177776.1	NP_215510.1
NP_215513.1	NP_215514.1
NP_215520.1	NP_215521.1
NP_215526.1	NP_215527.1
NP_215528.1	NP_215529.1
NP_215530.1	NP_215531.1	NP_215532.1
NP_215533.1	NP_215534.1
NP_215535.1	NP_215536.1	NP_215537.1
NP_215539.1	NP_215540.1	NP_215541.1	NP_215542.1
NP_215543.1	NP_215544.1
YP_177636.1	NP_215545.1	NP_215546.1	NP_215547.1
NP_215548.1	NP_215549.1
NP_215553.1	NP_215554.1	YP_177778.1	YP_177779.1
NP_215557.1	NP_215558.1
NP_215560.1	NP_215561.1	NP_215563.1
NP_215565.1	NP_215566.1
NP_215568.1	NP_215572.1	NP_215573.1
NP_215574.1	NP_215575.1	NP_215576.1
NP_215577.1	NP_215578.1
NP_215579.1	NP_215580.1
NP_215581.1	NP_215582.1
YP_177780.1	YP_177781.1
NP_215585.1	NP_215586.1	NP_215587.1
NP_215588.1	NP_215589.1
NP_215590.1	NP_215591.1
NP_215592.1	YP_177782.1	NP_215594.1	NP_215595.1
NP_215596.1	NP_215597.1
NP_215598.1	NP_215599.1	NP_215600.1
NP_215602.1	YP_177783.1	YP_177784.1
YP_009030029.1	YP_177786.1
YP_177787.3	NP_215610.1	NP_215611.1	NP_215612.1
NP_215613.1	NP_215614.1	NP_215615.3
NP_215618.1	NP_215619.1
NP_215623.1	NP_215624.1	NP_215625.1
NP_215629.1	NP_215630.1
NP_215634.1	NP_215635.1	NP_215636.1
YP_177789.1	NP_215638.1
NP_215640.1	NP_215641.1
NP_215642.1	NP_215643.1	NP_215644.1	NP_215645.1
NP_215646.1	NP_215647.1	NP_215648.1
NP_215654.1	NP_215655.1
NP_215657.1	NP_215658.1
NP_215659.1	NP_215660.1	NP_215661.1	NP_215662.1	NP_215663.1
NP_215669.1	NP_215670.1
NP_215671.1	YP_009030031.1	NP_215672.1
NP_215673.1	NP_215674.1
NP_215677.1	NP_215678.1	NP_215679.1	NP_215680.1
NP_215681.1	NP_215682.1
NP_215683.1	YP_177791.1	YP_177792.1
NP_215686.1	NP_215687.2
NP_215690.1	NP_215691.1	NP_215692.1
NP_215693.1	NP_215694.1
NP_215696.1	NP_215697.1	NP_215698.1	NP_215699.1
NP_215700.1	NP_215701.1	NP_215702.1
NP_215703.1	NP_215704.1	NP_215705.1	NP_215706.1
NP_215707.1	NP_215708.1	NP_215709.1
YP_177794.1	YP_177795.1	NP_215713.1	NP_215714.1
NP_215719.1	NP_215720.1
NP_215723.1	NP_215724.1
NP_215726.1	NP_215727.1
YP_177797.1	NP_215731.1	NP_215732.1
NP_215733.1	NP_215734.1	NP_215735.1
NP_215737.1	NP_215738.1	NP_215739.2	NP_215740.1
NP_215741.1	NP_215742.1	NP_215743.1
NP_215744.1	YP_009030032.1
NP_215745.1	NP_215746.1	NP_215747.1	NP_215748.1
NP_215751.1	NP_215752.1	NP_215753.1	NP_215754.1
NP_215756.1	NP_215757.1	NP_215758.1
NP_215761.1	NP_215762.1	NP_215763.1
NP_215764.2	NP_215765.1
NP_215767.1	NP_215768.1
NP_215769.1	NP_215770.1
NP_215771.1	NP_215772.1	NP_215773.1	NP_215774.1
NP_215775.1	NP_215776.1
NP_215777.1	NP_215778.1
NP_215779.1	NP_215780.1	NP_215781.1
NP_215782.1	NP_215783.1
NP_215786.1	NP_215787.1	NP_215788.1	NP_215789.1
NP_215790.1	NP_215791.1
NP_215793.1	NP_215794.1	NP_215795.1
NP_215796.1	NP_215797.1	NP_215798.1	NP_215799.1
NP_215800.1	NP_215801.1	NP_215802.1
NP_215804.1	NP_215805.1
NP_215809.1	NP_215810.1	NP_215811.1	NP_215812.1
NP_215814.1	NP_215815.1	NP_215816.1
NP_215817.1	NP_215818.1
NP_215819.1	NP_215820.1	NP_215821.1	NP_215822.1	NP_215823.1	NP_215824.1	NP_215825.1	NP_215826.1	NP_215827.1	NP_215828.1
NP_215829.1	NP_215830.1
NP_215832.1	NP_215833.1
NP_215834.1	NP_215835.1	NP_215836.1
NP_215837.1	NP_215838.1
NP_215839.1	NP_215840.1
YP_177799.1	NP_215842.1	NP_215843.2
NP_215845.1	NP_215846.2
NP_215847.1	NP_215848.1	NP_215849.1
NP_215850.1	NP_215851.1	NP_215852.1
NP_215854.1	NP_215855.1	NP_215856.1	NP_215857.1
YP_177800.1	NP_215859.1
NP_215860.1	NP_215861.1	NP_215862.1
NP_215864.1	NP_215865.1
NP_215866.1	NP_215867.1	NP_215868.1
NP_215870.1	NP_215871.1	NP_215872.1	NP_215873.1
NP_215874.1	NP_215875.1	NP_215876.1
YP_177801.1	NP_215878.1	NP_215879.1	YP_177802.1	NP_215881.1
NP_215882.1	YP_004837053.2
NP_215884.1	NP_215887.1	YP_177803.1	NP_215889.1
NP_215891.1	NP_215892.1
NP_215893.1	NP_215894.1
NP_215895.1	NP_215896.1	NP_215897.1
NP_215899.1	YP_177804.1
YP_177805.1	YP_177806.1
NP_215904.1	NP_215905.1	NP_215906.1	NP_215907.1	NP_215908.1
NP_215909.1	YP_177807.1
NP_215913.1	NP_215914.1	NP_215915.1	NP_215916.1
NP_215917.1	NP_215918.1
NP_215922.1	NP_215923.1	NP_215924.1	NP_215925.1
NP_215926.1	NP_215927.1
NP_215929.1	NP_215930.1
NP_215931.1	NP_215932.2
NP_215934.1	NP_215935.1
NP_215936.1	NP_215937.1	NP_215938.1	NP_215939.1
NP_215942.1	NP_215943.1	NP_215944.1
YP_177810.1	NP_215947.1	NP_215948.1	NP_215949.1	NP_215950.1
NP_215952.1	NP_215953.1	NP_215954.1
NP_215959.1	NP_215960.1
NP_215961.1	NP_215962.1	NP_215963.1
NP_215964.1	NP_215965.1	YP_177812.1
NP_215972.1	NP_215973.1	NP_215974.1	NP_215975.1
NP_215976.2	NP_215977.1	NP_215978.1	NP_215979.1
NP_215980.1	NP_215981.1	NP_215982.1
NP_215983.1	YP_177814.1
NP_215985.1	NP_215986.1	YP_177815.1	NP_215988.1	NP_215989.1	YP_177644.1
NP_215990.1	NP_215991.1
NP_215992.1	NP_215993.1	NP_215994.1
YP_177816.1	NP_215996.1	NP_215997.1
NP_215999.1	NP_216000.1	NP_216001.1
NP_216003.1	NP_216004.1	YP_177645.1	YP_177646.1	NP_216006.1
NP_216008.1	NP_216009.1
NP_216010.1	NP_216011.1
NP_216012.1	NP_216013.1
NP_216014.1	YP_177647.1
NP_216015.2	NP_216016.1	NP_216017.1	NP_216018.1
NP_216021.1	NP_216022.1	NP_216023.1
YP_177649.1	NP_216025.1	NP_216026.1
NP_216027.1	NP_216028.1	NP_216029.1
NP_216030.1	NP_216031.1	NP_216032.2
NP_216035.1	NP_216036.3	NP_216037.1
NP_216039.1	NP_216040.1	NP_216041.1
NP_216042.1	NP_216043.1	NP_216044.1
NP_216045.1	NP_216046.1	NP_216047.1
NP_216049.1	NP_216050.1
NP_216051.1	NP_216052.1	NP_216053.3
NP_216055.1	NP_216056.1
NP_216057.1	NP_216058.1
NP_216059.1	NP_216060.1	NP_216061.1	NP_216062.1
NP_216067.1	NP_216068.1	NP_216069.1	NP_216070.1	NP_216071.1
NP_216074.1	NP_216075.1
NP_216076.1	NP_216077.1
YP_177819.1	YP_177820.1	YP_177821.1	NP_216081.1	NP_216082.1
NP_216084.1	YP_177822.1	NP_216086.1
NP_216087.1	NP_216089.1
NP_216092.1	NP_216093.1	NP_216094.1	NP_216095.1	NP_216096.1	NP_216097.1	NP_216098.1
NP_216105.1	NP_216106.1	NP_216107.1
NP_216108.1	NP_216109.1
NP_216110.1	NP_216111.1	NP_216112.1	NP_216113.1
NP_216115.1	YP_177823.1	NP_216117.1	NP_216118.1	NP_216119.1
NP_216121.1	NP_216638.2
NP_216126.1	NP_216127.1	NP_216128.1	NP_216129.1	NP_216130.1
NP_216131.1	NP_216132.1
NP_216133.1	NP_216134.1	NP_216135.1
NP_216136.1	NP_216137.1	NP_216138.1	YP_177824.1	NP_216140.1	NP_216141.2
NP_216143.1	NP_216144.1
NP_216145.1	NP_216146.1	NP_216147.1
NP_216149.3	NP_216150.1
YP_177650.1	NP_216155.1	NP_216156.1
NP_216157.1	NP_216158.1	NP_216159.1	NP_216160.1
NP_216163.1	NP_216164.1	NP_216165.3	NP_216166.1
NP_216168.1	NP_216169.1	NP_216170.1	NP_216171.1	NP_216172.1
NP_216173.1	NP_216174.1	NP_216175.1
NP_216177.1	NP_216178.1	NP_216179.1	NP_216180.1	NP_216181.1
NP_216185.1	NP_216186.1	NP_216187.1
NP_216188.1	NP_216189.1	NP_216190.1	NP_216191.1
NP_216193.1	NP_216194.1	NP_216195.1
NP_216198.1	NP_216199.1
NP_216201.1	NP_216202.1	NP_216203.1
NP_216207.1	NP_216208.1	NP_216209.1
NP_216210.1	NP_216211.1	NP_216212.1
NP_216213.1	NP_216214.1
NP_216215.1	NP_216216.1	NP_216217.1
NP_216218.1	NP_216219.4	NP_216220.1
YP_177827.1	YP_177828.1	YP_177651.1
NP_216223.1	NP_216224.1	NP_216225.1	NP_216226.1	NP_216227.1
NP_216228.1	NP_216229.1
YP_177829.1	NP_216232.1	NP_216233.1
NP_216236.1	NP_216237.2
NP_216238.1	NP_216239.1
NP_216240.1	NP_216241.1
NP_216242.1	NP_216243.1
NP_216244.1	NP_216245.1	NP_216246.1
NP_216248.1	NP_216249.1
NP_216250.1	NP_216251.1	YP_009030033.1	NP_216252.1	NP_216253.1
NP_216256.1	NP_216257.1	NP_216258.1	NP_216259.1
NP_216260.1	NP_216261.1
NP_216262.1	NP_216263.1	NP_216264.1
NP_216265.1	NP_216266.1
NP_216267.1	NP_216268.1
YP_177830.1	NP_216270.1
NP_216277.1	NP_216278.1	NP_216281.1
NP_216282.2	NP_216283.1	YP_177832.1	NP_216285.1	NP_216286.1	NP_216287.1
NP_216290.1	NP_216291.1
NP_216294.1	NP_216295.1
NP_216298.1	YP_007410461.1
YP_177835.1	YP_177836.1
YP_177837.1	YP_177838.1	NP_216310.1
NP_216311.1	NP_216312.1	NP_216313.1
YP_177839.1	YP_177840.1
YP_177842.1	NP_216320.1	NP_216321.1
YP_177843.1	YP_177844.1	YP_177845.1
NP_216326.1	NP_216327.1
NP_216328.1	NP_216329.1
NP_216330.1	NP_216331.1	NP_216332.1	NP_216333.1
YP_177846.1	NP_216335.1
NP_216337.1	NP_216338.1
NP_216339.1	NP_216340.1	NP_216341.1	NP_216342.1	NP_216343.1	NP_216344.1	NP_216345.1	NP_216346.1	NP_216347.1	NP_216348.1
NP_216354.1	NP_216355.1
NP_216357.1	NP_216358.1
NP_216359.1	YP_177848.1
NP_216361.1	NP_216362.1
NP_216364.1	NP_216365.1	NP_216366.1	NP_216367.1	NP_216368.1	NP_216369.1
NP_216370.1	NP_216371.1	NP_216372.1
NP_216373.1	NP_216374.1	NP_216375.1
NP_216379.1	NP_216380.1	NP_216381.1
NP_216382.3	NP_216383.1	NP_216384.1
NP_216385.1	NP_216386.1	NP_216387.1	NP_216388.1
NP_216389.1	NP_216390.3
NP_216391.1	NP_216392.1	NP_216393.1
NP_216394.1	NP_216395.1
NP_216398.1	NP_216399.1
NP_216400.1	NP_216401.1	NP_216402.1
NP_216407.1	NP_216408.1	NP_216409.1
NP_216412.1	NP_216413.1
NP_216415.1	NP_216416.1
NP_216419.1	NP_216420.1
NP_216426.1	NP_216427.1	NP_216428.1
NP_216431.1	NP_216432.1
YP_177655.1	YP_177850.1	NP_216435.1
NP_216438.1	NP_216439.1
NP_216444.1	NP_216445.1	NP_216446.1	NP_216447.1
NP_216449.1	NP_216450.1	NP_216451.1
NP_216452.1	NP_216453.1	NP_216454.1
NP_216455.1	YP_177851.1	NP_216457.1
NP_216458.1	NP_216459.1	NP_216460.1
NP_216464.1	NP_216466.1	NP_216467.1
NP_216468.1	NP_216469.1
NP_216471.2	NP_216472.1	NP_216473.1
NP_216474.1	NP_216475.1	NP_216476.1
NP_216478.1	YP_007410641.1	NP_216479.1
NP_216480.1	NP_216481.1	YP_177852.1	NP_216483.1	NP_216484.1	NP_216485.1	NP_216486.1	NP_216487.1	NP_216488.1
NP_216493.1	NP_216494.1
NP_216495.2	NP_216496.1	YP_177853.1	NP_216498.1	YP_004837054.1
NP_216502.1	NP_216503.1	NP_216504.1
NP_216505.1	NP_216506.1
NP_216507.1	YP_007410673.1
NP_216508.1	NP_216509.1	NP_216510.1
NP_216511.1	NP_216512.1	NP_216513.1
NP_216514.1	NP_216515.1
NP_216516.1	NP_216517.1	NP_216518.1
NP_216519.1	NP_216520.1	NP_216521.1
NP_216523.1	NP_216524.1
NP_216525.1	NP_216526.1
NP_216532.1	NP_216533.1	NP_216534.1	NP_216535.1
NP_216537.1	NP_216538.1
NP_216542.1	NP_216543.1	NP_216544.1	NP_216545.1	NP_216546.1
NP_216550.1	NP_216551.1	NP_216552.1
NP_216553.1	NP_216554.1
NP_216555.1	NP_216556.1	NP_216557.1
NP_216558.1	NP_216559.1	NP_216560.1
NP_216563.1	NP_216564.2	NP_216565.1
NP_216567.1	NP_216568.1	NP_216569.1
NP_216571.1	NP_216572.1	YP_177856.1	NP_216574.1
NP_216575.1	NP_216576.1
NP_216577.1	NP_216578.1
YP_177657.1	YP_004837055.2
NP_216580.1	NP_216581.1	NP_216582.1
NP_216583.1	NP_216584.1
NP_216586.1	NP_216587.1	NP_216588.1	NP_216589.1
NP_216591.1	NP_216592.1
NP_216593.1	YP_177658.1
NP_216594.1	NP_216595.1	NP_216596.1
NP_216598.1	NP_216599.1	NP_216600.1
NP_216601.1	NP_216602.2	NP_216604.1
NP_216608.1	NP_216609.1	NP_216610.1
NP_216611.1	NP_216612.1
NP_216616.1	NP_216617.2	NP_216618.1
NP_216619.1	NP_216620.1	YP_009030035.1
YP_177858.1	YP_177859.1
NP_216625.1	NP_216626.1	NP_216627.1	NP_216628.1
NP_216629.1	NP_216630.1
NP_216632.1	NP_216633.1
NP_216636.1	NP_216637.1	YP_177860.1
YP_177863.1	NP_216644.1
NP_216645.1	NP_216646.1	NP_216647.1
NP_216649.1	NP_216650.1	NP_216651.1	NP_216652.1
NP_216654.1	NP_216655.1
NP_216656.1	YP_177864.1	NP_216658.1	YP_007410825.1
NP_216661.1	NP_216662.1	NP_216663.1	NP_216664.1	NP_216665.1	NP_216666.1	NP_216667.1	NP_216668.1	NP_216669.1	NP_216670.1	NP_216671.3	NP_216672.1	NP_216673.1	NP_216674.1
NP_216679.1	NP_216680.1	NP_216681.4	NP_216682.1
NP_216686.1	NP_216687.1
NP_216689.1	NP_216690.1
NP_216693.1	NP_216694.1	NP_216695.1	NP_216696.1
NP_216698.1	NP_216699.1	NP_216700.1
NP_216701.1	NP_216702.1
NP_216704.2	NP_216705.1	NP_216706.1
NP_216709.1	NP_216710.1	NP_216711.1	NP_216712.1
NP_216713.1	NP_216714.1
NP_216715.1	NP_216716.1
NP_216720.1	NP_216721.2
NP_216722.2	NP_216723.1	NP_216724.1	NP_216725.1
NP_216726.1	NP_216727.1
NP_216728.1	NP_216729.1
NP_216731.1	NP_216732.1
NP_216733.1	NP_216734.1	NP_216735.1
NP_216737.1	NP_216738.1	NP_216739.1	NP_216740.1	YP_009030036.1
NP_216741.1	NP_216742.1	NP_216743.1
NP_216744.1	NP_216745.1	NP_216746.1	NP_216747.1
NP_216748.2	NP_216750.1	NP_216751.1
YP_004837056.2	NP_216754.1	NP_216755.1	NP_216756.2
NP_216759.1	NP_216760.1	NP_216761.1	NP_216762.1	NP_216763.1
NP_216765.1	NP_216766.2
NP_216767.1	NP_216768.1	NP_216769.1
NP_216770.1	YP_009030037.1
NP_216772.1	NP_216773.1	NP_216774.1
NP_216775.1	NP_216776.1	NP_216779.1
NP_216781.1	NP_216782.1
NP_216783.1	NP_216784.1	NP_216785.1
NP_216786.1	NP_216787.1	NP_216788.1	NP_216789.1
NP_216790.1	YP_007410963.1
NP_216791.1	NP_216792.1
NP_216799.1	NP_216800.1	NP_216801.1
NP_216803.1	NP_216804.1
NP_216805.1	NP_216806.1	NP_216807.1
NP_216808.1	NP_216809.1
NP_216810.1	NP_216811.1	NP_216812.1	NP_216813.1	NP_216814.1
NP_216815.1	NP_216816.1
NP_216817.2	NP_216818.1
NP_216819.1	NP_216820.1
NP_216823.1	YP_177665.1
NP_216824.1	YP_009030038.1
NP_216826.1	NP_216827.1	NP_216828.1
NP_216829.1	NP_216830.1	NP_216831.1
NP_216832.1	YP_177866.1	NP_216834.1
NP_216835.1	NP_216836.1	NP_216839.1
NP_216841.1	NP_216842.1
NP_216843.1	YP_177867.1
NP_216845.1	NP_216846.1
NP_216847.1	YP_177669.1	NP_216848.2
YP_177868.1	NP_216851.1	NP_216852.1
NP_216853.1	NP_216854.1
NP_216857.1	NP_216858.1
NP_216859.1	NP_216860.1
NP_216862.1	NP_216863.1
NP_216865.1	NP_216866.1	NP_216867.1	YP_177870.1	YP_177871.1
NP_216874.1	NP_216875.1
NP_216876.1	NP_216877.1	NP_216878.1
YP_177873.1	NP_216881.1	NP_216882.1	NP_216883.1	YP_177874.1
NP_216888.1	NP_216889.1	NP_216890.1
NP_216893.1	NP_216894.1	NP_216895.1	NP_216896.3	NP_216897.1	NP_216898.1	NP_216899.1
NP_216900.1	YP_177876.1
YP_009030039.1	NP_216903.1
NP_216904.1	NP_216905.1	NP_216906.1
NP_216907.1	NP_216908.1	NP_216909.1	NP_216910.1
NP_216911.1	YP_007411091.1
YP_177879.1	NP_216914.1	NP_216915.1	NP_216916.1
NP_216919.1	NP_216920.1
NP_216923.1	YP_177880.2
NP_216925.1	NP_216926.1	NP_216927.1
NP_216929.3	NP_216930.1	NP_216931.1	NP_216932.2	NP_216933.1
NP_216935.1	NP_216936.1	NP_216937.1
NP_216938.1	NP_216939.1
NP_216940.1	NP_216941.1	NP_216942.1	NP_216943.1
NP_216944.1	NP_216945.1
YP_177881.1	YP_177882.1
NP_216948.1	NP_216949.1	NP_216950.1	NP_216951.1
NP_216952.1	NP_216953.1
NP_216955.1	NP_216956.1	NP_216957.1	NP_216958.1
NP_216960.1	NP_216961.1	NP_216962.1
NP_216963.1	NP_216964.1
NP_216968.1	NP_216969.1	NP_216970.1	NP_216971.1
NP_216974.1	NP_216975.1
NP_216976.1	YP_177883.1	NP_216978.1
NP_216980.1	YP_177884.1	NP_216982.1
NP_216984.1	YP_007411168.1	NP_216985.1
NP_216986.1	NP_216987.1
NP_216990.1	NP_216991.1	NP_216992.1
NP_216993.1	NP_216994.1
NP_216998.1	NP_216999.1	NP_217000.1	NP_217001.1
NP_217004.1	NP_217005.1
YP_177887.1	YP_009030040.1
NP_217007.1	NP_217008.1
NP_217009.1	NP_217010.1
NP_217011.1	NP_217012.1	NP_217013.1
NP_217016.1	NP_217017.1	NP_217018.1
NP_217019.1	NP_217020.1	NP_217021.1
NP_217022.1	NP_217023.1
YP_009030041.1	NP_217029.1
NP_217030.1	NP_217031.1
NP_217032.2	NP_217033.1	NP_217034.1
NP_217038.1	NP_217039.1	NP_217040.1	NP_217041.1
NP_217042.1	NP_217043.1
NP_217046.1	YP_177672.1
NP_217049.1	NP_217050.1	NP_217051.1
NP_217053.1	NP_217054.1	NP_217055.1	NP_217056.1
NP_217057.1	NP_217058.1	NP_217059.1	NP_217060.1
NP_217062.1	NP_217063.1	NP_217064.1
NP_217065.1	NP_217066.1
NP_217067.1	NP_217068.1	NP_217069.1	NP_217070.1	NP_217071.1	NP_217072.1
NP_217073.1	NP_217074.1
NP_217079.1	NP_217080.1	NP_217081.1
NP_217082.1	NP_217083.1
NP_217084.1	NP_217085.1
NP_217087.1	NP_217088.1
NP_217089.3	NP_217090.1	NP_217091.1
NP_217096.1	NP_217097.1
NP_217099.1	NP_217100.1	NP_217101.1
NP_217102.1	NP_217103.1	NP_217104.1
NP_217105.1	NP_217106.1	YP_177891.1
NP_217108.1	NP_217109.1	NP_217110.1
NP_217111.1	NP_217112.1	NP_217113.1	NP_217114.1	NP_217115.1
NP_217116.1	YP_177892.1
YP_177673.1	NP_217118.1
NP_217119.1	NP_217120.1
NP_217121.1	NP_217122.1
NP_217123.1	YP_177893.1
NP_217125.1	NP_217126.1	NP_217127.1	YP_177894.1	NP_217129.1	NP_217130.1
NP_217135.1	NP_217136.1	NP_217137.1
NP_217138.1	NP_217139.1
NP_217140.1	NP_217141.1	NP_217142.1	NP_217143.1
NP_217144.1	NP_217145.1	NP_217146.1	NP_217147.2
NP_217148.1	NP_217149.1	YP_177896.1
NP_217151.1	NP_217152.1	NP_217153.1	NP_217154.1
NP_217155.1	NP_217156.1
NP_217157.1	NP_217158.1	NP_217159.1
NP_217161.1	NP_217162.1	NP_217163.2
NP_217166.1	NP_217167.1	NP_217168.1	NP_217169.1
NP_217178.1	NP_217179.1	NP_217180.1
NP_217184.1	NP_217185.1
NP_217187.1	NP_217188.1	NP_217189.1	NP_217190.1
NP_217192.1	YP_177675.1	NP_217194.1
NP_217195.1	NP_217196.1	NP_217197.1
NP_217199.1	NP_217200.1	YP_177899.1
NP_217202.1	NP_217203.1	NP_217204.1	NP_217205.1	NP_217206.1
YP_177900.1	YP_177901.1
NP_217209.1	NP_217210.1
NP_217212.1	NP_217213.1
NP_217218.1	NP_217219.1	NP_217220.1
NP_217221.1	NP_217222.1
NP_217225.1	NP_217226.1	NP_217227.1
NP_217229.1	NP_217230.1	NP_217231.1	NP_217232.1
NP_217233.1	NP_217234.1	NP_217235.1
NP_217238.1	NP_217239.1
NP_217240.1	NP_217241.1	NP_217242.1	NP_217243.1
NP_217246.1	NP_217247.1
NP_217248.1	NP_217249.1
NP_217251.1	NP_217252.1	NP_217253.1	NP_217254.1
NP_217256.1	YP_177902.1
NP_217259.1	YP_177903.1	NP_217261.1	NP_217262.1
NP_217265.1	NP_217266.1	NP_217267.1
NP_217268.1	NP_217269.1	NP_217270.1
NP_217273.1	NP_217274.1	NP_217275.1	NP_217276.1	NP_217277.1
NP_217279.1	NP_217280.1
YP_177905.1	NP_217283.1
NP_217288.1	NP_217289.1	NP_217290.1
NP_217292.1	NP_217293.1	NP_217294.1	NP_217295.2
NP_217297.1	NP_217298.1	NP_217299.1
NP_217301.1	NP_217302.1
NP_217303.1	NP_217304.1
NP_217305.1	NP_217306.3
NP_217307.1	NP_217308.1
NP_217313.1	NP_217314.1
NP_217315.1	NP_217316.1
NP_217317.1	YP_007411507.1	NP_217318.1
NP_217324.1	NP_217325.1	NP_217327.1	NP_217328.1	NP_217329.1
NP_217332.1	NP_217333.1
NP_217335.1	NP_217336.1	NP_217337.1	NP_217338.1	NP_217339.1
NP_217341.1	NP_217342.1	NP_217343.1
NP_217345.1	NP_217346.1
NP_217348.1	NP_217349.1	NP_217350.1	NP_217351.1
NP_217352.1	NP_217353.1	NP_217354.1	NP_217355.1	NP_217356.3	NP_217357.1	NP_217358.1
NP_217359.1	NP_217360.1
NP_215025.2	NP_217364.1	YP_177908.1	NP_217366.1	NP_217367.1	NP_217368.1
YP_177909.1	NP_217370.1	YP_177910.1	NP_217372.1
NP_217373.1	NP_217374.1	NP_217375.1	NP_217376.1	YP_177911.1	NP_217378.1
YP_007411570.1	NP_217379.1
NP_217381.1	NP_217382.1
NP_217383.1	NP_217384.1	NP_217385.1	NP_217386.2
NP_217387.1	NP_217388.1
NP_217389.1	NP_217390.1	NP_217391.1
YP_177912.1	NP_217394.1	NP_217397.1	NP_217398.1	NP_217399.1
NP_217401.1	NP_217402.1
NP_217404.1	NP_217405.1	NP_217406.1
NP_217410.1	NP_217411.1
NP_217412.2	NP_217413.1	NP_217414.1
NP_217415.1	NP_217416.1
NP_217418.1	NP_217419.1	NP_217420.1
NP_217422.1	NP_217423.1	NP_217424.1	NP_217425.1
NP_217428.1	NP_217429.1	NP_217430.1
NP_217431.1	NP_217432.1
NP_217435.1	NP_217436.1
NP_217437.1	NP_217438.2
NP_217440.1	NP_217441.1	NP_217442.1	NP_217443.1
NP_217446.2	NP_217447.1	NP_217448.1	NP_217449.1	NP_217450.1	NP_217451.1
NP_217453.1	NP_217454.1	NP_217455.1
NP_217457.1	NP_217458.1
NP_217459.1	YP_177680.1	NP_217460.1
NP_217461.1	NP_217462.1	NP_217463.1	NP_217464.1
NP_217465.1	NP_217466.3	NP_217467.1
NP_217468.1	NP_217469.1
NP_217470.1	NP_217471.1
NP_217472.1	NP_217473.1
NP_217474.1	NP_217475.1	NP_217476.1
NP_217479.1	NP_217480.1
NP_217481.1	NP_217482.1	NP_217483.1
NP_217484.1	NP_217485.1
YP_177681.1	NP_217487.1
NP_217488.1	NP_217489.1	NP_217490.1	NP_217491.1
NP_217492.1	NP_217493.1	NP_217494.1	NP_217495.1
NP_217497.1	NP_217498.1
NP_217499.1	NP_217500.1	NP_217501.1
NP_217502.1	NP_217503.1	NP_217504.1
YP_177915.1	NP_217509.3
NP_217511.1	YP_177916.1
NP_217513.1	NP_217514.1	NP_217515.1	NP_217516.1
NP_217517.3	NP_217518.1	YP_177917.1
NP_217525.1	NP_217526.1
NP_217527.2	NP_217528.1
NP_217530.1	NP_217531.1
YP_177918.1	NP_217535.1	YP_177919.1	YP_177685.1
NP_217540.1	NP_217541.1
NP_217544.1	NP_217545.1
NP_217546.1	NP_217547.1	NP_217548.1
YP_004837058.1	NP_217549.1
NP_217554.1	NP_217555.1	NP_217556.1	NP_217557.1	NP_217558.1	NP_217559.1
NP_217560.1	NP_217561.1
NP_217565.1	NP_217566.1
NP_217567.1	NP_217568.1	NP_217569.1
NP_217571.1	NP_217572.1
NP_217573.1	NP_217574.1
NP_217576.1	NP_217577.1
NP_217578.1	NP_217579.1
YP_177922.1	NP_217582.1	NP_217583.1
NP_217585.1	NP_217586.1	NP_217587.1
NP_217588.1	NP_217589.1
NP_217592.1	YP_177923.1	NP_217594.1
NP_217595.1	NP_217596.1
NP_217599.1	NP_217600.1	NP_217601.1	NP_217602.1	NP_217603.1	NP_217604.1
NP_217606.1	NP_217607.1
NP_217608.1	NP_217609.1	NP_217610.1
NP_217611.1	NP_217612.1
YP_177924.1	NP_217614.1
NP_217615.1	NP_217616.1	NP_217617.1	NP_217618.1	NP_217619.1
NP_217620.1	NP_217621.1
NP_217624.1	YP_177925.1	YP_177926.1	YP_177927.1	YP_177928.1	NP_217629.1
YP_177929.1	NP_217633.1
YP_177930.1	YP_177931.1	NP_217636.1
YP_177932.1	NP_217642.1
NP_217648.1	NP_217649.1	NP_217650.1
YP_177934.1	YP_177935.1
NP_217655.1	NP_217656.1	NP_217657.1
NP_217661.1	NP_217662.1	NP_217663.1	NP_217664.1	NP_217665.1	NP_217666.1	NP_217667.1	NP_217668.1
NP_217669.1	NP_217670.1	NP_217671.1
NP_217672.1	NP_217673.1	NP_217674.1
NP_217676.1	NP_217677.1	NP_217678.1	NP_217679.1	NP_217680.1	NP_217681.1
NP_217684.1	NP_217685.1	NP_217686.1
NP_217687.1	NP_217688.1	NP_217689.1
NP_217690.1	NP_217691.1
NP_217693.1	NP_217694.1	YP_009030043.1	NP_217695.1
NP_217696.1	NP_217697.1
NP_217698.1	NP_217699.1
NP_217704.1	NP_217705.1
NP_217709.1	NP_217710.1
NP_217711.1	NP_217712.1
YP_177940.1	NP_217714.1
NP_217715.1	NP_217716.1
NP_217717.1	NP_217718.1
YP_009030044.1	NP_217719.1	NP_217720.1
NP_217721.1	YP_177942.1	NP_217723.1
NP_217727.1	NP_217728.1
YP_177944.1	NP_217731.1
NP_217734.1	NP_217735.1
NP_217736.1	NP_217737.1	YP_177945.1
NP_217742.1	NP_217743.1
NP_217744.1	NP_217745.1
YP_177948.1	NP_217747.1	NP_217748.1
NP_217749.1	NP_217751.1
YP_177949.1	NP_217754.1
YP_177950.1	NP_217758.3	NP_217759.1	NP_217760.1
NP_217761.1	NP_217762.1	NP_217763.1
NP_217764.1	NP_217765.1
NP_217772.1	NP_217773.1	NP_217774.1	NP_217775.1
NP_217778.1	NP_217779.1	NP_217780.1
YP_177951.1	YP_177952.3	NP_217783.1
NP_217784.1	NP_217785.3	NP_217786.1	NP_217787.1
NP_217789.1	NP_217790.1
NP_217792.1	NP_217793.1
NP_217795.1	NP_217796.1
NP_217797.1	NP_217798.1
NP_217801.1	NP_217802.1
NP_217803.1	NP_217804.4	NP_217805.1
NP_217807.1	NP_217808.1
NP_217809.1	YP_177953.1
NP_217812.1	NP_217813.1	NP_217814.1
NP_217815.1	NP_217816.1	NP_217817.1	NP_217818.1
NP_217819.1	NP_217820.1
YP_177955.1	YP_177956.1
NP_217824.1	NP_217825.1
NP_217827.1	NP_217828.1
NP_217829.1	YP_009030045.1
NP_217830.1	NP_217831.1	NP_217832.1
NP_217833.1	NP_217834.1	NP_217835.1	NP_217836.1
NP_217837.1	NP_217838.1	YP_177958.1
YP_177959.1	NP_217841.3
NP_217847.1	NP_217848.1	NP_217849.1
NP_217852.1	NP_217853.1	NP_217856.1
NP_217857.1	NP_217858.1	NP_217859.1
YP_177960.1	YP_177961.2	YP_177962.1	NP_217863.1	YP_177963.1
NP_217866.2	YP_177964.1	NP_217868.1	NP_217869.1	NP_217870.2
NP_217872.1	NP_217873.1
NP_217874.1	NP_217875.1	NP_217876.1	NP_217877.1
NP_217878.1	NP_217879.1	NP_217880.1	NP_217881.1	NP_217882.1
NP_217883.1	YP_177965.1
NP_217889.1	NP_217890.1	NP_217892.1	NP_217893.1
NP_217894.1	NP_217895.1	NP_217896.1
YP_177967.1	NP_217900.1	NP_217901.1	NP_217902.1
NP_217903.1	NP_217904.1	YP_177968.1
NP_217907.1	NP_217908.1
NP_217911.1	NP_217912.2
NP_217913.1	NP_217914.1	YP_177970.1
NP_217916.1	NP_217917.1	NP_217918.1
NP_217919.1	NP_217920.1	NP_217921.1	NP_217922.1
NP_217923.1	NP_217924.1	NP_217925.1
NP_217926.1	NP_217927.1	NP_217928.1
NP_217930.1	NP_217931.1	NP_217932.1
NP_217934.1	NP_217935.1
NP_217937.1	NP_217938.1	NP_217939.1	NP_217940.1	NP_217941.1
YP_177971.1	YP_177972.1
NP_217944.1	NP_217945.1
NP_217947.1	YP_009030046.1
NP_217949.1	NP_217950.1	NP_217951.1
NP_217952.1	NP_217953.1
NP_217954.1	NP_217955.1
NP_217957.1	NP_217958.1	NP_217959.1	NP_217960.1
NP_217961.1	NP_217962.2	NP_217963.1	NP_217964.1
NP_217965.1	NP_217966.1
NP_217968.2	NP_217969.1
NP_217972.3	NP_217973.1	NP_217974.1	NP_217975.1
NP_217976.1	NP_217977.1	NP_217978.1	NP_217979.1
NP_217981.1	NP_217982.1
NP_217983.1	NP_217984.1
YP_177974.1	NP_217986.1	NP_217987.1	NP_217988.1
YP_177975.1	YP_177976.1	NP_217996.2
NP_217997.1	NP_217998.1	NP_217999.1	NP_218000.1
NP_218006.1	NP_218007.1	NP_218008.1
NP_218009.1	NP_218010.1	NP_218011.1	NP_218012.1	NP_218013.1	NP_218014.1	NP_218015.1	YP_177977.1	NP_218017.1	NP_218018.1	NP_218019.1	NP_218020.1
NP_218021.1	NP_218022.1	NP_218023.1	YP_177978.1	YP_177979.1
NP_218026.1	NP_218027.1
YP_177980.1	YP_177981.2
NP_218033.1	NP_218034.1
NP_218038.1	NP_218039.1	NP_218040.1
NP_218043.1	NP_218044.1
NP_218045.1	NP_218046.1	NP_218047.1	NP_218048.1
NP_218051.1	NP_218052.1	NP_218053.1
NP_218054.1	YP_177986.1	YP_177987.1
NP_218057.1	NP_218058.1	NP_218059.1
NP_218060.1	NP_218061.1	NP_218062.1
NP_218063.1	NP_218064.1
NP_218065.1	NP_218066.1
NP_218067.1	NP_218068.1	NP_218069.1	NP_218070.1	NP_218071.1
NP_218072.1	NP_218073.1	NP_218074.1
NP_218076.1	NP_218077.1
NP_218079.1	NP_218080.1	NP_218081.1	NP_218082.1
NP_218084.1	NP_218085.1	NP_218086.1	NP_218087.1
NP_218088.1	NP_218089.1
NP_218094.1	NP_218095.1
NP_218096.1	YP_177992.1	NP_218098.1	NP_218099.1
NP_218101.1	NP_218102.1	NP_218103.1
NP_218104.1	NP_218105.1
YP_177993.1	NP_218108.1
NP_218109.1	NP_218110.1	NP_218111.1
NP_218117.1	NP_218118.1	NP_218119.1	NP_218120.1
NP_218122.1	NP_218123.1	YP_177996.1	YP_177997.1	NP_218126.1
NP_218132.1	NP_218133.1
NP_218134.1	NP_218135.1
NP_218136.1	NP_218137.1	YP_177998.1	YP_177999.1
NP_218141.1	NP_218142.1	NP_218143.1	NP_218144.1
NP_218147.1	NP_218148.1	NP_218149.1
NP_218152.1	NP_218155.1
NP_218156.1	NP_218157.1	NP_218158.1	NP_218159.1
NP_218163.1	NP_218164.1	NP_218165.1
NP_218166.1	YP_178000.1	NP_218168.1	YP_178001.1	YP_178002.1
NP_218171.2	NP_218172.1	NP_218173.1	NP_218174.1	NP_218175.1	YP_178003.1	NP_218177.1
NP_218179.1	NP_218180.1	NP_218181.1	NP_218182.1	NP_218183.1
NP_218186.1	NP_218187.1
NP_218188.1	NP_218189.1	NP_218190.1	NP_218191.2
NP_218192.1	NP_218193.1
NP_218194.1	NP_218195.1	YP_178004.1
NP_218196.1	NP_218197.1
YP_178005.1	NP_218200.1	NP_218201.3
NP_218202.1	NP_218203.1	NP_218204.1
NP_218206.1	NP_218207.1	NP_218208.1
NP_218209.1	NP_218210.1
NP_218213.1	NP_218214.1	YP_007412423.1
NP_218215.1	NP_218216.1
NP_218217.1	NP_218218.1
NP_218219.1	NP_218220.1	NP_218221.1
YP_178006.1	NP_218223.1	NP_218224.1
NP_218225.1	NP_218226.1
NP_218229.1	NP_218230.1
NP_218231.1	NP_218232.1	NP_218233.1
NP_218236.1	NP_218237.3
NP_218238.1	NP_218239.2
NP_218240.1	NP_218242.1	NP_218243.1	NP_218244.1	NP_218245.1	NP_218246.1
NP_218248.1	NP_218249.1
NP_218250.1	NP_218251.1
NP_218252.1	NP_218253.1	NP_218254.1
YP_178009.1	YP_178010.1
NP_218257.1	NP_218258.1	NP_218259.1	NP_218260.1
NP_218262.1	YP_178011.1
NP_218264.1	NP_218265.1
NP_218266.1	NP_218267.1	NP_218269.1	NP_218270.3
NP_218272.1	NP_218273.1	NP_218274.1	NP_218275.1	NP_218276.1
NP_218278.1	NP_218279.1
NP_218281.1	NP_218282.1
NP_218285.1	NP_218286.1
NP_218287.1	NP_218288.1
NP_218291.1	NP_218292.1	NP_218293.1
NP_218297.1	NP_218298.1	YP_178014.1	NP_218300.1	YP_178015.1	NP_218302.1
NP_218303.1	NP_218304.1
NP_218307.1	NP_218308.1
NP_218310.1	NP_218311.1	NP_218312.1
NP_218316.2	NP_218317.1	NP_218318.1
YP_178017.1	NP_218321.1
NP_218322.1	NP_218323.1	NP_218324.1	NP_218325.1	NP_218326.1
NP_218327.1	YP_178018.1	YP_178019.1
NP_218330.1	NP_218331.1	NP_218332.1	NP_218333.1
NP_218334.1	NP_218335.1	NP_218336.1
NP_218338.1	NP_218339.1
NP_218341.1	NP_218342.1
NP_218344.1	NP_218345.1	NP_218346.1	NP_218347.1
NP_218352.1	NP_218353.1
NP_218354.1	NP_218355.1
NP_218356.1	NP_218357.1	NP_218358.1
NP_218359.1	NP_218360.1
NP_218361.1	NP_218362.1
NP_218363.1	NP_218364.1	NP_218365.1	NP_218366.1
NP_218369.1	NP_218370.1
NP_218374.1	NP_218375.1	NP_218376.1
NP_218377.1	NP_218378.1
NP_218381.1	NP_218382.1	NP_218383.1
NP_218388.1	YP_178021.1	YP_178022.1	NP_218391.1	YP_178023.1
NP_218394.1	NP_218395.1
NP_218398.1	NP_218399.1
NP_218403.1	NP_218404.1
NP_218406.1	NP_218407.1	NP_218408.1	YP_178024.1
NP_218421.1	NP_218422.1
NP_218425.1	NP_218426.1	NP_218427.1	NP_218428.1	NP_218429.1
NP_218430.1	NP_218431.1
NP_218433.1	NP_218435.2	NP_218434.2	NP_218436.2
NP_218437.1	NP_218438.1
NP_218440.3	NP_218441.1
