NP_414543.1	NP_414544.1	NP_414545.1
NP_414547.1	NP_414548.1
NP_414549.1	NP_414550.1
NP_414551.1	NP_414552.1
NP_414555.1	NP_414556.1	NP_414557.1
NP_414559.1	YP_025292.1
NP_414560.1	NP_414561.1
NP_414562.1	NP_414563.1	NP_414564.1
NP_414566.1	NP_414567.1	NP_414568.1	NP_414569.1
NP_414573.1	NP_414574.1
NP_414577.2	NP_414578.2
NP_414579.4	NP_414580.1	NP_414581.1	NP_414582.1
NP_414583.2	NP_414584.1	NP_414585.1	NP_414586.1
NP_414587.1	NP_414588.1	NP_414589.1	NP_414590.1
NP_414591.1	NP_414592.1
NP_414593.1	NP_414594.1	NP_414595.1	NP_414596.1
NP_414597.1	YP_009518734.1	YP_009518735.1
NP_414600.1	NP_414601.1
NP_414603.1	NP_414604.1	NP_414605.1
NP_414606.1	NP_414607.1
NP_414608.1	NP_414609.1	NP_414610.1
YP_002791237.1	YP_025293.1
NP_414613.1	NP_414614.1	NP_414615.4	NP_414616.1
YP_025294.2	NP_414620.1
NP_414625.1	NP_414626.1
NP_414627.1	NP_414628.1	NP_414629.1
NP_414630.1	NP_414631.1	NP_414632.1
NP_414634.1	NP_414635.1	NP_414636.1	NP_414637.1
NP_414643.1	NP_414644.1	NP_414645.1
YP_009518737.1	NP_414646.1
NP_414648.1	NP_414649.1	NP_414650.1
NP_414652.1	NP_414653.1
NP_414655.1	NP_414656.1	NP_414657.1	NP_414658.1
NP_414660.1	NP_414661.2
NP_414662.1	NP_414663.1	NP_414664.4
NP_414669.1	NP_414670.1	NP_414671.1
NP_414675.1	NP_414676.1
NP_414678.1	NP_414679.1	NP_414680.4	NP_414681.1	NP_414682.1
NP_414684.1	NP_414685.4
NP_414687.1	NP_414688.1	NP_414689.4
NP_414690.4	NP_414691.1	YP_010051172.1
NP_414693.1	NP_414694.1	NP_414695.1
YP_010051173.1	NP_414697.1	YP_009518738.1	NP_414698.1
NP_414699.1	NP_414700.1	NP_414701.1
NP_414702.1	NP_414703.1	NP_414704.4
NP_414706.2	NP_414708.1	NP_414709.1	NP_414710.1
NP_414711.1	NP_414712.1
NP_414713.1	NP_414714.1
NP_414715.1	NP_414716.1
NP_414720.1	NP_414721.1	NP_414722.1	NP_414723.1	NP_414724.1
NP_414731.2	YP_026160.1
NP_414732.1	NP_414733.1	NP_414734.1
NP_414737.1	NP_414738.1
NP_414739.1	NP_414740.1	NP_414741.1
NP_414742.1	NP_414743.1
NP_414745.1	NP_414746.1
NP_414747.1	NP_414748.1
YP_010283908.1	NP_414749.2
NP_414751.1	NP_414752.1
YP_001165307.1	NP_414754.1
NP_414757.1	NP_414758.1
NP_414759.1	NP_414760.1	NP_414761.1
NP_414766.1	NP_414767.1	NP_414768.1	NP_414769.1
NP_414773.1	NP_414774.1
YP_009518739.1	YP_009518740.1	NP_414776.1
NP_414777.1	NP_414778.1
NP_414779.1	NP_414780.1
YP_588435.1	NP_414781.1	NP_414782.1	NP_414783.1	NP_414784.1	NP_414785.4
NP_414790.1	YP_009518741.1
NP_414794.4	NP_414795.1
NP_414796.2	NP_414798.1
NP_414799.1	YP_009518742.1	NP_414801.1
NP_414802.2	NP_414803.1	NP_414804.1	NP_414805.1
NP_414806.1	NP_414807.1	YP_010051174.1
NP_414808.1	NP_414809.1
NP_414812.1	NP_414813.1
NP_414822.1	NP_414823.2	NP_414824.1
NP_414827.1	NP_414828.1
YP_588437.1	NP_414830.1
NP_414832.2	NP_414833.1
NP_414835.2	NP_414837.2
NP_414839.1	NP_414840.1	NP_414841.1
NP_414844.1	NP_414845.1	NP_414846.1	NP_414847.3
NP_414848.1	YP_009518747.1	NP_414849.1
NP_414850.1	NP_414851.1
NP_414857.1	NP_414858.1	NP_414859.1	NP_414860.1
YP_013606033.1	NP_414861.2
NP_414869.1	NP_414870.1	NP_414871.1
NP_414873.1	NP_414874.1	NP_414875.1
NP_414876.1	NP_414877.1	NP_414878.1	NP_414879.3	NP_414880.2
NP_414881.1	NP_414882.1	NP_414883.5
NP_414884.2	NP_414885.1	NP_414886.1
NP_414887.2	NP_414888.4
NP_414889.1	NP_414890.1	NP_414891.4
NP_414894.2	NP_414895.1
NP_414899.2	NP_414900.1
NP_414901.1	NP_414902.1
NP_414903.4	YP_010051175.1
NP_414906.1	NP_414907.2
NP_414911.1	NP_414912.1
NP_414917.2	NP_414918.4	NP_414919.1
NP_414921.2	NP_414922.1
NP_414924.1	NP_414925.1	YP_009518750.1
NP_414930.3	NP_414931.1	NP_414932.1
NP_414933.1	NP_414934.1
NP_414939.1	NP_414940.1
NP_414941.1	NP_414942.1
NP_414943.1	NP_414944.1
NP_414945.1	NP_414946.4
NP_414947.1	NP_414948.1	NP_414949.1	NP_414950.1	NP_414951.1
NP_414953.2	NP_414954.1	NP_414955.1	NP_414956.1
NP_414958.4	NP_414959.1
NP_414961.4	NP_414962.1	NP_414963.1	NP_414964.1
NP_414970.1	NP_414971.1	NP_414972.1	NP_414973.1
NP_414978.1	NP_414979.1
NP_414980.2	NP_414981.4	NP_414982.1
NP_414984.1	NP_414985.1
NP_414990.2	NP_414991.4
NP_414992.1	NP_414993.1
NP_414997.1	NP_414998.1
NP_414999.1	NP_415000.1
NP_415003.1	YP_009518751.1	YP_009518751.1
NP_415005.1	NP_415006.1
NP_415011.1	NP_415012.1
NP_415014.1	NP_415015.1
NP_415017.1	YP_009518752.1	YP_009518752.1
NP_415018.1	NP_415019.1	NP_415020.1
NP_415021.2	NP_415022.1
NP_415023.1	NP_415024.4
NP_415025.4	NP_415026.1	NP_415027.1
NP_415029.1	NP_415030.1	NP_415031.1
YP_009518753.1	NP_415036.1	NP_415037.1
NP_415038.1	NP_415039.1	NP_415040.1	NP_415041.1
NP_415045.1	NP_415046.4	NP_415047.1
NP_415048.1	NP_415049.1	NP_415050.1
NP_415051.1	YP_009029994.1	NP_415053.1	NP_415054.1
NP_415057.1	NP_415058.1
NP_415060.1	NP_415061.2
NP_415063.4	NP_415064.1
NP_415065.1	NP_415066.2	NP_415067.1
NP_415068.1	NP_415069.1
NP_415072.2	NP_415073.1	NP_415075.1	YP_009518754.1	NP_415076.1	NP_415077.1	NP_415078.1
NP_415080.1	NP_415081.1
NP_415086.1	NP_415087.1
NP_415088.1	YP_588440.1
NP_415089.1	NP_415090.2
NP_415092.1	YP_009518755.1
NP_415097.1	NP_415098.1	NP_415099.1
NP_415102.1	NP_415103.1
NP_415104.1	NP_415105.1	NP_415106.1	NP_415107.1
NP_415111.1	NP_415112.1	NP_415113.1
YP_025295.1	NP_415114.1
NP_415115.2	NP_415116.1
NP_415117.2	YP_588441.1
NP_415118.1	NP_415119.1
NP_415120.1	NP_415121.1	NP_415122.1
NP_415128.1	NP_415129.1	NP_415130.1	YP_588442.1
NP_415134.1	NP_415135.1
NP_415136.1	NP_415137.2
NP_415138.1	NP_415139.2
YP_009518757.1	NP_415143.1
NP_415144.1	NP_415145.1
NP_415146.1	NP_415147.1
NP_415150.1	NP_415151.4
NP_415152.1	NP_415153.1
NP_415155.1	NP_415156.1
NP_415161.1	NP_415162.4	NP_415163.2	NP_415164.1
NP_415166.1	NP_415167.1
NP_415178.1	NP_415179.1
NP_415181.1	NP_415182.1
NP_415183.1	NP_415184.1	NP_415185.1	NP_415186.1
NP_415193.2	NP_415194.1
NP_415200.1	NP_415201.1	NP_415202.1	NP_415203.1	NP_415204.1
NP_415206.1	NP_415207.1	NP_415208.1
NP_415209.1	YP_001491546.1	NP_415210.1	NP_415211.2	NP_415212.1
NP_415213.1	NP_415214.1	NP_415215.1
NP_415226.1	YP_588443.1
NP_415228.1	NP_415229.1
NP_415232.1	YP_009518758.1
NP_415235.1	NP_415236.1
NP_415238.1	NP_415239.1	NP_415240.1	NP_415241.1	NP_415242.1
NP_415243.4	NP_415244.4
NP_415245.1	NP_415246.2
NP_415247.1	NP_415248.1
YP_010051177.1	YP_009518759.1
NP_415249.1	NP_415250.1	NP_415251.1
NP_415255.1	NP_415256.1	NP_415257.1
NP_415262.1	YP_588444.1	NP_415263.1	NP_415264.1
NP_415265.1	NP_415266.1
NP_415267.1	NP_415268.1
NP_415270.1	NP_415271.1	NP_415272.1
NP_415273.1	NP_415274.1
NP_415276.1	NP_415277.1	NP_415278.1	NP_415279.1
NP_415280.3	NP_415281.1
NP_415283.1	NP_415284.1	NP_415285.1	NP_415286.1
NP_415290.1	NP_415291.1	NP_415292.2
NP_415293.1	NP_415294.1	NP_415295.1
NP_415296.1	NP_415297.1	NP_415298.1	NP_415299.1	NP_415300.1
NP_415302.1	NP_415303.1	NP_415304.1
NP_415306.1	NP_415307.1	NP_415308.1
NP_415309.1	NP_415310.1	NP_415311.1
NP_415313.1	NP_415314.1
NP_415315.4	NP_415316.1	NP_415317.4
NP_415321.1	NP_415322.1	YP_010051178.1
NP_415323.1	NP_415324.1	NP_415325.4	NP_415326.1	NP_415327.2
NP_415329.4	NP_415330.1	NP_415331.1	NP_415332.1	NP_415333.1
YP_009518760.1	NP_415335.1
NP_415336.1	YP_009029995.1
NP_415338.1	NP_415339.1
NP_415342.1	NP_415343.1
NP_415344.1	NP_415345.2
NP_415347.1	NP_415348.1
NP_415353.1	NP_415354.1	NP_415355.1
NP_415357.1	NP_415358.1
NP_415361.1	NP_415362.1
NP_415364.1	NP_415365.4
NP_415373.1	NP_415374.1
NP_415378.1	NP_415379.1
NP_415382.1	NP_415383.1
NP_415384.1	NP_415385.1	NP_415386.1
NP_415387.1	NP_415388.1
NP_415389.2	NP_415390.4
NP_415394.4	NP_415395.2	NP_415396.1
NP_415399.4	NP_415400.1
YP_010051179.1	NP_415402.1	NP_415403.1
NP_415404.1	NP_415405.1	NP_415406.1
NP_415407.1	NP_415408.1
NP_415409.1	NP_415410.1	NP_415411.2	NP_415412.1
NP_415414.4	NP_415415.1
NP_415418.1	NP_415419.2
NP_415422.1	NP_415423.1	NP_415424.1	NP_415425.4
NP_415426.1	NP_415427.1	NP_415428.1
NP_415434.1	NP_415435.1
NP_415442.1	NP_415443.2
NP_415446.1	NP_415447.1
NP_415448.1	NP_415449.1	NP_415450.1	NP_415451.1
NP_415453.1	NP_415454.4	NP_415455.1	NP_415456.4
NP_415458.2	NP_415459.1
NP_415463.2	NP_415464.4
NP_415465.1	NP_415466.4
NP_415468.1	NP_415469.1
NP_415470.1	NP_415471.1	NP_415472.2	NP_415473.1
NP_415474.1	NP_415475.1
NP_415477.1	NP_415478.1
NP_415480.2	NP_415481.1
NP_415483.2	NP_415484.1
NP_415486.4	NP_415487.4
NP_415489.4	NP_415490.1
NP_415491.1	NP_415492.1	NP_415493.1
NP_415494.1	NP_415495.1
NP_415503.1	NP_415504.1	NP_415505.1	NP_415506.1	NP_415507.2
YP_588445.1	NP_415508.1
YP_009518761.1	NP_415511.1	YP_588446.1
NP_415512.1	NP_415513.2
NP_415516.1	NP_415517.1	NP_415518.1
NP_415519.1	NP_415520.1
NP_415521.1	NP_415522.1
NP_415523.1	NP_415524.1
NP_415526.4	NP_415527.4
NP_415528.1	NP_415529.1	NP_415530.1
NP_415531.2	NP_415532.3
YP_009518762.2	NP_415535.1	NP_415537.1
NP_415538.1	NP_415539.1
NP_415540.1	NP_415541.1	NP_415542.1	NP_415543.1
NP_415545.1	NP_415546.2
NP_415552.1	NP_415553.1	NP_415554.4
NP_415555.1	NP_415556.1	NP_415557.1	NP_415558.1
NP_415560.1	NP_415561.1
NP_415563.1	NP_415564.2
NP_415567.1	NP_415568.1
NP_415569.4	NP_415571.1	NP_415572.1
NP_415579.1	NP_415580.1	NP_415581.1
NP_415584.1	NP_415585.1
NP_415586.1	NP_415587.1
NP_415588.1	NP_415589.1	NP_415590.1
NP_415600.1	NP_415601.1
NP_415603.2	NP_415604.1
NP_415606.1	NP_415607.1	NP_415608.2	NP_415609.1	NP_415610.1	NP_415611.1	NP_415612.1	NP_415613.1
NP_415618.1	NP_415619.1
NP_415621.3	NP_415622.1	NP_415623.1
NP_415624.1	NP_415625.1
NP_415631.1	NP_415632.1	NP_415633.1
NP_415634.1	NP_415635.4
NP_415636.1	NP_415637.1	NP_415638.3	YP_010051180.1
NP_415639.1	NP_415640.2	NP_415641.1	NP_415642.1	NP_415643.3
NP_415646.4	NP_415647.1	NP_415648.1	NP_415649.1	NP_415650.1
NP_415655.1	NP_415656.1
NP_415658.1	NP_415659.1	YP_009518763.1
NP_415662.2	NP_415663.1
NP_415664.2	NP_415665.2	NP_415666.1
NP_415671.1	NP_415672.1
NP_415676.1	NP_415677.1
NP_415678.1	YP_009518766.1
NP_415679.1	NP_415680.1	NP_415681.1
NP_415682.1	NP_415683.1	NP_415684.1
NP_415689.2	NP_415690.5	YP_001165314.1
NP_415692.1	NP_415693.1	NP_415694.1
YP_010283909.1	NP_415697.5
NP_415698.1	NP_415699.5
NP_415701.1	NP_415702.1
NP_415703.3	NP_415704.1
NP_415707.1	NP_415708.1	YP_009518768.1
NP_415709.2	NP_415710.1
NP_415713.1	NP_415714.1
NP_415715.1	NP_415716.4	NP_415717.1	NP_415718.6
NP_415720.1	NP_415721.1	NP_415722.1
NP_415725.1	NP_415726.1	NP_415727.1
NP_415728.1	NP_415729.1	NP_415730.1	NP_415731.1
YP_025299.1	NP_415734.1
NP_415735.1	NP_415736.2
NP_415739.1	NP_415740.1
NP_415741.1	NP_415742.1
NP_415744.1	NP_415745.1	YP_009518769.1
NP_415747.2	NP_415748.1	NP_415749.1
NP_415750.2	NP_415751.1	NP_415752.1
YP_010051181.1	NP_415758.1
NP_415764.4	NP_415765.1
NP_415766.1	NP_415767.2
NP_415769.1	NP_415770.1	NP_415771.1
NP_415773.1	NP_415774.1
NP_415782.1	NP_415783.6	NP_415784.1	NP_415785.1
NP_415786.1	NP_415787.1
NP_415790.1	NP_415791.1	YP_588449.3
YP_009518771.1	NP_415792.1
NP_415794.1	NP_415795.1	NP_415796.1	NP_415797.1	NP_415798.2
NP_415799.1	NP_415800.1	YP_001165317.1
NP_415804.1	NP_415805.1
NP_415806.1	NP_415807.1
NP_415814.4	NP_415815.1
NP_415817.1	NP_415818.1
NP_415820.1	NP_415821.1
NP_415825.4	NP_415826.1
NP_415832.1	NP_415833.1	NP_415835.1
NP_415837.1	NP_415838.1	NP_415839.1
NP_415842.2	YP_009518773.1
YP_009518774.1	NP_415843.2
NP_415844.1	NP_415845.2
YP_009518770.2	NP_415848.1
NP_415850.1	NP_415851.1	NP_415852.2
NP_415855.1	NP_415856.1
YP_010051183.1	NP_415858.1
YP_009518775.1	NP_415859.1
NP_415861.1	NP_415862.4	NP_415863.1	NP_415864.1	NP_415865.1
NP_415872.2	NP_415873.2	NP_415874.1
NP_415877.1	NP_415878.1	YP_009518776.1
NP_415890.2	NP_415891.1
NP_415892.1	NP_415893.2	YP_009518779.1	NP_415894.4
NP_415897.1	NP_415898.1
NP_415899.1	NP_415900.1	NP_415901.2
NP_415904.3	NP_415905.1
NP_415913.1	NP_415914.1	NP_415915.1
NP_415916.1	NP_415917.1	NP_415918.1
YP_002791240.1	NP_415920.1	NP_415921.2
NP_415922.1	NP_415924.1
NP_415925.2	NP_415926.4	NP_415927.1	NP_415928.1	NP_415929.1
NP_415931.4	NP_415932.1	NP_415933.1
NP_415935.2	NP_415936.1
YP_025301.1	NP_415937.1
NP_415940.1	NP_415941.5	NP_415943.4	NP_415944.1
NP_415946.1	NP_415947.1	NP_415948.1	NP_415949.3
NP_415951.1	NP_415952.2
NP_415956.1	NP_415957.1	NP_415958.1
NP_415960.1	NP_415961.1
NP_415962.2	NP_415963.1
NP_415964.1	NP_415965.1
NP_415966.6	NP_415967.2
NP_415971.1	NP_415972.1	NP_415974.1
NP_415977.1	NP_415978.1
NP_415981.1	NP_415982.1	NP_415983.1	NP_415984.1	NP_415985.1
YP_009518781.1	YP_009518782.1	NP_415990.5
NP_415991.1	NP_415992.1	NP_415993.1
NP_415996.2	NP_415997.1	NP_415998.4
NP_416000.1	NP_416001.1	NP_416002.1	NP_416003.1
YP_009518783.1	NP_416008.1	NP_416009.1
NP_416012.1	NP_416013.1
NP_416015.2	NP_416016.1	NP_416017.1	NP_416018.1	NP_416019.1
NP_416031.1	NP_416032.1
NP_416034.1	NP_416035.1	NP_416036.1
NP_416037.2	YP_025302.1	NP_416039.1	NP_416040.1	NP_416041.1	NP_416042.2
NP_416043.1	NP_416044.1	NP_416045.1
NP_416047.4	NP_416048.2	NP_416049.1
NP_416051.1	YP_001165319.1	YP_010051185.1
NP_416052.1	NP_416054.1
NP_416057.1	NP_416058.1	NP_416059.1
NP_416060.1	YP_009518786.1
YP_009518787.1	NP_416062.2	NP_416063.1
NP_416064.1	NP_416065.1	YP_009518788.1
YP_588454.1	NP_416067.2
NP_416069.2	YP_009518789.1	YP_009518790.1	NP_416070.1	NP_416071.1
NP_416072.1	NP_416073.1
NP_416076.1	YP_009518791.1
NP_416077.4	NP_416078.4	NP_416079.1	NP_416080.1	NP_416081.1
NP_416083.1	NP_416084.1
YP_009518792.1	YP_009518793.1
NP_416088.1	NP_416089.1
NP_416091.1	NP_416092.1
YP_009518794.1	NP_416097.1	NP_416098.1	NP_416099.1
NP_416100.1	NP_416101.1
NP_416105.4	NP_416106.1	NP_416107.1
NP_416108.2	NP_416109.2
NP_416110.4	NP_416111.1	NP_416112.1
NP_416113.1	NP_416114.2	YP_001165320.1	NP_416115.1
NP_416116.1	NP_416117.1	YP_010051187.1
NP_416119.1	NP_416120.1
NP_416121.1	NP_416122.1	NP_416123.1
NP_416125.2	NP_416126.1	NP_416127.1
NP_416128.1	NP_416129.1
NP_416130.3	NP_416131.1
NP_416132.2	NP_416133.1
NP_416136.1	NP_416137.1
NP_416138.1	NP_416139.1	NP_416140.1
YP_025303.1	NP_416142.1
NP_416145.1	NP_416146.1	NP_416147.1
NP_416149.1	NP_416150.1
NP_416151.1	NP_416152.1
NP_416153.1	NP_416154.1	NP_416155.1
NP_416160.1	NP_416161.4	NP_416162.1
NP_416163.1	YP_025305.1	NP_416165.2
NP_416166.3	NP_416167.1
NP_416168.1	NP_416169.1	NP_416170.1
NP_416172.1	NP_416173.1
NP_416174.1	YP_001165321.1
YP_025306.1	NP_416178.1
NP_416182.1	NP_416183.1
NP_416184.1	NP_416185.1
NP_416188.1	NP_416189.1	NP_416190.1
YP_010283910.1	NP_416191.1	NP_416192.1
NP_416201.1	NP_416202.1
NP_416203.1	NP_416204.2	NP_416205.1
NP_416212.1	NP_416213.1	NP_416214.1	NP_416215.1	NP_416216.5
NP_416218.1	NP_416219.1	NP_416220.1
NP_416221.1	NP_416222.1	NP_416223.1	NP_416224.1	NP_416225.1
NP_416229.1	NP_416230.1	NP_416231.1	NP_416232.3
NP_416237.3	NP_416238.1	NP_416239.1
NP_416241.1	NP_416242.6	NP_416243.1
NP_416244.2	NP_416245.2
NP_416247.1	NP_416248.1	NP_416249.1	NP_416250.1	NP_416251.1	NP_416252.1
NP_416254.1	NP_416255.1
NP_416258.1	NP_416259.1
NP_416267.1	NP_416268.2	NP_416269.4
NP_416276.4	NP_416277.1	NP_416278.1	NP_416279.1
NP_416280.1	NP_416281.1	NP_416282.4
NP_416285.1	NP_416286.4	NP_416287.1	NP_416288.1
NP_416293.1	NP_416294.4
NP_416295.1	NP_416296.1
NP_416297.1	NP_416298.1	NP_416299.1	NP_416300.2
NP_416305.1	NP_416306.2
NP_416308.4	YP_002791242.1	YP_002791243.1
NP_416309.1	NP_416310.1
NP_416312.1	NP_416313.4
NP_416314.1	NP_416315.1	NP_416316.1	NP_416317.1
NP_416318.1	NP_416319.1	NP_416320.1	NP_416321.1	NP_416322.1
NP_416323.4	NP_416324.2
NP_416326.1	NP_416327.1	NP_416328.1	NP_416329.4
NP_416330.1	YP_009518795.2
NP_416332.1	NP_416333.4	NP_416334.1
NP_416336.1	NP_416337.1	NP_416338.1	NP_416339.1	NP_416340.1
NP_416343.1	NP_416344.1	YP_026161.1	NP_416346.4
NP_416347.1	NP_416348.2	NP_416349.2
NP_416352.4	NP_416353.1	NP_416354.1	NP_416355.1
NP_416356.1	NP_416357.1	NP_416358.1
NP_416359.1	NP_416360.1	NP_416361.2	NP_416362.1
NP_416364.1	NP_416365.1	NP_416366.1
NP_416367.1	NP_416368.1
NP_416369.1	NP_416370.2	NP_416371.4
NP_416372.1	NP_416373.1
NP_416374.1	NP_416375.1	YP_002791244.1
NP_416378.1	NP_416379.1	NP_416380.1
NP_416381.2	NP_416382.1	NP_416383.4
NP_416387.1	YP_025309.2	NP_416389.4
NP_416392.1	NP_416393.1	NP_416394.1
NP_416400.1	NP_416401.1
YP_010283911.1	NP_416402.2
NP_416405.1	NP_416406.4
NP_416410.1	NP_416411.1	YP_026162.2	NP_416413.1	NP_416414.1
NP_416416.2	YP_002791245.1
NP_416417.1	NP_416418.1
NP_416421.1	NP_416422.1
NP_416423.4	NP_416424.1
YP_009518796.1	NP_416425.1
NP_416426.1	NP_416427.1	NP_416428.1	NP_416429.4
NP_416431.2	NP_416432.3
NP_416434.1	NP_416435.1	NP_416436.1	NP_416437.1
NP_416439.1	NP_416440.1	YP_025310.1	NP_416442.1
NP_416448.1	NP_416449.1	NP_416450.2
NP_416454.1	NP_416455.1	NP_416456.1	NP_416457.4
NP_416460.1	NP_416461.1
NP_416463.4	NP_416464.1
NP_416465.2	NP_416466.1	NP_416467.1
NP_416469.1	NP_416470.1	NP_416471.1	NP_416472.3
NP_416477.1	NP_416478.2
NP_416479.1	NP_416480.1
NP_416482.1	NP_416483.4
NP_416491.3	NP_416492.1	NP_416493.1
NP_416496.1	NP_416497.1
NP_416500.1	YP_026163.2
YP_026164.1	NP_416505.2
NP_416509.1	YP_009518797.1	YP_009518798.1
NP_416511.4	YP_010283912.1
NP_416512.1	NP_416513.1	NP_416514.4
NP_416518.2	YP_002791246.1	NP_416519.4	NP_416520.1
YP_588458.1	NP_416521.2
NP_416522.1	NP_416523.1	NP_416524.1
NP_416525.1	NP_416526.4
NP_416529.1	NP_416530.1
NP_416533.1	NP_415847.2
NP_416543.1	NP_416544.1	NP_416545.1	NP_416546.1	NP_416547.1	NP_416548.1	NP_416549.1	NP_416550.1
NP_416552.1	NP_416553.1	NP_416554.1
NP_416556.1	NP_416557.1	NP_416558.1	NP_416559.1	NP_416560.1	NP_416561.1	NP_416562.1
NP_416564.4	NP_416565.1	NP_416566.1
NP_416569.1	NP_416570.2
NP_416576.1	NP_416577.1	YP_002791247.1	YP_002791248.1
NP_416579.1	NP_416580.1
NP_416581.1	NP_416582.1
NP_416583.1	NP_416584.4	NP_416585.1
NP_416586.1	NP_416589.2
NP_416590.1	NP_416592.2	NP_416593.1
NP_416594.1	NP_416596.1	NP_416597.1
NP_416598.1	NP_416599.2	NP_416600.4
NP_416601.1	NP_416602.1	NP_416603.1
NP_416604.1	NP_416605.2	NP_416606.1
NP_416607.1	NP_416608.1
NP_416609.1	NP_416610.4
NP_416611.1	NP_416612.1	NP_416613.1	NP_416614.1
NP_416615.1	NP_416616.4
YP_009518799.1	NP_416621.1	YP_588459.1	NP_416623.2
YP_009518800.1	NP_416627.2
NP_416628.1	NP_416629.4
NP_416631.1	YP_588460.1
NP_416632.1	NP_416633.1	NP_416634.1
NP_416635.1	NP_416636.1
NP_416638.4	NP_416639.2
NP_416646.1	NP_416647.1	NP_416648.1	NP_416649.1	NP_416650.1
NP_416651.1	NP_416652.4
NP_416653.1	NP_416654.1
NP_416657.1	NP_416658.1
NP_416660.1	NP_416661.1	NP_416662.1
NP_416663.1	NP_416664.1	NP_416665.1
NP_416666.1	NP_416667.1
NP_416669.1	NP_416670.1
NP_416673.1	NP_416674.1
NP_416676.4	NP_416677.1
NP_416684.1	NP_416685.1
NP_416686.1	NP_416687.1	NP_416688.1
NP_416689.1	NP_416690.1
NP_416692.1	NP_416693.1
NP_416698.1	NP_416699.1
NP_416707.4	NP_416708.1	NP_416709.1	NP_416710.1
YP_009518801.1	NP_416713.1
NP_416714.1	NP_416715.1	NP_416716.1
NP_416720.1	NP_416721.1
NP_416723.1	NP_416724.1	NP_416725.1
NP_416726.1	NP_416727.1	NP_416728.1
NP_416730.1	NP_416732.4	NP_416733.4	NP_416734.1
NP_416736.1	YP_009518802.1
NP_416738.1	NP_416739.1
NP_416740.1	NP_416742.1	NP_416743.1
NP_416745.1	NP_416746.1	NP_416747.1
NP_416748.1	NP_416749.4
NP_416750.2	NP_416751.1
NP_416752.1	NP_416753.4
NP_416756.6	NP_416757.1
NP_416758.1	NP_416759.1
NP_416763.1	NP_416764.1
NP_416768.4	NP_416769.1	NP_416770.1
NP_416771.4	NP_416772.1
NP_416774.2	NP_416775.1
NP_416777.2	NP_416778.2
NP_416780.1	NP_416781.1	NP_416782.1	NP_416783.1
NP_416785.1	NP_416786.4
NP_416788.1	NP_416789.2	NP_416790.1	NP_416791.3	NP_416792.1
NP_416793.1	NP_416794.1
NP_416795.1	NP_416796.2	NP_416797.2	NP_416798.1
NP_416799.1	NP_416800.1	NP_416801.2
NP_416802.1	NP_416803.3	NP_416804.1
NP_416805.1	NP_416806.1	NP_416807.1
NP_416808.1	NP_416809.1	NP_416810.1	NP_416811.1	NP_416812.1	NP_416813.1	NP_416814.1	NP_416815.1	NP_416816.1
NP_416825.1	NP_416826.1
NP_416828.1	NP_416829.1	NP_416830.1	NP_416831.1	NP_416832.1
NP_416835.2	NP_416836.1	NP_416837.1
NP_416841.1	NP_416842.1	NP_416843.1	NP_416844.1	NP_416845.2
NP_416846.2	NP_416847.1
NP_416849.1	NP_416850.1
NP_416851.1	NP_416852.1	NP_416853.1
NP_416855.1	YP_009518803.1	NP_416858.1	YP_009518804.1
NP_416860.4	NP_416861.1
NP_416863.1	NP_416864.1	YP_009518805.1	YP_588463.1
NP_416866.1	NP_416867.1
NP_416868.1	NP_416869.1
YP_010051191.1	NP_416870.1	NP_416871.1
NP_416872.4	NP_416873.1
NP_416874.1	NP_416875.1	NP_416876.1
NP_416879.4	YP_002791250.1
NP_416881.1	NP_416882.1	NP_416883.1
NP_416884.1	NP_416885.1	NP_416886.1	NP_416887.1	NP_416888.1	NP_416889.1
NP_416890.1	NP_416891.1
NP_416893.1	YP_010283913.1
NP_416894.1	NP_416895.2
NP_416897.2	NP_416898.3
NP_416899.1	NP_416900.1	NP_416901.1	NP_416902.1
YP_588464.1	NP_416906.1	NP_416907.1
NP_416908.1	NP_416909.1	NP_416910.1	NP_416911.1	NP_416912.1
NP_416914.1	NP_416915.1
NP_416920.1	NP_416921.4	NP_416922.1
NP_416923.1	NP_416924.1	NP_416925.2
NP_416926.4	NP_416927.1
NP_416928.4	NP_416929.4
NP_416930.1	NP_416931.1
NP_416932.1	NP_416933.4	NP_416934.1
NP_416935.1	NP_416936.4
NP_416937.2	NP_416938.1
NP_416942.1	NP_416943.2	NP_416944.1	NP_416945.2
NP_416946.1	NP_416947.1	NP_416948.4	NP_416949.1
NP_416959.1	NP_416960.1
NP_416962.1	NP_416963.1
NP_416964.1	NP_416965.1
NP_416966.1	NP_416967.1	YP_588465.1
NP_416968.2	NP_416969.1	NP_416970.1	NP_416971.1	NP_416972.4	NP_416973.1
NP_416974.4	NP_416975.1	NP_416976.4	NP_416977.1	NP_416978.4	NP_416979.1	NP_416980.1
NP_416986.4	NP_416987.1
NP_416989.1	NP_416990.1
NP_416991.2	NP_416992.1	NP_416993.2
NP_416994.1	NP_416995.1	NP_416996.1	NP_416997.1
NP_416999.1	NP_417000.1	NP_417001.1
NP_417002.1	NP_417003.1
NP_417005.2	NP_417006.2	NP_417007.1	NP_417008.1	NP_417009.1	NP_417010.1
NP_417014.1	NP_417015.1
NP_417016.4	YP_010283914.1
NP_417017.4	NP_417018.4	NP_417019.1
NP_417020.1	NP_417021.1
NP_417022.1	NP_417023.1
NP_417026.1	NP_417027.1
NP_417029.4	NP_417030.2
NP_417031.1	NP_417032.1	YP_008592385.1
NP_417033.1	NP_417034.1	NP_417035.1
NP_417037.1	NP_417038.4
NP_417041.1	NP_417042.1	NP_417043.1	NP_417044.4
NP_417048.1	NP_417049.1	NP_417050.1
NP_417051.2	YP_026170.1
NP_417054.2	NP_417055.4
NP_417056.2	NP_417057.1
YP_002791251.1	NP_417058.1	NP_417059.1
NP_417060.1	NP_417061.1
NP_417065.1	NP_417066.1	NP_417067.1
NP_417077.1	NP_417078.4	NP_417079.1
NP_417080.4	NP_417081.2
NP_417083.1	YP_010051194.1	NP_417084.1	NP_417085.1
NP_417086.1	NP_417088.1	NP_417089.1	NP_417090.1
NP_417091.1	NP_417092.1
NP_417093.2	NP_417094.1	NP_417095.1	NP_417096.1
NP_417098.1	NP_417099.4
NP_417100.1	NP_417101.1
NP_417102.4	YP_026171.3
NP_417105.1	YP_026172.1	NP_417107.2
NP_417108.4	NP_417109.1
NP_417110.1	NP_417111.1
NP_417113.1	NP_417114.1	NP_417115.1
NP_417116.1	NP_417117.1	NP_417118.1
NP_417119.1	NP_417120.2	YP_026173.1
NP_417122.1	NP_417123.1	YP_026174.2	NP_417124.4	NP_417125.1
NP_417129.1	NP_417130.1	NP_417131.1	YP_588466.1
NP_417134.2	YP_009518808.1	YP_009518809.1
NP_417145.4	NP_417146.2	NP_417147.1
NP_417149.1	NP_417150.4
NP_417151.1	NP_417152.1
NP_417153.1	NP_417154.1
NP_417158.4	NP_417159.1
NP_417161.1	NP_417162.1	NP_417163.1	NP_417164.1	NP_417165.1	NP_417167.1
NP_417170.1	NP_417171.1
NP_417172.1	NP_417173.1	NP_417174.1	NP_417175.1
NP_417179.1	NP_417180.1	NP_417181.1
YP_026180.1	YP_026181.1	NP_417184.1
NP_417185.1	NP_417186.1	NP_417187.1	NP_417188.4
NP_417190.1	NP_417191.1
NP_417192.1	NP_417193.1	NP_417194.2
YP_026182.1	NP_417196.1
NP_417197.1	NP_417198.1
NP_417201.1	NP_417202.1
NP_417203.1	NP_417204.1	NP_417205.1
NP_417207.1	NP_417208.1	NP_417209.1
NP_417210.2	NP_417211.1
NP_417213.1	NP_417214.1
NP_417216.1	NP_417217.1	NP_417218.1
NP_417219.1	NP_417220.1
NP_417224.1	NP_417225.1	NP_417226.1	NP_417227.1	NP_417228.1	NP_417229.1
NP_417231.1	NP_417232.1
NP_417234.2	NP_417235.1
NP_417241.1	NP_417242.1	NP_417243.1	NP_417244.1
NP_417245.1	NP_417246.4	NP_417247.2	NP_417248.1
NP_417249.4	NP_417250.4	NP_417251.2	YP_026183.1	NP_417254.4
NP_417255.1	NP_417256.1
YP_002791252.1	NP_417258.4
NP_417259.1	NP_417260.1	NP_417261.1	NP_417262.1	NP_417263.1	NP_417264.1	NP_417265.1
NP_417267.1	NP_417268.1	NP_417269.1	NP_417270.1
NP_417271.1	NP_417272.1	NP_417273.1
NP_417274.1	NP_417275.1	NP_417276.1
NP_417277.1	NP_417278.4
NP_417279.2	NP_417280.1
NP_417281.1	NP_417282.1
NP_417284.1	NP_417285.1
NP_417286.1	NP_417287.1	NP_417288.1
NP_417290.1	NP_417291.1
NP_417292.1	NP_417293.1	NP_417294.4
NP_417296.1	NP_417297.1
NP_417298.1	NP_417299.1	NP_417300.1
NP_417301.4	NP_417302.1
NP_417307.1	YP_009518810.1
NP_417308.1	NP_417309.1
NP_417310.1	NP_417311.1
NP_417312.1	NP_417313.1
NP_417317.1	NP_417318.1	NP_417319.1	NP_417320.1	NP_417321.2
NP_417322.1	NP_417323.2	NP_417324.1	NP_417325.4
YP_002791253.1	NP_417326.2
NP_417328.1	NP_417329.1	NP_417330.1
NP_417337.1	NP_417338.3	YP_009518811.1	NP_417341.4
NP_417342.1	NP_417343.1	NP_417344.1
YP_026185.1	NP_417347.1	NP_417348.1
NP_417349.4	NP_417350.1
NP_417351.1	NP_417352.2
NP_417353.1	NP_417354.1
NP_417356.1	NP_417357.1
NP_417359.1	YP_026186.1
NP_417362.4	NP_417363.2
NP_417364.2	YP_002791254.1
NP_417366.1	NP_417367.1	NP_417367.1
NP_417368.1	NP_417369.1	NP_417370.1
NP_417372.1	NP_417373.1
NP_417375.1	NP_417376.1
NP_417378.1	NP_417379.1	NP_417380.1	NP_417381.1
NP_417383.1	NP_417384.1	NP_417385.4
NP_417386.1	NP_417387.3
YP_002791255.1	NP_417388.1	NP_417389.1
NP_417391.1	NP_417392.1	NP_417393.1	NP_417394.4	NP_417395.1
NP_417396.4	NP_417397.1	NP_417398.1
NP_417403.1	NP_417404.1	NP_417405.1
NP_417408.1	NP_417409.1	YP_026188.1
NP_417412.1	NP_417413.1	NP_417414.2	YP_010051195.1
NP_417417.1	NP_417418.1	NP_417419.1
NP_417423.4	NP_417424.1
NP_417426.1	NP_417427.1
NP_417428.2	NP_417429.1	NP_417430.1
NP_417431.1	NP_417432.1	NP_417433.1
NP_417436.1	NP_417437.1
NP_417440.4	YP_010051196.1
NP_417442.1	YP_010051197.1
NP_417445.1	NP_417446.4	YP_026189.1
NP_417449.1	NP_417450.1	NP_417451.1	YP_026190.1
YP_026191.1	NP_417453.1
YP_026192.1	NP_417458.1	NP_417459.1
NP_417461.1	NP_417462.1
NP_417466.1	NP_417467.1
NP_417471.1	NP_417472.1	YP_009518816.1
NP_417478.1	NP_417479.1
NP_417481.1	NP_417482.1
NP_417484.1	NP_417485.4	YP_026195.1	NP_417487.1
YP_026196.1	NP_417489.1	NP_417490.1
NP_417491.1	NP_417492.1
NP_417494.1	YP_026197.1	NP_417496.1
NP_417497.1	NP_417498.1
NP_417500.1	NP_417501.1
NP_417502.1	NP_417503.1	NP_417504.1	NP_417505.1	NP_417506.1
NP_417507.2	NP_417509.3	NP_417510.1
YP_009518818.1	NP_417513.1
NP_417514.4	NP_417515.1
NP_417519.4	NP_417520.1
NP_417522.1	NP_417523.1	YP_002791256.1
NP_417524.1	NP_417525.1	NP_417526.1
NP_417527.1	NP_417528.1
NP_417529.1	NP_417530.2
NP_417533.1	NP_417534.1	NP_417535.1
NP_417537.1	NP_417538.1	NP_417539.1
NP_417540.1	NP_417541.1
NP_417546.1	YP_026199.1	NP_417548.1
NP_417551.1	NP_417552.1
NP_417553.1	NP_417554.1	NP_417555.4
NP_417556.2	NP_417557.1	NP_417558.2	YP_026201.1	NP_417560.1
NP_417561.1	NP_417562.1	NP_417563.1
NP_417564.2	NP_417565.2	YP_010051200.1
NP_417572.2	NP_417573.1	NP_417574.1	NP_417575.1
NP_417577.1	NP_417578.2
YP_026202.1	YP_026203.3
YP_026204.1	NP_417583.4
YP_026205.1	NP_417585.2
NP_417589.4	NP_417590.2
NP_417593.4	NP_417594.3	NP_417595.1	NP_417596.1
NP_417597.1	NP_417598.1	NP_417599.1
NP_417607.1	NP_417608.1
NP_417609.1	NP_417610.1	NP_417611.1
NP_417612.1	NP_417613.1
NP_417616.1	NP_417617.1	NP_417618.1
NP_417620.1	NP_417621.2
NP_417625.1	NP_417626.1
NP_417627.1	NP_417628.2	NP_417629.1
NP_417630.1	NP_417631.2	YP_002791258.1	NP_417632.1	NP_417633.4	NP_417634.1	NP_417635.1
NP_417637.1	YP_010283915.1	YP_010283916.1
NP_417641.4	NP_417642.1	NP_417643.1
NP_417644.4	NP_417645.1	NP_417646.1
NP_417650.1	NP_417651.1	NP_417652.1	NP_417653.1
NP_417654.1	NP_417655.1
NP_417658.4	NP_417659.1
NP_417660.1	NP_417661.1	NP_417662.1
NP_417663.1	NP_417664.1	NP_417665.1
NP_417669.1	NP_417670.1	NP_417671.1	NP_417672.1	NP_417673.1	NP_417674.1
NP_417675.1	NP_417676.2	YP_026207.1	NP_417678.1
NP_417679.2	NP_417680.1	NP_417681.1
NP_417686.1	NP_417687.1
NP_417688.1	NP_417689.4	NP_417690.1
NP_417692.1	NP_417693.3
NP_417695.1	NP_417696.1	NP_417697.1	NP_417698.1	NP_417699.1
NP_417700.2	NP_417701.1	NP_417702.1
NP_417704.1	NP_417705.2
NP_417706.1	NP_417707.1	NP_417708.1	NP_417709.2
NP_417711.1	YP_026208.1
NP_417716.1	NP_417717.2	NP_417718.1
NP_417719.1	NP_417721.1	NP_417722.1
NP_417725.1	NP_417726.1	NP_417727.1	NP_417728.4
NP_417731.1	NP_417732.1
NP_417737.1	NP_417738.4
NP_417739.1	NP_417740.1
NP_417741.1	YP_026210.1	NP_417743.1
NP_417745.1	NP_417746.1	NP_417747.1	NP_417748.1
YP_588467.1	NP_417751.1	NP_417752.1
NP_417755.1	NP_417756.1	NP_417757.1
NP_417761.1	NP_417762.1
NP_417764.1	NP_417765.1	NP_417766.1
NP_417769.1	NP_417770.1	NP_417771.1
NP_417772.1	NP_417773.1	NP_417774.1	NP_417775.1	NP_417776.1	NP_417777.1
NP_417779.1	NP_417780.1
NP_417781.1	NP_417782.1
NP_417783.1	NP_417784.4	NP_417785.1	NP_417786.1
NP_417789.4	NP_417790.1
NP_417791.1	NP_417792.2	NP_417793.2	NP_417794.1
NP_417795.1	NP_417796.1	NP_417797.1	NP_417798.1
NP_417799.1	NP_417800.1	NP_417801.1
NP_417804.1	NP_417805.4	NP_417806.1
NP_417808.1	YP_588468.1
NP_417809.1	NP_417810.1
NP_417811.1	NP_417812.1	NP_417813.1	NP_417814.1
NP_417816.1	NP_417817.2
NP_417818.1	YP_010283917.1	NP_417819.1	NP_417820.1	NP_417821.1
YP_026212.2	NP_417827.1	NP_417828.1
NP_417829.2	NP_417830.4	YP_026213.1	NP_417833.1
NP_417838.1	NP_417839.1
NP_417844.1	NP_417845.1
YP_026215.2	NP_417850.1
NP_417853.1	NP_417854.4
NP_417857.1	NP_417858.4	NP_417859.1	NP_417860.2
NP_417863.1	NP_417864.1
YP_026216.2	NP_417866.4
NP_417867.1	NP_417868.1	NP_417869.1	NP_417870.1
NP_417872.2	NP_417873.1	YP_026217.1
NP_417875.1	YP_026218.1
YP_026219.1	NP_417879.1
YP_026220.1	NP_417883.1
YP_009518819.1	NP_417886.1
NP_417888.1	NP_417889.1	NP_417890.1	YP_010051201.1
YP_010051202.1	NP_417891.1
YP_026221.1	NP_417894.2
YP_026222.1	NP_417896.1	NP_417897.1
NP_417898.1	NP_417899.1	NP_417901.1	NP_417902.1
NP_417906.1	NP_417907.2
NP_417909.1	NP_417910.1
NP_417913.1	NP_417914.1	NP_417915.1
NP_417919.1	NP_417920.1	NP_417921.1
NP_417922.1	NP_417923.1
NP_417925.1	NP_417926.1
NP_417928.1	NP_417929.4
NP_417938.1	YP_026224.1	NP_417940.2	NP_417941.1
NP_417942.6	YP_026225.1	NP_417944.1	YP_010051203.1
YP_010051204.1	YP_010051205.1
NP_417954.1	NP_417955.1
NP_417956.1	NP_417957.1
NP_417958.1	NP_417959.4	NP_417960.1
NP_417963.4	NP_417964.1
NP_417965.1	NP_417966.4	NP_417967.1
NP_417968.1	NP_417969.1	NP_417970.1	NP_417971.1
NP_417972.1	NP_417973.1	NP_417974.1
NP_417978.2	NP_417979.1	NP_417980.1
NP_417981.2	NP_417982.2
NP_417985.1	NP_417986.4	YP_026226.4
NP_417990.4	NP_417992.1
NP_417993.1	NP_417994.2	NP_417995.1
NP_417997.1	NP_417998.1	NP_417999.1
NP_418002.2	NP_418003.1	NP_418004.4
NP_418005.1	NP_418006.1
YP_026228.1	NP_418009.2
NP_418011.1	NP_418012.1	YP_010051206.1
NP_418014.1	NP_418015.1
NP_418016.1	NP_418017.1	YP_588469.1
NP_418019.4	NP_418020.2	NP_418021.1
NP_418023.1	NP_418024.1
NP_418025.1	NP_418026.1
YP_026230.1	YP_010051207.1
NP_418028.1	YP_026231.1
NP_418030.1	NP_418031.1
NP_418036.1	NP_418037.1
NP_418039.2	NP_418040.1
NP_418043.1	NP_418044.1
NP_418045.4	YP_026233.1
NP_418047.1	NP_418048.1
NP_418050.1	NP_418051.1	NP_418053.1	YP_009518821.1
NP_418054.1	NP_418055.1
NP_418056.1	NP_418057.1	NP_418058.1
NP_418060.1	NP_418061.1	NP_418062.1	NP_418063.1
NP_418064.1	NP_418065.1	NP_418066.1	NP_418067.1	NP_418068.1
NP_418069.1	NP_418070.6	NP_418071.4
NP_418072.1	NP_418073.1
NP_418074.1	NP_418075.2
NP_418077.1	NP_418078.1	NP_418079.1
YP_010051208.1	YP_010051209.1
NP_418083.1	NP_418084.1
NP_418085.2	NP_418086.1
NP_418090.1	NP_418091.1
NP_418094.1	NP_418095.4
NP_418096.4	NP_418097.2	NP_418098.4
NP_418099.1	YP_009518822.1
NP_418101.1	NP_418102.2	NP_418103.4
NP_418106.1	NP_418107.1	NP_418108.1	NP_418109.1
NP_418111.1	NP_418112.1
NP_418113.1	NP_418114.4
NP_418115.1	NP_418116.1
YP_010051211.1	NP_418117.1
NP_418118.2	NP_418119.2	NP_418120.2
NP_418122.1	NP_418123.2	NP_418124.4	NP_418125.1
NP_418127.1	NP_418128.1
NP_418130.1	NP_418131.1	NP_418132.1
NP_418134.1	NP_418135.1
YP_009518824.1	YP_009518825.1
NP_418140.4	NP_418141.2	NP_418142.1
NP_418146.4	YP_026237.1	YP_026238.1
NP_418148.1	YP_026239.1
NP_418152.1	NP_418153.4	YP_026241.1
NP_418155.1	NP_418156.1
YP_009518826.1	NP_418158.1
NP_418163.1	NP_418164.4
NP_418166.1	NP_418167.1
NP_418171.1	NP_418172.1	NP_418173.1
NP_418180.1	NP_418181.1
NP_418186.1	NP_418187.1	NP_418188.1
NP_418190.1	NP_418191.1	NP_418192.1	NP_418193.1
NP_418194.1	NP_418195.2
YP_026243.1	NP_418202.4
YP_026244.1	NP_418204.2
NP_418206.1	NP_418207.1	NP_418208.1
NP_418210.1	YP_026245.1	YP_026246.1
NP_418215.1	YP_002791259.1	NP_418217.1
YP_026247.1	YP_026248.1	NP_418220.1
YP_026252.1	NP_418227.1
NP_418228.2	YP_009518827.1
NP_418230.1	NP_418231.1
YP_026255.1	NP_418236.1
NP_418239.1	YP_026257.1	NP_418241.1
NP_418242.1	YP_026258.1
NP_418245.1	NP_418246.1	NP_418247.1	NP_418248.1	YP_026260.1
YP_588473.1	NP_418254.2
NP_418255.1	NP_418256.1	NP_418257.1	NP_418258.1
YP_010051213.1	NP_418260.1
NP_418262.2	YP_026262.1	NP_418264.4
NP_418265.1	YP_026263.3	YP_026264.1
YP_026266.1	YP_026267.1	NP_418271.1
NP_418278.1	NP_418279.1	NP_418280.4	YP_026270.1	NP_418282.1
NP_418285.1	NP_418286.1
YP_026272.1	NP_418288.1
NP_418289.1	NP_418290.4	YP_026273.1	NP_418292.1
NP_418293.2	NP_418294.1
NP_418295.1	NP_418296.1	NP_418297.1	NP_418298.4
NP_418300.1	YP_013606034.1
NP_418302.1	NP_418303.2
YP_002791260.1	NP_418304.1
NP_418305.1	NP_418306.1
YP_026274.1	NP_418308.1	NP_418309.1	NP_418310.1
NP_418311.1	YP_026275.1	NP_418313.4
NP_418314.1	NP_418315.3
NP_418316.4	NP_418317.1	NP_418318.1
NP_418319.2	NP_418320.2	NP_418321.4	NP_418322.1
NP_418324.1	NP_418325.4	NP_418326.2
NP_418327.1	NP_418328.1	NP_418329.1	NP_418330.1
NP_418331.1	NP_418332.1
NP_418333.1	NP_418334.1
NP_418337.1	NP_418338.1
NP_418341.1	NP_418342.2
NP_418344.3	NP_418345.2	NP_418346.2
NP_418347.1	NP_418348.1
NP_418350.1	NP_418351.1	NP_418352.1	NP_418353.1
NP_418354.1	NP_418355.1
NP_418356.1	NP_418357.1	NP_418358.1
NP_418359.1	NP_418360.1
NP_418361.1	NP_418362.1
NP_418367.1	NP_418368.1	NP_418369.1
NP_418372.1	NP_418373.1
NP_418374.1	NP_418375.1	NP_418376.1
NP_418379.1	NP_418380.4	NP_418381.1
NP_418384.1	NP_418385.1	NP_418386.1
NP_418389.1	NP_418390.1	NP_418391.1	NP_418392.1
NP_418393.1	NP_418394.3	NP_418395.1	NP_418396.1
NP_418398.3	NP_418399.1
NP_418401.1	NP_418402.2
NP_418403.1	NP_418404.1
NP_418409.1	NP_418410.1	NP_418411.1
NP_418415.1	NP_418416.1
NP_418420.4	NP_418421.1	NP_418422.1
NP_418426.2	NP_418427.1	NP_418428.1	NP_418429.1
NP_418431.1	NP_418432.1
NP_418433.1	NP_418434.1
NP_418437.1	NP_418438.1	NP_418439.1
NP_418441.1	NP_418442.2
NP_418443.1	NP_418444.1
NP_418447.1	NP_418448.1
NP_418450.1	NP_418451.4	NP_418452.1	NP_418453.1
NP_418456.1	NP_418457.1	NP_418458.1
NP_418459.1	NP_418460.1	NP_418461.1	NP_418463.4
NP_418466.1	NP_418467.1	NP_418468.3	NP_418469.1
NP_418471.1	NP_418472.1	NP_418473.3	NP_418474.4
NP_418476.1	NP_418477.1	NP_418478.1
NP_418479.1	NP_418480.1	NP_418481.1
NP_418487.1	NP_418488.1	NP_418489.1
NP_418490.1	NP_418491.1	NP_418492.1	NP_418493.1
NP_418494.1	NP_418495.2	NP_418496.1
NP_418500.1	NP_418501.1
YP_001165334.1	NP_418507.2	NP_418508.1
NP_418514.1	YP_026281.1
NP_418522.1	NP_418523.1
NP_418529.1	NP_418530.1	NP_418531.1	NP_418532.1
NP_418533.1	NP_418534.4	NP_418535.1	YP_004831120.1
NP_418536.1	NP_418537.1	NP_418538.2	NP_418539.1	NP_418540.1
NP_418543.1	NP_418544.2
NP_418545.1	NP_418546.1
NP_418547.1	NP_418548.1	NP_418549.1
NP_418550.1	NP_418551.1	NP_418552.1	YP_588474.1
NP_418553.1	NP_418554.1
NP_418555.1	NP_418556.1	NP_418557.1	NP_418558.2	NP_418559.1
NP_418560.1	NP_418561.1
NP_418566.1	NP_418567.1	NP_418568.2
NP_418569.1	NP_418570.1
NP_418571.1	YP_026283.1	YP_026284.1	NP_418572.4
NP_418573.1	NP_418574.1	NP_418575.1	NP_418576.1
NP_418579.2	NP_418580.2	NP_418581.1	NP_418582.1
NP_418583.1	NP_418584.1	NP_418585.4
NP_418586.4	YP_002791261.1
NP_418590.1	NP_418591.1
NP_418592.1	NP_418593.1
NP_418596.1	NP_418597.1
NP_418600.4	NP_418601.1
NP_418607.1	NP_418608.6
NP_418609.4	NP_418610.4
NP_418612.1	NP_418613.2
NP_418615.1	NP_418616.1	NP_418617.1	NP_418618.1
NP_418621.5	NP_418622.1	NP_418623.1	NP_418624.1
NP_418625.1	NP_418627.4
NP_418628.4	NP_418629.1
NP_418630.1	NP_418631.2	NP_418632.1
NP_418635.1	YP_026285.1
NP_418639.1	NP_418640.1
NP_418641.1	NP_418642.1	NP_418643.1	NP_418645.2
NP_418648.1	YP_026286.1	NP_418651.3	NP_418652.2
NP_418658.1	NP_418659.1	NP_418660.1	NP_418661.1
YP_003933616.1	NP_418663.1
NP_418667.1	NP_418669.1
NP_418672.4	NP_418673.4
NP_418679.1	NP_418680.1	NP_418681.1
YP_010283919.1	YP_010051214.1
NP_418682.1	NP_418683.4
NP_418684.1	NP_418685.1	NP_418686.1
NP_418687.1	NP_418688.1
NP_418692.2	NP_418693.1	NP_418697.1
NP_418699.4	NP_418700.2	YP_001491548.1
NP_418704.1	NP_418707.1	NP_418708.1
NP_418709.1	NP_418710.4	NP_418711.1
YP_010051215.1	NP_418714.1
NP_418718.4	NP_418719.1
NP_418722.1	NP_418723.1	NP_418724.1
NP_418725.4	NP_418726.1	NP_418727.1	YP_588477.1
NP_418729.1	NP_418730.4	NP_418731.2
NP_418732.1	NP_418733.1	NP_418734.1
NP_418738.1	NP_418739.1	NP_418740.1
NP_418742.1	NP_418743.1	NP_418744.1
YP_009518831.1	YP_009518832.1	NP_418746.4
NP_418747.1	NP_418748.1	NP_418749.1	NP_418750.2
NP_418752.1	NP_418753.3	YP_009518833.1	NP_418754.2	NP_418755.4	NP_418756.1
NP_418761.1	YP_009518834.1
NP_418765.1	NP_418766.4	YP_010051217.1	NP_418767.4	NP_418768.1	NP_418769.1	NP_418770.2
NP_418772.4	NP_418773.1	NP_418774.2
NP_418776.1	YP_026290.1
NP_418783.2	NP_418784.4
NP_418785.1	NP_418786.4
NP_418790.1	NP_418791.1	NP_418792.1
NP_418796.1	NP_418797.1
NP_418798.1	NP_418799.1
NP_418801.1	NP_418802.1
NP_418803.1	NP_418804.1
NP_418805.1	NP_418806.1	NP_418807.4
NP_418809.4	NP_418810.1
NP_418814.1	NP_418815.1	NP_418816.1	NP_418817.1
NP_418819.1	YP_010283921.1	NP_418820.1
